======================================================================
CP12 — DINOv2-Small Single-Block DFF Integration
======================================================================

Loading DINOv2-Small...
Model loaded.
Adapted transformer blocks: 12/12
All-block Q/V/Dense wrapper installation: PASS

Trainable model parameters:
  encoder.layer.0.attention.attention.query.adapter.Z_shared                       6
  encoder.layer.0.attention.attention.query.adapter.expert_bank.experts.0.q.A      384
  encoder.layer.0.attention.attention.query.adapter.expert_bank.experts.0.q.B      384
  encoder.layer.0.attention.attention.query.adapter.expert_bank.experts.0.v.A      384
  encoder.layer.0.attention.attention.query.adapter.expert_bank.experts.0.v.B      384
  encoder.layer.0.attention.attention.query.adapter.expert_bank.experts.0.dense.A  384
  encoder.layer.0.attention.attention.query.adapter.expert_bank.experts.0.dense.B  384
  encoder.layer.0.attention.attention.query.adapter.expert_bank.experts.1.q.A      384
  encoder.layer.0.attention.attention.query.adapter.expert_bank.experts.1.q.B      384
  encoder.layer.0.attention.attention.query.adapter.expert_bank.experts.1.v.A      384
  encoder.layer.0.attention.attention.query.adapter.expert_bank.experts.1.v.B      384
  encoder.layer.0.attention.attention.query.adapter.expert_bank.experts.1.dense.A  384
  encoder.layer.0.attention.attention.query.adapter.expert_bank.experts.1.dense.B  384
  encoder.layer.0.attention.attention.query.adapter.expert_bank.experts.2.q.A      384
  encoder.layer.0.attention.attention.query.adapter.expert_bank.experts.2.q.B      384
  encoder.layer.0.attention.attention.query.adapter.expert_bank.experts.2.v.A      384
  encoder.layer.0.attention.attention.query.adapter.expert_bank.experts.2.v.B      384
  encoder.layer.0.attention.attention.query.adapter.expert_bank.experts.2.dense.A  384
  encoder.layer.0.attention.attention.query.adapter.expert_bank.experts.2.dense.B  384
  encoder.layer.0.attention.attention.query.adapter.expert_bank.experts.3.q.A      384
  encoder.layer.0.attention.attention.query.adapter.expert_bank.experts.3.q.B      384
  encoder.layer.0.attention.attention.query.adapter.expert_bank.experts.3.v.A      384
  encoder.layer.0.attention.attention.query.adapter.expert_bank.experts.3.v.B      384
  encoder.layer.0.attention.attention.query.adapter.expert_bank.experts.3.dense.A  384
  encoder.layer.0.attention.attention.query.adapter.expert_bank.experts.3.dense.B  384
  encoder.layer.0.attention.attention.query.adapter.expert_bank.experts.4.q.A      384
  encoder.layer.0.attention.attention.query.adapter.expert_bank.experts.4.q.B      384
  encoder.layer.0.attention.attention.query.adapter.expert_bank.experts.4.v.A      384
  encoder.layer.0.attention.attention.query.adapter.expert_bank.experts.4.v.B      384
  encoder.layer.0.attention.attention.query.adapter.expert_bank.experts.4.dense.A  384
  encoder.layer.0.attention.attention.query.adapter.expert_bank.experts.4.dense.B  384
  encoder.layer.0.attention.attention.query.adapter.expert_bank.experts.5.q.A      384
  encoder.layer.0.attention.attention.query.adapter.expert_bank.experts.5.q.B      384
  encoder.layer.0.attention.attention.query.adapter.expert_bank.experts.5.v.A      384
  encoder.layer.0.attention.attention.query.adapter.expert_bank.experts.5.v.B      384
  encoder.layer.0.attention.attention.query.adapter.expert_bank.experts.5.dense.A  384
  encoder.layer.0.attention.attention.query.adapter.expert_bank.experts.5.dense.B  384
  encoder.layer.0.attention.attention.query.adapter.router.Z_task                  48

Total trainable model parameters: 13878
Total frozen model parameters: 22056576

Expected CP13 trainable parameter count:
LoRA expert bank      : 13824
Task router           : 48
Shared router         : 6
Expected total        : 13878
Trainable parameter count: PASS
Backbone frozen status: PASS

Device: cuda
train metadata index built: 1600 videos
val metadata index built: 200 videos

CP15 DataLoaders:
Train samples: 4000
Val samples: 500
Train batches: 2000
Val batches: 250

CP14 classifier heads:
Authenticity head: (1, 384)
Forgery-type head: (5, 384)
Classifier head dimensions: PASS

CP14 optimizer:
Trainable parameter tensors: 42
Learning rate: 0.0001
Shared expert bank: PASS
Shared task router: PASS
Shared Z_shared: PASS

Input:
pixel_values: (2, 3, 224, 224)

CP13 task-flag mechanism:
Task flag set to 0: 36/36 wrappers
Authenticity task flag (0): PASS
Task flag set to 1: 36/36 wrappers
Forgery-type task flag (1): PASS
Task flag set to 0: 36/36 wrappers

Forward output:
last_hidden_state: (2, 257, 384)
DINOv2 forward shape: PASS
Task flag set to 0: 36/36 wrappers
Task flag set to 1: 36/36 wrappers

CP14 dual-loss test:
CLS representation: (2, 384)
Authenticity logits: (2,)
Forgery-type logits: (2, 5)
BCE loss: 1.4810700416564941
FTC CE loss: 2.24025821685791
Combined loss: 3.7213282585144043
Dual-loss computation: PASS
Task flag set to 0: 36/36 wrappers

Backward completed.

Trainable parameter gradient audit:
  encoder.layer.0.attention.attention.query.adapter.Z_shared                       grad=False grad_abs_sum=None
  encoder.layer.0.attention.attention.query.adapter.expert_bank.experts.0.q.A      grad=False grad_abs_sum=None
  encoder.layer.0.attention.attention.query.adapter.expert_bank.experts.0.q.B      grad=False grad_abs_sum=None
  encoder.layer.0.attention.attention.query.adapter.expert_bank.experts.0.v.A      grad=False grad_abs_sum=None
  encoder.layer.0.attention.attention.query.adapter.expert_bank.experts.0.v.B      grad=False grad_abs_sum=None
  encoder.layer.0.attention.attention.query.adapter.expert_bank.experts.0.dense.A  grad=False grad_abs_sum=None
  encoder.layer.0.attention.attention.query.adapter.expert_bank.experts.0.dense.B  grad=False grad_abs_sum=None
  encoder.layer.0.attention.attention.query.adapter.expert_bank.experts.1.q.A      grad=False grad_abs_sum=None
  encoder.layer.0.attention.attention.query.adapter.expert_bank.experts.1.q.B      grad=False grad_abs_sum=None
  encoder.layer.0.attention.attention.query.adapter.expert_bank.experts.1.v.A      grad=False grad_abs_sum=None
  encoder.layer.0.attention.attention.query.adapter.expert_bank.experts.1.v.B      grad=False grad_abs_sum=None
  encoder.layer.0.attention.attention.query.adapter.expert_bank.experts.1.dense.A  grad=False grad_abs_sum=None
  encoder.layer.0.attention.attention.query.adapter.expert_bank.experts.1.dense.B  grad=False grad_abs_sum=None
  encoder.layer.0.attention.attention.query.adapter.expert_bank.experts.2.q.A      grad=False grad_abs_sum=None
  encoder.layer.0.attention.attention.query.adapter.expert_bank.experts.2.q.B      grad=False grad_abs_sum=None
  encoder.layer.0.attention.attention.query.adapter.expert_bank.experts.2.v.A      grad=False grad_abs_sum=None
  encoder.layer.0.attention.attention.query.adapter.expert_bank.experts.2.v.B      grad=False grad_abs_sum=None
  encoder.layer.0.attention.attention.query.adapter.expert_bank.experts.2.dense.A  grad=False grad_abs_sum=None
  encoder.layer.0.attention.attention.query.adapter.expert_bank.experts.2.dense.B  grad=False grad_abs_sum=None
  encoder.layer.0.attention.attention.query.adapter.expert_bank.experts.3.q.A      grad=False grad_abs_sum=None
  encoder.layer.0.attention.attention.query.adapter.expert_bank.experts.3.q.B      grad=False grad_abs_sum=None
  encoder.layer.0.attention.attention.query.adapter.expert_bank.experts.3.v.A      grad=False grad_abs_sum=None
  encoder.layer.0.attention.attention.query.adapter.expert_bank.experts.3.v.B      grad=False grad_abs_sum=None
  encoder.layer.0.attention.attention.query.adapter.expert_bank.experts.3.dense.A  grad=False grad_abs_sum=None
  encoder.layer.0.attention.attention.query.adapter.expert_bank.experts.3.dense.B  grad=False grad_abs_sum=None
  encoder.layer.0.attention.attention.query.adapter.expert_bank.experts.4.q.A      grad=False grad_abs_sum=None
  encoder.layer.0.attention.attention.query.adapter.expert_bank.experts.4.q.B      grad=False grad_abs_sum=None
  encoder.layer.0.attention.attention.query.adapter.expert_bank.experts.4.v.A      grad=False grad_abs_sum=None
  encoder.layer.0.attention.attention.query.adapter.expert_bank.experts.4.v.B      grad=False grad_abs_sum=None
  encoder.layer.0.attention.attention.query.adapter.expert_bank.experts.4.dense.A  grad=False grad_abs_sum=None
  encoder.layer.0.attention.attention.query.adapter.expert_bank.experts.4.dense.B  grad=False grad_abs_sum=None
  encoder.layer.0.attention.attention.query.adapter.expert_bank.experts.5.q.A      grad=False grad_abs_sum=None
  encoder.layer.0.attention.attention.query.adapter.expert_bank.experts.5.q.B      grad=False grad_abs_sum=None
  encoder.layer.0.attention.attention.query.adapter.expert_bank.experts.5.v.A      grad=False grad_abs_sum=None
  encoder.layer.0.attention.attention.query.adapter.expert_bank.experts.5.v.B      grad=False grad_abs_sum=None
  encoder.layer.0.attention.attention.query.adapter.expert_bank.experts.5.dense.A  grad=False grad_abs_sum=None
  encoder.layer.0.attention.attention.query.adapter.expert_bank.experts.5.dense.B  grad=False grad_abs_sum=None
  encoder.layer.0.attention.attention.query.adapter.router.Z_task                  grad=False grad_abs_sum=None
CP14 note: some adapter parameters have no gradient from the current single combined test graph.

Frozen backbone gradient audit:
Frozen parameters with gradients: 0
Frozen DINOv2 gradients: PASS

Q integration: PASS
V integration: PASS
Dense integration: PASS

======================================================================
CP12 COMPLETE
======================================================================
Real DINOv2-Small block       : PASS
Q/V/Dense adapter integration : PASS
Forward shape                 : PASS
Backward pass                 : PASS
Adapter gradients             : PASS
Frozen DINOv2 gradients       : PASS
Shared expert bank            : PASS
Shared task router            : PASS
Shared Z_shared               : PASS
======================================================================
Resuming CP16 from epoch 4 after completed epoch 3 | global step 6000 | best AUC 0.762900

CP16 training:
Task flag set to 0: 36/36 wrappers
Task flag set to 1: 36/36 wrappers
Epoch 4/5 | Batch 1/2000 | Step 6001 | BCE 1.188179 | FTC 1.715812 | Total 2.903991
Task flag set to 0: 36/36 wrappers
Task flag set to 1: 36/36 wrappers
Epoch 4/5 | Batch 2/2000 | Step 6002 | BCE 0.918297 | FTC 1.787267 | Total 2.705564
Task flag set to 0: 36/36 wrappers
Task flag set to 1: 36/36 wrappers
Epoch 4/5 | Batch 3/2000 | Step 6003 | BCE 0.294803 | FTC 1.662124 | Total 1.956927
Task flag set to 0: 36/36 wrappers
Task flag set to 1: 36/36 wrappers
Epoch 4/5 | Batch 4/2000 | Step 6004 | BCE 0.438830 | FTC 1.232035 | Total 1.670865
Task flag set to 0: 36/36 wrappers
Task flag set to 1: 36/36 wrappers
Epoch 4/5 | Batch 5/2000 | Step 6005 | BCE 0.107365 | FTC 1.499311 | Total 1.606677
Task flag set to 0: 36/36 wrappers
Task flag set to 1: 36/36 wrappers
Epoch 4/5 | Batch 6/2000 | Step 6006 | BCE 0.096555 | FTC 1.580126 | Total 1.676682
Task flag set to 0: 36/36 wrappers
Task flag set to 1: 36/36 wrappers
Epoch 4/5 | Batch 7/2000 | Step 6007 | BCE 0.100984 | FTC 1.347033 | Total 1.448017
Task flag set to 0: 36/36 wrappers
Task flag set to 1: 36/36 wrappers
Epoch 4/5 | Batch 8/2000 | Step 6008 | BCE 1.184413 | FTC 1.482183 | Total 2.666596
Task flag set to 0: 36/36 wrappers
Task flag set to 1: 36/36 wrappers
Epoch 4/5 | Batch 9/2000 | Step 6009 | BCE 0.838093 | FTC 1.760593 | Total 2.598686
Task flag set to 0: 36/36 wrappers
Task flag set to 1: 36/36 wrappers
Epoch 4/5 | Batch 10/2000 | Step 6010 | BCE 0.525957 | FTC 1.473350 | Total 1.999306
Task flag set to 0: 36/36 wrappers
Task flag set to 1: 36/36 wrappers
Epoch 4/5 | Batch 11/2000 | Step 6011 | BCE 0.140203 | FTC 1.749852 | Total 1.890055
Task flag set to 0: 36/36 wrappers
Task flag set to 1: 36/36 wrappers
Epoch 4/5 | Batch 12/2000 | Step 6012 | BCE 0.095613 | FTC 1.584219 | Total 1.679832
Task flag set to 0: 36/36 wrappers
Task flag set to 1: 36/36 wrappers
Epoch 4/5 | Batch 13/2000 | Step 6013 | BCE 0.139491 | FTC 1.454975 | Total 1.594466
Task flag set to 0: 36/36 wrappers
Task flag set to 1: 36/36 wrappers
Epoch 4/5 | Batch 14/2000 | Step 6014 | BCE 0.329692 | FTC 1.715569 | Total 2.045260
Task flag set to 0: 36/36 wrappers
Task flag set to 1: 36/36 wrappers
Epoch 4/5 | Batch 15/2000 | Step 6015 | BCE 0.052621 | FTC 1.471474 | Total 1.524095
Task flag set to 0: 36/36 wrappers
Task flag set to 1: 36/36 wrappers
Epoch 4/5 | Batch 16/2000 | Step 6016 | BCE 0.341295 | FTC 1.594177 | Total 1.935472
Task flag set to 0: 36/36 wrappers
Task flag set to 1: 36/36 wrappers
Epoch 4/5 | Batch 17/2000 | Step 6017 | BCE 0.930709 | FTC 1.861145 | Total 2.791854
Task flag set to 0: 36/36 wrappers
Task flag set to 1: 36/36 wrappers
Epoch 4/5 | Batch 18/2000 | Step 6018 | BCE 0.059373 | FTC 1.592015 | Total 1.651388
Task flag set to 0: 36/36 wrappers
Task flag set to 1: 36/36 wrappers
Epoch 4/5 | Batch 19/2000 | Step 6019 | BCE 0.061444 | FTC 1.823282 | Total 1.884726
Task flag set to 0: 36/36 wrappers
Task flag set to 1: 36/36 wrappers
Epoch 4/5 | Batch 20/2000 | Step 6020 | BCE 0.872395 | FTC 1.394476 | Total 2.266871
Task flag set to 0: 36/36 wrappers
Task flag set to 1: 36/36 wrappers
Epoch 4/5 | Batch 21/2000 | Step 6021 | BCE 0.168609 | FTC 1.495732 | Total 1.664341
Task flag set to 0: 36/36 wrappers
Task flag set to 1: 36/36 wrappers
Epoch 4/5 | Batch 22/2000 | Step 6022 | BCE 0.115434 | FTC 1.568218 | Total 1.683653
Task flag set to 0: 36/36 wrappers
Task flag set to 1: 36/36 wrappers
Epoch 4/5 | Batch 23/2000 | Step 6023 | BCE 0.178079 | FTC 1.346008 | Total 1.524086
Task flag set to 0: 36/36 wrappers
Task flag set to 1: 36/36 wrappers
Epoch 4/5 | Batch 24/2000 | Step 6024 | BCE 0.233039 | FTC 1.613865 | Total 1.846904
Task flag set to 0: 36/36 wrappers
Task flag set to 1: 36/36 wrappers
Epoch 4/5 | Batch 25/2000 | Step 6025 | BCE 0.416337 | FTC 1.673104 | Total 2.089440
Task flag set to 0: 36/36 wrappers
Task flag set to 1: 36/36 wrappers
Epoch 4/5 | Batch 26/2000 | Step 6026 | BCE 0.716736 | FTC 1.786645 | Total 2.503382
Task flag set to 0: 36/36 wrappers
Task flag set to 1: 36/36 wrappers
Epoch 4/5 | Batch 27/2000 | Step 6027 | BCE 0.220583 | FTC 1.450668 | Total 1.671251
Task flag set to 0: 36/36 wrappers
Task flag set to 1: 36/36 wrappers
Epoch 4/5 | Batch 28/2000 | Step 6028 | BCE 0.195660 | FTC 1.836515 | Total 2.032175
Task flag set to 0: 36/36 wrappers
Task flag set to 1: 36/36 wrappers
Epoch 4/5 | Batch 29/2000 | Step 6029 | BCE 0.083486 | FTC 1.417085 | Total 1.500571
Task flag set to 0: 36/36 wrappers
Task flag set to 1: 36/36 wrappers
Epoch 4/5 | Batch 30/2000 | Step 6030 | BCE 0.197358 | FTC 1.544848 | Total 1.742205
Task flag set to 0: 36/36 wrappers
Task flag set to 1: 36/36 wrappers
Epoch 4/5 | Batch 31/2000 | Step 6031 | BCE 0.304604 | FTC 1.937728 | Total 2.242332
Task flag set to 0: 36/36 wrappers
Task flag set to 1: 36/36 wrappers
Epoch 4/5 | Batch 32/2000 | Step 6032 | BCE 0.155815 | FTC 1.532436 | Total 1.688251
Task flag set to 0: 36/36 wrappers
Task flag set to 1: 36/36 wrappers
Epoch 4/5 | Batch 33/2000 | Step 6033 | BCE 0.742424 | FTC 1.157127 | Total 1.899552
Task flag set to 0: 36/36 wrappers
Task flag set to 1: 36/36 wrappers
Epoch 4/5 | Batch 34/2000 | Step 6034 | BCE 0.037051 | FTC 1.313020 | Total 1.350070
Task flag set to 0: 36/36 wrappers
Task flag set to 1: 36/36 wrappers
Epoch 4/5 | Batch 35/2000 | Step 6035 | BCE 0.086748 | FTC 1.307872 | Total 1.394620
Task flag set to 0: 36/36 wrappers
Task flag set to 1: 36/36 wrappers
Epoch 4/5 | Batch 36/2000 | Step 6036 | BCE 0.508633 | FTC 1.503863 | Total 2.012497
Task flag set to 0: 36/36 wrappers
Task flag set to 1: 36/36 wrappers
Epoch 4/5 | Batch 37/2000 | Step 6037 | BCE 0.055210 | FTC 1.624862 | Total 1.680072
Task flag set to 0: 36/36 wrappers
Task flag set to 1: 36/36 wrappers
Epoch 4/5 | Batch 38/2000 | Step 6038 | BCE 0.064155 | FTC 1.403991 | Total 1.468146
Task flag set to 0: 36/36 wrappers
Task flag set to 1: 36/36 wrappers
Epoch 4/5 | Batch 39/2000 | Step 6039 | BCE 0.085669 | FTC 1.511816 | Total 1.597485
Task flag set to 0: 36/36 wrappers
Task flag set to 1: 36/36 wrappers
Epoch 4/5 | Batch 40/2000 | Step 6040 | BCE 0.127951 | FTC 1.849268 | Total 1.977219
Task flag set to 0: 36/36 wrappers
Task flag set to 1: 36/36 wrappers
Epoch 4/5 | Batch 41/2000 | Step 6041 | BCE 0.081267 | FTC 1.977712 | Total 2.058979
Task flag set to 0: 36/36 wrappers
Task flag set to 1: 36/36 wrappers
Epoch 4/5 | Batch 42/2000 | Step 6042 | BCE 0.018514 | FTC 1.729694 | Total 1.748209
Task flag set to 0: 36/36 wrappers
Task flag set to 1: 36/36 wrappers
Epoch 4/5 | Batch 43/2000 | Step 6043 | BCE 0.085238 | FTC 1.352138 | Total 1.437376
Task flag set to 0: 36/36 wrappers
Task flag set to 1: 36/36 wrappers
Epoch 4/5 | Batch 44/2000 | Step 6044 | BCE 0.037370 | FTC 1.322659 | Total 1.360029
Task flag set to 0: 36/36 wrappers
Task flag set to 1: 36/36 wrappers
Epoch 4/5 | Batch 45/2000 | Step 6045 | BCE 0.087748 | FTC 1.420240 | Total 1.507987
Task flag set to 0: 36/36 wrappers
Task flag set to 1: 36/36 wrappers
Epoch 4/5 | Batch 46/2000 | Step 6046 | BCE 0.743290 | FTC 1.353812 | Total 2.097102
Task flag set to 0: 36/36 wrappers
Task flag set to 1: 36/36 wrappers
Epoch 4/5 | Batch 47/2000 | Step 6047 | BCE 1.006670 | FTC 1.748688 | Total 2.755358
Task flag set to 0: 36/36 wrappers
Task flag set to 1: 36/36 wrappers
Epoch 4/5 | Batch 48/2000 | Step 6048 | BCE 0.022598 | FTC 1.514072 | Total 1.536670
Task flag set to 0: 36/36 wrappers
Task flag set to 1: 36/36 wrappers
Epoch 4/5 | Batch 49/2000 | Step 6049 | BCE 0.084400 | FTC 1.624248 | Total 1.708647
Task flag set to 0: 36/36 wrappers
Task flag set to 1: 36/36 wrappers
Epoch 4/5 | Batch 50/2000 | Step 6050 | BCE 0.112915 | FTC 1.617192 | Total 1.730107
Task flag set to 0: 36/36 wrappers
Task flag set to 1: 36/36 wrappers
Epoch 4/5 | Batch 51/2000 | Step 6051 | BCE 0.079402 | FTC 1.632156 | Total 1.711558
Task flag set to 0: 36/36 wrappers
Task flag set to 1: 36/36 wrappers
Epoch 4/5 | Batch 52/2000 | Step 6052 | BCE 0.962326 | FTC 1.912415 | Total 2.874741
Task flag set to 0: 36/36 wrappers
Task flag set to 1: 36/36 wrappers
Epoch 4/5 | Batch 53/2000 | Step 6053 | BCE 0.739443 | FTC 1.768620 | Total 2.508063
Task flag set to 0: 36/36 wrappers
Task flag set to 1: 36/36 wrappers
Epoch 4/5 | Batch 54/2000 | Step 6054 | BCE 0.883829 | FTC 1.861242 | Total 2.745071
Task flag set to 0: 36/36 wrappers
Task flag set to 1: 36/36 wrappers
Epoch 4/5 | Batch 55/2000 | Step 6055 | BCE 0.060240 | FTC 1.329793 | Total 1.390033
Task flag set to 0: 36/36 wrappers
Task flag set to 1: 36/36 wrappers
Epoch 4/5 | Batch 56/2000 | Step 6056 | BCE 1.164341 | FTC 1.559524 | Total 2.723865
Task flag set to 0: 36/36 wrappers
Task flag set to 1: 36/36 wrappers
Epoch 4/5 | Batch 57/2000 | Step 6057 | BCE 0.272737 | FTC 1.691401 | Total 1.964138
Task flag set to 0: 36/36 wrappers
Task flag set to 1: 36/36 wrappers
Epoch 4/5 | Batch 58/2000 | Step 6058 | BCE 0.168824 | FTC 1.506693 | Total 1.675517
Task flag set to 0: 36/36 wrappers
Task flag set to 1: 36/36 wrappers
Epoch 4/5 | Batch 59/2000 | Step 6059 | BCE 0.116874 | FTC 1.744743 | Total 1.861617
Task flag set to 0: 36/36 wrappers
Task flag set to 1: 36/36 wrappers
Epoch 4/5 | Batch 60/2000 | Step 6060 | BCE 0.705945 | FTC 1.399515 | Total 2.105460
Task flag set to 0: 36/36 wrappers
Task flag set to 1: 36/36 wrappers
Epoch 4/5 | Batch 61/2000 | Step 6061 | BCE 0.354251 | FTC 1.440614 | Total 1.794865
Task flag set to 0: 36/36 wrappers
Task flag set to 1: 36/36 wrappers
Epoch 4/5 | Batch 62/2000 | Step 6062 | BCE 0.131326 | FTC 1.330321 | Total 1.461647
Task flag set to 0: 36/36 wrappers
Task flag set to 1: 36/36 wrappers
Epoch 4/5 | Batch 63/2000 | Step 6063 | BCE 0.078385 | FTC 1.518094 | Total 1.596479
Task flag set to 0: 36/36 wrappers
Task flag set to 1: 36/36 wrappers
Epoch 4/5 | Batch 64/2000 | Step 6064 | BCE 0.317589 | FTC 1.980869 | Total 2.298458
Task flag set to 0: 36/36 wrappers
Task flag set to 1: 36/36 wrappers
Epoch 4/5 | Batch 65/2000 | Step 6065 | BCE 0.494496 | FTC 0.949729 | Total 1.444225
Task flag set to 0: 36/36 wrappers
Task flag set to 1: 36/36 wrappers
Epoch 4/5 | Batch 66/2000 | Step 6066 | BCE 0.810964 | FTC 1.512717 | Total 2.323681
Task flag set to 0: 36/36 wrappers
Task flag set to 1: 36/36 wrappers
Epoch 4/5 | Batch 67/2000 | Step 6067 | BCE 0.704361 | FTC 1.306656 | Total 2.011018
Task flag set to 0: 36/36 wrappers
Task flag set to 1: 36/36 wrappers
Epoch 4/5 | Batch 68/2000 | Step 6068 | BCE 0.728361 | FTC 1.601520 | Total 2.329881
Task flag set to 0: 36/36 wrappers
Task flag set to 1: 36/36 wrappers
Epoch 4/5 | Batch 69/2000 | Step 6069 | BCE 0.011507 | FTC 2.044814 | Total 2.056322
Task flag set to 0: 36/36 wrappers
Task flag set to 1: 36/36 wrappers
Epoch 4/5 | Batch 70/2000 | Step 6070 | BCE 0.272881 | FTC 1.470018 | Total 1.742899
Task flag set to 0: 36/36 wrappers
Task flag set to 1: 36/36 wrappers
Epoch 4/5 | Batch 71/2000 | Step 6071 | BCE 0.547495 | FTC 1.054088 | Total 1.601583
Task flag set to 0: 36/36 wrappers
Task flag set to 1: 36/36 wrappers
Epoch 4/5 | Batch 72/2000 | Step 6072 | BCE 0.522333 | FTC 1.444578 | Total 1.966911
Task flag set to 0: 36/36 wrappers
Task flag set to 1: 36/36 wrappers
Epoch 4/5 | Batch 73/2000 | Step 6073 | BCE 0.254541 | FTC 1.532447 | Total 1.786988
Task flag set to 0: 36/36 wrappers
Task flag set to 1: 36/36 wrappers
Epoch 4/5 | Batch 74/2000 | Step 6074 | BCE 0.105417 | FTC 1.664802 | Total 1.770220
Task flag set to 0: 36/36 wrappers
Task flag set to 1: 36/36 wrappers
Epoch 4/5 | Batch 75/2000 | Step 6075 | BCE 0.252718 | FTC 1.458719 | Total 1.711437
Task flag set to 0: 36/36 wrappers
Task flag set to 1: 36/36 wrappers
Epoch 4/5 | Batch 76/2000 | Step 6076 | BCE 0.411452 | FTC 1.669523 | Total 2.080975
Task flag set to 0: 36/36 wrappers
Task flag set to 1: 36/36 wrappers
Epoch 4/5 | Batch 77/2000 | Step 6077 | BCE 0.129082 | FTC 1.892845 | Total 2.021927
Task flag set to 0: 36/36 wrappers
Task flag set to 1: 36/36 wrappers
Epoch 4/5 | Batch 78/2000 | Step 6078 | BCE 0.058385 | FTC 1.322409 | Total 1.380794
Task flag set to 0: 36/36 wrappers
Task flag set to 1: 36/36 wrappers
Epoch 4/5 | Batch 79/2000 | Step 6079 | BCE 0.114407 | FTC 1.668229 | Total 1.782635
Task flag set to 0: 36/36 wrappers
Task flag set to 1: 36/36 wrappers
Epoch 4/5 | Batch 80/2000 | Step 6080 | BCE 0.274856 | FTC 1.818948 | Total 2.093804
Task flag set to 0: 36/36 wrappers
Task flag set to 1: 36/36 wrappers
Epoch 4/5 | Batch 81/2000 | Step 6081 | BCE 0.081168 | FTC 2.400454 | Total 2.481621
Task flag set to 0: 36/36 wrappers
Task flag set to 1: 36/36 wrappers
Epoch 4/5 | Batch 82/2000 | Step 6082 | BCE 0.089127 | FTC 1.887907 | Total 1.977034
Task flag set to 0: 36/36 wrappers
Task flag set to 1: 36/36 wrappers
Epoch 4/5 | Batch 83/2000 | Step 6083 | BCE 0.311650 | FTC 2.014295 | Total 2.325946
Task flag set to 0: 36/36 wrappers
Task flag set to 1: 36/36 wrappers
Epoch 4/5 | Batch 84/2000 | Step 6084 | BCE 0.191013 | FTC 1.031338 | Total 1.222351
Task flag set to 0: 36/36 wrappers
Task flag set to 1: 36/36 wrappers
Epoch 4/5 | Batch 85/2000 | Step 6085 | BCE 0.774720 | FTC 1.449562 | Total 2.224283
Task flag set to 0: 36/36 wrappers
Task flag set to 1: 36/36 wrappers
Epoch 4/5 | Batch 86/2000 | Step 6086 | BCE 0.055045 | FTC 1.819750 | Total 1.874795
Task flag set to 0: 36/36 wrappers
Task flag set to 1: 36/36 wrappers
Epoch 4/5 | Batch 87/2000 | Step 6087 | BCE 0.082313 | FTC 1.375091 | Total 1.457404
Task flag set to 0: 36/36 wrappers
Task flag set to 1: 36/36 wrappers
Epoch 4/5 | Batch 88/2000 | Step 6088 | BCE 1.054383 | FTC 1.989595 | Total 3.043978
Task flag set to 0: 36/36 wrappers
Task flag set to 1: 36/36 wrappers
Epoch 4/5 | Batch 89/2000 | Step 6089 | BCE 0.071003 | FTC 1.354809 | Total 1.425812
Task flag set to 0: 36/36 wrappers
Task flag set to 1: 36/36 wrappers
Epoch 4/5 | Batch 90/2000 | Step 6090 | BCE 0.060369 | FTC 1.430268 | Total 1.490636
Task flag set to 0: 36/36 wrappers
Task flag set to 1: 36/36 wrappers
Epoch 4/5 | Batch 91/2000 | Step 6091 | BCE 0.198439 | FTC 1.747149 | Total 1.945587
Task flag set to 0: 36/36 wrappers
Task flag set to 1: 36/36 wrappers
Epoch 4/5 | Batch 92/2000 | Step 6092 | BCE 1.029299 | FTC 2.006875 | Total 3.036174
Task flag set to 0: 36/36 wrappers
Task flag set to 1: 36/36 wrappers
Epoch 4/5 | Batch 93/2000 | Step 6093 | BCE 1.898357 | FTC 1.798189 | Total 3.696546
Task flag set to 0: 36/36 wrappers
Task flag set to 1: 36/36 wrappers
Epoch 4/5 | Batch 94/2000 | Step 6094 | BCE 0.124751 | FTC 1.385861 | Total 1.510612
Task flag set to 0: 36/36 wrappers
Task flag set to 1: 36/36 wrappers
Epoch 4/5 | Batch 95/2000 | Step 6095 | BCE 0.051942 | FTC 1.784517 | Total 1.836459
Task flag set to 0: 36/36 wrappers
Task flag set to 1: 36/36 wrappers
Epoch 4/5 | Batch 96/2000 | Step 6096 | BCE 0.831154 | FTC 1.208996 | Total 2.040150
Task flag set to 0: 36/36 wrappers
Task flag set to 1: 36/36 wrappers
Epoch 4/5 | Batch 97/2000 | Step 6097 | BCE 0.874847 | FTC 1.685489 | Total 2.560337
Task flag set to 0: 36/36 wrappers
Task flag set to 1: 36/36 wrappers
Epoch 4/5 | Batch 98/2000 | Step 6098 | BCE 0.118663 | FTC 1.832203 | Total 1.950865
Task flag set to 0: 36/36 wrappers
Task flag set to 1: 36/36 wrappers
Epoch 4/5 | Batch 99/2000 | Step 6099 | BCE 0.110972 | FTC 1.575294 | Total 1.686266
Task flag set to 0: 36/36 wrappers
Task flag set to 1: 36/36 wrappers
Epoch 4/5 | Batch 100/2000 | Step 6100 | BCE 0.902964 | FTC 1.681524 | Total 2.584487
Task flag set to 0: 36/36 wrappers
Task flag set to 1: 36/36 wrappers
Epoch 4/5 | Batch 101/2000 | Step 6101 | BCE 0.344436 | FTC 2.004618 | Total 2.349054
Task flag set to 0: 36/36 wrappers
Task flag set to 1: 36/36 wrappers
Epoch 4/5 | Batch 102/2000 | Step 6102 | BCE 0.109338 | FTC 1.528685 | Total 1.638024
Task flag set to 0: 36/36 wrappers
Task flag set to 1: 36/36 wrappers
Epoch 4/5 | Batch 103/2000 | Step 6103 | BCE 1.515328 | FTC 2.341576 | Total 3.856904
Task flag set to 0: 36/36 wrappers
Task flag set to 1: 36/36 wrappers
Epoch 4/5 | Batch 104/2000 | Step 6104 | BCE 0.173131 | FTC 1.167292 | Total 1.340424
Task flag set to 0: 36/36 wrappers
Task flag set to 1: 36/36 wrappers
Epoch 4/5 | Batch 105/2000 | Step 6105 | BCE 0.089705 | FTC 1.919918 | Total 2.009623
Task flag set to 0: 36/36 wrappers
Task flag set to 1: 36/36 wrappers
Epoch 4/5 | Batch 106/2000 | Step 6106 | BCE 0.841175 | FTC 1.507980 | Total 2.349155
Task flag set to 0: 36/36 wrappers
Task flag set to 1: 36/36 wrappers
Epoch 4/5 | Batch 107/2000 | Step 6107 | BCE 0.204799 | FTC 1.844567 | Total 2.049366
Task flag set to 0: 36/36 wrappers
Task flag set to 1: 36/36 wrappers
Epoch 4/5 | Batch 108/2000 | Step 6108 | BCE 0.054492 | FTC 1.589061 | Total 1.643553
Task flag set to 0: 36/36 wrappers
Task flag set to 1: 36/36 wrappers
Epoch 4/5 | Batch 109/2000 | Step 6109 | BCE 0.216018 | FTC 1.397267 | Total 1.613285
Task flag set to 0: 36/36 wrappers
Task flag set to 1: 36/36 wrappers
Epoch 4/5 | Batch 110/2000 | Step 6110 | BCE 0.060834 | FTC 1.562470 | Total 1.623303
Task flag set to 0: 36/36 wrappers
Task flag set to 1: 36/36 wrappers
Epoch 4/5 | Batch 111/2000 | Step 6111 | BCE 0.576290 | FTC 1.344850 | Total 1.921140
Task flag set to 0: 36/36 wrappers
Task flag set to 1: 36/36 wrappers
Epoch 4/5 | Batch 112/2000 | Step 6112 | BCE 0.701336 | FTC 1.315733 | Total 2.017069
Task flag set to 0: 36/36 wrappers
Task flag set to 1: 36/36 wrappers
Epoch 4/5 | Batch 113/2000 | Step 6113 | BCE 0.210942 | FTC 1.896455 | Total 2.107397
Task flag set to 0: 36/36 wrappers
Task flag set to 1: 36/36 wrappers
Epoch 4/5 | Batch 114/2000 | Step 6114 | BCE 0.080615 | FTC 1.396941 | Total 1.477556
Task flag set to 0: 36/36 wrappers
Task flag set to 1: 36/36 wrappers
Epoch 4/5 | Batch 115/2000 | Step 6115 | BCE 0.056226 | FTC 1.373280 | Total 1.429506
Task flag set to 0: 36/36 wrappers
Task flag set to 1: 36/36 wrappers
Epoch 4/5 | Batch 116/2000 | Step 6116 | BCE 0.267819 | FTC 1.434592 | Total 1.702411
Task flag set to 0: 36/36 wrappers
Task flag set to 1: 36/36 wrappers
Epoch 4/5 | Batch 117/2000 | Step 6117 | BCE 0.144647 | FTC 1.628672 | Total 1.773319
Task flag set to 0: 36/36 wrappers
Task flag set to 1: 36/36 wrappers
Epoch 4/5 | Batch 118/2000 | Step 6118 | BCE 0.263031 | FTC 1.474282 | Total 1.737313
Task flag set to 0: 36/36 wrappers
Task flag set to 1: 36/36 wrappers
Epoch 4/5 | Batch 119/2000 | Step 6119 | BCE 0.101386 | FTC 1.194441 | Total 1.295827
Task flag set to 0: 36/36 wrappers
Task flag set to 1: 36/36 wrappers
Epoch 4/5 | Batch 120/2000 | Step 6120 | BCE 0.180103 | FTC 1.607433 | Total 1.787536
Task flag set to 0: 36/36 wrappers
Task flag set to 1: 36/36 wrappers
Epoch 4/5 | Batch 121/2000 | Step 6121 | BCE 0.801454 | FTC 0.822933 | Total 1.624388
Task flag set to 0: 36/36 wrappers
Task flag set to 1: 36/36 wrappers
Epoch 4/5 | Batch 122/2000 | Step 6122 | BCE 0.159764 | FTC 1.660692 | Total 1.820456
Task flag set to 0: 36/36 wrappers
Task flag set to 1: 36/36 wrappers
Epoch 4/5 | Batch 123/2000 | Step 6123 | BCE 0.161444 | FTC 1.884432 | Total 2.045875
Task flag set to 0: 36/36 wrappers
Task flag set to 1: 36/36 wrappers
Epoch 4/5 | Batch 124/2000 | Step 6124 | BCE 0.164895 | FTC 1.776189 | Total 1.941084
Task flag set to 0: 36/36 wrappers
Task flag set to 1: 36/36 wrappers
Epoch 4/5 | Batch 125/2000 | Step 6125 | BCE 0.094406 | FTC 1.381629 | Total 1.476035
Task flag set to 0: 36/36 wrappers
Task flag set to 1: 36/36 wrappers
Epoch 4/5 | Batch 126/2000 | Step 6126 | BCE 0.881766 | FTC 1.899332 | Total 2.781098
Task flag set to 0: 36/36 wrappers
Task flag set to 1: 36/36 wrappers
Epoch 4/5 | Batch 127/2000 | Step 6127 | BCE 0.153943 | FTC 1.586166 | Total 1.740109
Task flag set to 0: 36/36 wrappers
Task flag set to 1: 36/36 wrappers
Epoch 4/5 | Batch 128/2000 | Step 6128 | BCE 0.113206 | FTC 1.733360 | Total 1.846566
Task flag set to 0: 36/36 wrappers
Task flag set to 1: 36/36 wrappers
Epoch 4/5 | Batch 129/2000 | Step 6129 | BCE 0.036282 | FTC 1.639868 | Total 1.676150
Task flag set to 0: 36/36 wrappers
Task flag set to 1: 36/36 wrappers
Epoch 4/5 | Batch 130/2000 | Step 6130 | BCE 0.167426 | FTC 1.566193 | Total 1.733619
Task flag set to 0: 36/36 wrappers
Task flag set to 1: 36/36 wrappers
Epoch 4/5 | Batch 131/2000 | Step 6131 | BCE 1.019059 | FTC 1.511332 | Total 2.530391
Task flag set to 0: 36/36 wrappers
Task flag set to 1: 36/36 wrappers
Epoch 4/5 | Batch 132/2000 | Step 6132 | BCE 0.704705 | FTC 1.786413 | Total 2.491118
Task flag set to 0: 36/36 wrappers
Task flag set to 1: 36/36 wrappers
Epoch 4/5 | Batch 133/2000 | Step 6133 | BCE 0.071317 | FTC 1.045256 | Total 1.116573
Task flag set to 0: 36/36 wrappers
Task flag set to 1: 36/36 wrappers
Epoch 4/5 | Batch 134/2000 | Step 6134 | BCE 0.255331 | FTC 1.445249 | Total 1.700581
Task flag set to 0: 36/36 wrappers
Task flag set to 1: 36/36 wrappers
Epoch 4/5 | Batch 135/2000 | Step 6135 | BCE 0.133237 | FTC 1.470102 | Total 1.603339
Task flag set to 0: 36/36 wrappers
Task flag set to 1: 36/36 wrappers
Epoch 4/5 | Batch 136/2000 | Step 6136 | BCE 0.070061 | FTC 1.384155 | Total 1.454217
Task flag set to 0: 36/36 wrappers
Task flag set to 1: 36/36 wrappers
Epoch 4/5 | Batch 137/2000 | Step 6137 | BCE 1.163542 | FTC 1.423984 | Total 2.587525
Task flag set to 0: 36/36 wrappers
Task flag set to 1: 36/36 wrappers
Epoch 4/5 | Batch 138/2000 | Step 6138 | BCE 0.153742 | FTC 1.490988 | Total 1.644729
Task flag set to 0: 36/36 wrappers
Task flag set to 1: 36/36 wrappers
Epoch 4/5 | Batch 139/2000 | Step 6139 | BCE 1.231633 | FTC 1.597799 | Total 2.829432
Task flag set to 0: 36/36 wrappers
Task flag set to 1: 36/36 wrappers
Epoch 4/5 | Batch 140/2000 | Step 6140 | BCE 0.257871 | FTC 1.639567 | Total 1.897438
Task flag set to 0: 36/36 wrappers
Task flag set to 1: 36/36 wrappers
Epoch 4/5 | Batch 141/2000 | Step 6141 | BCE 0.119478 | FTC 1.802143 | Total 1.921621
Task flag set to 0: 36/36 wrappers
Task flag set to 1: 36/36 wrappers
Epoch 4/5 | Batch 142/2000 | Step 6142 | BCE 0.103042 | FTC 1.778326 | Total 1.881367
Task flag set to 0: 36/36 wrappers
Task flag set to 1: 36/36 wrappers
Epoch 4/5 | Batch 143/2000 | Step 6143 | BCE 0.244536 | FTC 1.836151 | Total 2.080687
Task flag set to 0: 36/36 wrappers
Task flag set to 1: 36/36 wrappers
Epoch 4/5 | Batch 144/2000 | Step 6144 | BCE 1.596839 | FTC 1.505460 | Total 3.102299
Task flag set to 0: 36/36 wrappers
Task flag set to 1: 36/36 wrappers
Epoch 4/5 | Batch 145/2000 | Step 6145 | BCE 0.096927 | FTC 1.565246 | Total 1.662173
Task flag set to 0: 36/36 wrappers
Task flag set to 1: 36/36 wrappers
Epoch 4/5 | Batch 146/2000 | Step 6146 | BCE 0.932102 | FTC 1.658765 | Total 2.590868
Task flag set to 0: 36/36 wrappers
Task flag set to 1: 36/36 wrappers
Epoch 4/5 | Batch 147/2000 | Step 6147 | BCE 0.652670 | FTC 1.665479 | Total 2.318149
Task flag set to 0: 36/36 wrappers
Task flag set to 1: 36/36 wrappers
Epoch 4/5 | Batch 148/2000 | Step 6148 | BCE 0.514350 | FTC 1.491026 | Total 2.005375
Task flag set to 0: 36/36 wrappers
Task flag set to 1: 36/36 wrappers
Epoch 4/5 | Batch 149/2000 | Step 6149 | BCE 0.456039 | FTC 1.562446 | Total 2.018485
Task flag set to 0: 36/36 wrappers
Task flag set to 1: 36/36 wrappers
Epoch 4/5 | Batch 150/2000 | Step 6150 | BCE 0.329102 | FTC 1.894049 | Total 2.223150
Task flag set to 0: 36/36 wrappers
Task flag set to 1: 36/36 wrappers
Epoch 4/5 | Batch 151/2000 | Step 6151 | BCE 0.109847 | FTC 1.517090 | Total 1.626936
Task flag set to 0: 36/36 wrappers
Task flag set to 1: 36/36 wrappers
Epoch 4/5 | Batch 152/2000 | Step 6152 | BCE 2.190794 | FTC 2.743179 | Total 4.933973
Task flag set to 0: 36/36 wrappers
Task flag set to 1: 36/36 wrappers
Epoch 4/5 | Batch 153/2000 | Step 6153 | BCE 0.140101 | FTC 1.414394 | Total 1.554495
Task flag set to 0: 36/36 wrappers
Task flag set to 1: 36/36 wrappers
Epoch 4/5 | Batch 154/2000 | Step 6154 | BCE 0.542200 | FTC 1.774481 | Total 2.316682
Task flag set to 0: 36/36 wrappers
Task flag set to 1: 36/36 wrappers
Epoch 4/5 | Batch 155/2000 | Step 6155 | BCE 0.159602 | FTC 1.876521 | Total 2.036123
Task flag set to 0: 36/36 wrappers
Task flag set to 1: 36/36 wrappers
Epoch 4/5 | Batch 156/2000 | Step 6156 | BCE 0.198161 | FTC 1.737582 | Total 1.935742
Task flag set to 0: 36/36 wrappers
Task flag set to 1: 36/36 wrappers
Epoch 4/5 | Batch 157/2000 | Step 6157 | BCE 0.049871 | FTC 1.499235 | Total 1.549107
Task flag set to 0: 36/36 wrappers
Task flag set to 1: 36/36 wrappers
Epoch 4/5 | Batch 158/2000 | Step 6158 | BCE 0.684189 | FTC 1.911519 | Total 2.595708
Task flag set to 0: 36/36 wrappers
Task flag set to 1: 36/36 wrappers
Epoch 4/5 | Batch 159/2000 | Step 6159 | BCE 0.203767 | FTC 1.979350 | Total 2.183117
Task flag set to 0: 36/36 wrappers
Task flag set to 1: 36/36 wrappers
Epoch 4/5 | Batch 160/2000 | Step 6160 | BCE 0.301005 | FTC 1.505708 | Total 1.806714
Task flag set to 0: 36/36 wrappers
Task flag set to 1: 36/36 wrappers
Epoch 4/5 | Batch 161/2000 | Step 6161 | BCE 0.208888 | FTC 1.779785 | Total 1.988673
Task flag set to 0: 36/36 wrappers
Task flag set to 1: 36/36 wrappers
Epoch 4/5 | Batch 162/2000 | Step 6162 | BCE 0.355979 | FTC 1.369576 | Total 1.725555
Task flag set to 0: 36/36 wrappers
Task flag set to 1: 36/36 wrappers
Epoch 4/5 | Batch 163/2000 | Step 6163 | BCE 0.145834 | FTC 1.517974 | Total 1.663808
Task flag set to 0: 36/36 wrappers
Task flag set to 1: 36/36 wrappers
Epoch 4/5 | Batch 164/2000 | Step 6164 | BCE 0.475752 | FTC 1.860960 | Total 2.336712
Task flag set to 0: 36/36 wrappers
Task flag set to 1: 36/36 wrappers
Epoch 4/5 | Batch 165/2000 | Step 6165 | BCE 0.617942 | FTC 1.192412 | Total 1.810354
Task flag set to 0: 36/36 wrappers
Task flag set to 1: 36/36 wrappers
Epoch 4/5 | Batch 166/2000 | Step 6166 | BCE 0.561159 | FTC 1.159554 | Total 1.720713
Task flag set to 0: 36/36 wrappers
Task flag set to 1: 36/36 wrappers
Epoch 4/5 | Batch 167/2000 | Step 6167 | BCE 0.354768 | FTC 1.291793 | Total 1.646561
Task flag set to 0: 36/36 wrappers
Task flag set to 1: 36/36 wrappers
Epoch 4/5 | Batch 168/2000 | Step 6168 | BCE 0.378675 | FTC 1.080603 | Total 1.459277
Task flag set to 0: 36/36 wrappers
Task flag set to 1: 36/36 wrappers
Epoch 4/5 | Batch 169/2000 | Step 6169 | BCE 0.742098 | FTC 1.390815 | Total 2.132914
Task flag set to 0: 36/36 wrappers
Task flag set to 1: 36/36 wrappers
Epoch 4/5 | Batch 170/2000 | Step 6170 | BCE 0.170274 | FTC 1.862951 | Total 2.033225
Task flag set to 0: 36/36 wrappers
Task flag set to 1: 36/36 wrappers
Epoch 4/5 | Batch 171/2000 | Step 6171 | BCE 0.272420 | FTC 1.230557 | Total 1.502977
Task flag set to 0: 36/36 wrappers
Task flag set to 1: 36/36 wrappers
Epoch 4/5 | Batch 172/2000 | Step 6172 | BCE 0.233329 | FTC 1.638841 | Total 1.872170
Task flag set to 0: 36/36 wrappers
Task flag set to 1: 36/36 wrappers
Epoch 4/5 | Batch 173/2000 | Step 6173 | BCE 0.343547 | FTC 1.886179 | Total 2.229726
Task flag set to 0: 36/36 wrappers
Task flag set to 1: 36/36 wrappers
Epoch 4/5 | Batch 174/2000 | Step 6174 | BCE 1.189609 | FTC 1.625025 | Total 2.814634
Task flag set to 0: 36/36 wrappers
Task flag set to 1: 36/36 wrappers
Epoch 4/5 | Batch 175/2000 | Step 6175 | BCE 0.213428 | FTC 1.478888 | Total 1.692316
Task flag set to 0: 36/36 wrappers
Task flag set to 1: 36/36 wrappers
Epoch 4/5 | Batch 176/2000 | Step 6176 | BCE 0.289111 | FTC 1.501773 | Total 1.790885
Task flag set to 0: 36/36 wrappers
Task flag set to 1: 36/36 wrappers
Epoch 4/5 | Batch 177/2000 | Step 6177 | BCE 0.173290 | FTC 1.957054 | Total 2.130344
Task flag set to 0: 36/36 wrappers
Task flag set to 1: 36/36 wrappers
Epoch 4/5 | Batch 178/2000 | Step 6178 | BCE 0.624840 | FTC 1.410836 | Total 2.035676
Task flag set to 0: 36/36 wrappers
Task flag set to 1: 36/36 wrappers
Epoch 4/5 | Batch 179/2000 | Step 6179 | BCE 0.252458 | FTC 1.880819 | Total 2.133277
Task flag set to 0: 36/36 wrappers
Task flag set to 1: 36/36 wrappers
Epoch 4/5 | Batch 180/2000 | Step 6180 | BCE 0.034451 | FTC 1.678327 | Total 1.712778
Task flag set to 0: 36/36 wrappers
Task flag set to 1: 36/36 wrappers
Epoch 4/5 | Batch 181/2000 | Step 6181 | BCE 0.171507 | FTC 1.498257 | Total 1.669764
Task flag set to 0: 36/36 wrappers
Task flag set to 1: 36/36 wrappers
Epoch 4/5 | Batch 182/2000 | Step 6182 | BCE 0.192349 | FTC 1.326229 | Total 1.518579
Task flag set to 0: 36/36 wrappers
Task flag set to 1: 36/36 wrappers
Epoch 4/5 | Batch 183/2000 | Step 6183 | BCE 0.113653 | FTC 1.209972 | Total 1.323625
Task flag set to 0: 36/36 wrappers
Task flag set to 1: 36/36 wrappers
Epoch 4/5 | Batch 184/2000 | Step 6184 | BCE 0.034302 | FTC 1.857616 | Total 1.891918
Task flag set to 0: 36/36 wrappers
Task flag set to 1: 36/36 wrappers
Epoch 4/5 | Batch 185/2000 | Step 6185 | BCE 0.199868 | FTC 1.440875 | Total 1.640743
Task flag set to 0: 36/36 wrappers
Task flag set to 1: 36/36 wrappers
Epoch 4/5 | Batch 186/2000 | Step 6186 | BCE 0.557334 | FTC 1.297886 | Total 1.855220
Task flag set to 0: 36/36 wrappers
Task flag set to 1: 36/36 wrappers
Epoch 4/5 | Batch 187/2000 | Step 6187 | BCE 0.071808 | FTC 1.508909 | Total 1.580717
Task flag set to 0: 36/36 wrappers
Task flag set to 1: 36/36 wrappers
Epoch 4/5 | Batch 188/2000 | Step 6188 | BCE 0.133776 | FTC 1.502193 | Total 1.635969
Task flag set to 0: 36/36 wrappers
Task flag set to 1: 36/36 wrappers
Epoch 4/5 | Batch 189/2000 | Step 6189 | BCE 0.027218 | FTC 1.404649 | Total 1.431867
Task flag set to 0: 36/36 wrappers
Task flag set to 1: 36/36 wrappers
Epoch 4/5 | Batch 190/2000 | Step 6190 | BCE 0.033044 | FTC 1.428933 | Total 1.461977
Task flag set to 0: 36/36 wrappers
Task flag set to 1: 36/36 wrappers
Epoch 4/5 | Batch 191/2000 | Step 6191 | BCE 0.245329 | FTC 1.596450 | Total 1.841779
Task flag set to 0: 36/36 wrappers
Task flag set to 1: 36/36 wrappers
Epoch 4/5 | Batch 192/2000 | Step 6192 | BCE 0.248029 | FTC 1.427505 | Total 1.675535
Task flag set to 0: 36/36 wrappers
Task flag set to 1: 36/36 wrappers
Epoch 4/5 | Batch 193/2000 | Step 6193 | BCE 0.065646 | FTC 1.680472 | Total 1.746118
Task flag set to 0: 36/36 wrappers
Task flag set to 1: 36/36 wrappers
Epoch 4/5 | Batch 194/2000 | Step 6194 | BCE 0.067134 | FTC 1.602710 | Total 1.669844
Task flag set to 0: 36/36 wrappers
Task flag set to 1: 36/36 wrappers
Epoch 4/5 | Batch 195/2000 | Step 6195 | BCE 0.163471 | FTC 1.590808 | Total 1.754279
Task flag set to 0: 36/36 wrappers
Task flag set to 1: 36/36 wrappers
Epoch 4/5 | Batch 196/2000 | Step 6196 | BCE 0.026176 | FTC 1.490344 | Total 1.516520
Task flag set to 0: 36/36 wrappers
Task flag set to 1: 36/36 wrappers
Epoch 4/5 | Batch 197/2000 | Step 6197 | BCE 0.083613 | FTC 1.537127 | Total 1.620740
Task flag set to 0: 36/36 wrappers
Task flag set to 1: 36/36 wrappers
Epoch 4/5 | Batch 198/2000 | Step 6198 | BCE 0.738579 | FTC 1.511438 | Total 2.250017
Task flag set to 0: 36/36 wrappers
Task flag set to 1: 36/36 wrappers
Epoch 4/5 | Batch 199/2000 | Step 6199 | BCE 0.027262 | FTC 1.531495 | Total 1.558757
Task flag set to 0: 36/36 wrappers
Task flag set to 1: 36/36 wrappers
Epoch 4/5 | Batch 200/2000 | Step 6200 | BCE 1.216045 | FTC 1.866165 | Total 3.082210
Task flag set to 0: 36/36 wrappers
Task flag set to 1: 36/36 wrappers
Epoch 4/5 | Batch 201/2000 | Step 6201 | BCE 0.040732 | FTC 1.259625 | Total 1.300357
Task flag set to 0: 36/36 wrappers
Task flag set to 1: 36/36 wrappers
Epoch 4/5 | Batch 202/2000 | Step 6202 | BCE 0.076423 | FTC 1.287548 | Total 1.363971
Task flag set to 0: 36/36 wrappers
Task flag set to 1: 36/36 wrappers
Epoch 4/5 | Batch 203/2000 | Step 6203 | BCE 0.101100 | FTC 1.430178 | Total 1.531278
Task flag set to 0: 36/36 wrappers
Task flag set to 1: 36/36 wrappers
Epoch 4/5 | Batch 204/2000 | Step 6204 | BCE 0.053996 | FTC 1.510685 | Total 1.564681
Task flag set to 0: 36/36 wrappers
Task flag set to 1: 36/36 wrappers
Epoch 4/5 | Batch 205/2000 | Step 6205 | BCE 0.080975 | FTC 1.395702 | Total 1.476677
Task flag set to 0: 36/36 wrappers
Task flag set to 1: 36/36 wrappers
Epoch 4/5 | Batch 206/2000 | Step 6206 | BCE 1.598616 | FTC 1.684495 | Total 3.283111
Task flag set to 0: 36/36 wrappers
Task flag set to 1: 36/36 wrappers
Epoch 4/5 | Batch 207/2000 | Step 6207 | BCE 1.168876 | FTC 1.982596 | Total 3.151472
Task flag set to 0: 36/36 wrappers
Task flag set to 1: 36/36 wrappers
Epoch 4/5 | Batch 208/2000 | Step 6208 | BCE 0.062400 | FTC 1.462848 | Total 1.525248
Task flag set to 0: 36/36 wrappers
Task flag set to 1: 36/36 wrappers
Epoch 4/5 | Batch 209/2000 | Step 6209 | BCE 0.009983 | FTC 1.349805 | Total 1.359788
Task flag set to 0: 36/36 wrappers
Task flag set to 1: 36/36 wrappers
Epoch 4/5 | Batch 210/2000 | Step 6210 | BCE 1.725730 | FTC 1.803661 | Total 3.529390
Task flag set to 0: 36/36 wrappers
Task flag set to 1: 36/36 wrappers
Epoch 4/5 | Batch 211/2000 | Step 6211 | BCE 0.126402 | FTC 1.693985 | Total 1.820387
Task flag set to 0: 36/36 wrappers
Task flag set to 1: 36/36 wrappers
Epoch 4/5 | Batch 212/2000 | Step 6212 | BCE 0.937334 | FTC 1.969530 | Total 2.906864
Task flag set to 0: 36/36 wrappers
Task flag set to 1: 36/36 wrappers
Epoch 4/5 | Batch 213/2000 | Step 6213 | BCE 0.060605 | FTC 1.459651 | Total 1.520256
Task flag set to 0: 36/36 wrappers
Task flag set to 1: 36/36 wrappers
Epoch 4/5 | Batch 214/2000 | Step 6214 | BCE 0.057357 | FTC 1.795932 | Total 1.853288
Task flag set to 0: 36/36 wrappers
Task flag set to 1: 36/36 wrappers
Epoch 4/5 | Batch 215/2000 | Step 6215 | BCE 0.054667 | FTC 1.313777 | Total 1.368444
Task flag set to 0: 36/36 wrappers
Task flag set to 1: 36/36 wrappers
Epoch 4/5 | Batch 216/2000 | Step 6216 | BCE 0.189423 | FTC 1.818704 | Total 2.008127
Task flag set to 0: 36/36 wrappers
Task flag set to 1: 36/36 wrappers
Epoch 4/5 | Batch 217/2000 | Step 6217 | BCE 0.293164 | FTC 1.770852 | Total 2.064015
Task flag set to 0: 36/36 wrappers
Task flag set to 1: 36/36 wrappers
Epoch 4/5 | Batch 218/2000 | Step 6218 | BCE 0.189777 | FTC 1.446166 | Total 1.635944
Task flag set to 0: 36/36 wrappers
Task flag set to 1: 36/36 wrappers
Epoch 4/5 | Batch 219/2000 | Step 6219 | BCE 0.131743 | FTC 1.916029 | Total 2.047771
Task flag set to 0: 36/36 wrappers
Task flag set to 1: 36/36 wrappers
Epoch 4/5 | Batch 220/2000 | Step 6220 | BCE 0.152824 | FTC 1.870504 | Total 2.023328
Task flag set to 0: 36/36 wrappers
Task flag set to 1: 36/36 wrappers
Epoch 4/5 | Batch 221/2000 | Step 6221 | BCE 0.857196 | FTC 1.554193 | Total 2.411389
Task flag set to 0: 36/36 wrappers
Task flag set to 1: 36/36 wrappers
Epoch 4/5 | Batch 222/2000 | Step 6222 | BCE 0.056895 | FTC 1.526756 | Total 1.583651
Task flag set to 0: 36/36 wrappers
Task flag set to 1: 36/36 wrappers
Epoch 4/5 | Batch 223/2000 | Step 6223 | BCE 1.134060 | FTC 1.722093 | Total 2.856153
Task flag set to 0: 36/36 wrappers
Task flag set to 1: 36/36 wrappers
Epoch 4/5 | Batch 224/2000 | Step 6224 | BCE 0.663139 | FTC 1.383174 | Total 2.046314
Task flag set to 0: 36/36 wrappers
Task flag set to 1: 36/36 wrappers
Epoch 4/5 | Batch 225/2000 | Step 6225 | BCE 0.086553 | FTC 1.483294 | Total 1.569847
Task flag set to 0: 36/36 wrappers
Task flag set to 1: 36/36 wrappers
Epoch 4/5 | Batch 226/2000 | Step 6226 | BCE 0.292695 | FTC 1.849814 | Total 2.142510
Task flag set to 0: 36/36 wrappers
Task flag set to 1: 36/36 wrappers
Epoch 4/5 | Batch 227/2000 | Step 6227 | BCE 0.685444 | FTC 1.667609 | Total 2.353054
Task flag set to 0: 36/36 wrappers
Task flag set to 1: 36/36 wrappers
Epoch 4/5 | Batch 228/2000 | Step 6228 | BCE 0.045585 | FTC 1.501910 | Total 1.547494
Task flag set to 0: 36/36 wrappers
Task flag set to 1: 36/36 wrappers
Epoch 4/5 | Batch 229/2000 | Step 6229 | BCE 0.151311 | FTC 1.248272 | Total 1.399583
Task flag set to 0: 36/36 wrappers
Task flag set to 1: 36/36 wrappers
Epoch 4/5 | Batch 230/2000 | Step 6230 | BCE 0.127461 | FTC 1.158617 | Total 1.286078
Task flag set to 0: 36/36 wrappers
Task flag set to 1: 36/36 wrappers
Epoch 4/5 | Batch 231/2000 | Step 6231 | BCE 0.065339 | FTC 1.571765 | Total 1.637104
Task flag set to 0: 36/36 wrappers
Task flag set to 1: 36/36 wrappers
Epoch 4/5 | Batch 232/2000 | Step 6232 | BCE 0.489223 | FTC 1.744971 | Total 2.234193
Task flag set to 0: 36/36 wrappers
Task flag set to 1: 36/36 wrappers
Epoch 4/5 | Batch 233/2000 | Step 6233 | BCE 0.549322 | FTC 1.528916 | Total 2.078238
Task flag set to 0: 36/36 wrappers
Task flag set to 1: 36/36 wrappers
Epoch 4/5 | Batch 234/2000 | Step 6234 | BCE 0.781877 | FTC 1.704543 | Total 2.486419
Task flag set to 0: 36/36 wrappers
Task flag set to 1: 36/36 wrappers
Epoch 4/5 | Batch 235/2000 | Step 6235 | BCE 0.033457 | FTC 1.510308 | Total 1.543765
Task flag set to 0: 36/36 wrappers
Task flag set to 1: 36/36 wrappers
Epoch 4/5 | Batch 236/2000 | Step 6236 | BCE 0.079222 | FTC 1.800372 | Total 1.879594
Task flag set to 0: 36/36 wrappers
Task flag set to 1: 36/36 wrappers
Epoch 4/5 | Batch 237/2000 | Step 6237 | BCE 0.186394 | FTC 1.639597 | Total 1.825991
Task flag set to 0: 36/36 wrappers
Task flag set to 1: 36/36 wrappers
Epoch 4/5 | Batch 238/2000 | Step 6238 | BCE 0.268760 | FTC 1.522667 | Total 1.791427
Task flag set to 0: 36/36 wrappers
Task flag set to 1: 36/36 wrappers
Epoch 4/5 | Batch 239/2000 | Step 6239 | BCE 0.084637 | FTC 1.332180 | Total 1.416817
Task flag set to 0: 36/36 wrappers
Task flag set to 1: 36/36 wrappers
Epoch 4/5 | Batch 240/2000 | Step 6240 | BCE 0.187271 | FTC 1.687347 | Total 1.874618
Task flag set to 0: 36/36 wrappers
Task flag set to 1: 36/36 wrappers
Epoch 4/5 | Batch 241/2000 | Step 6241 | BCE 0.106914 | FTC 1.233906 | Total 1.340820
Task flag set to 0: 36/36 wrappers
Task flag set to 1: 36/36 wrappers
Epoch 4/5 | Batch 242/2000 | Step 6242 | BCE 0.073130 | FTC 1.556274 | Total 1.629404
Task flag set to 0: 36/36 wrappers
Task flag set to 1: 36/36 wrappers
Epoch 4/5 | Batch 243/2000 | Step 6243 | BCE 0.115263 | FTC 1.413101 | Total 1.528365
Task flag set to 0: 36/36 wrappers
Task flag set to 1: 36/36 wrappers
Epoch 4/5 | Batch 244/2000 | Step 6244 | BCE 0.277309 | FTC 1.463204 | Total 1.740513
Task flag set to 0: 36/36 wrappers
Task flag set to 1: 36/36 wrappers
Epoch 4/5 | Batch 245/2000 | Step 6245 | BCE 0.164195 | FTC 1.592350 | Total 1.756546
Task flag set to 0: 36/36 wrappers
Task flag set to 1: 36/36 wrappers
Epoch 4/5 | Batch 246/2000 | Step 6246 | BCE 0.052219 | FTC 1.527431 | Total 1.579650
Task flag set to 0: 36/36 wrappers
Task flag set to 1: 36/36 wrappers
Epoch 4/5 | Batch 247/2000 | Step 6247 | BCE 0.092627 | FTC 1.646072 | Total 1.738700
Task flag set to 0: 36/36 wrappers
Task flag set to 1: 36/36 wrappers
Epoch 4/5 | Batch 248/2000 | Step 6248 | BCE 0.724557 | FTC 1.616876 | Total 2.341434
Task flag set to 0: 36/36 wrappers
Task flag set to 1: 36/36 wrappers
Epoch 4/5 | Batch 249/2000 | Step 6249 | BCE 0.054405 | FTC 1.166556 | Total 1.220961
Task flag set to 0: 36/36 wrappers
Task flag set to 1: 36/36 wrappers
Epoch 4/5 | Batch 250/2000 | Step 6250 | BCE 0.278693 | FTC 1.919697 | Total 2.198390
Task flag set to 0: 36/36 wrappers
Task flag set to 1: 36/36 wrappers
Epoch 4/5 | Batch 251/2000 | Step 6251 | BCE 0.638252 | FTC 1.827633 | Total 2.465885
Task flag set to 0: 36/36 wrappers
Task flag set to 1: 36/36 wrappers
Epoch 4/5 | Batch 252/2000 | Step 6252 | BCE 0.153487 | FTC 1.661044 | Total 1.814531
Task flag set to 0: 36/36 wrappers
Task flag set to 1: 36/36 wrappers
Epoch 4/5 | Batch 253/2000 | Step 6253 | BCE 0.075948 | FTC 1.709321 | Total 1.785269
Task flag set to 0: 36/36 wrappers
Task flag set to 1: 36/36 wrappers
Epoch 4/5 | Batch 254/2000 | Step 6254 | BCE 0.121958 | FTC 1.316794 | Total 1.438752
Task flag set to 0: 36/36 wrappers
Task flag set to 1: 36/36 wrappers
Epoch 4/5 | Batch 255/2000 | Step 6255 | BCE 0.545473 | FTC 1.343210 | Total 1.888684
Task flag set to 0: 36/36 wrappers
Task flag set to 1: 36/36 wrappers
Epoch 4/5 | Batch 256/2000 | Step 6256 | BCE 0.090220 | FTC 1.856188 | Total 1.946409
Task flag set to 0: 36/36 wrappers
Task flag set to 1: 36/36 wrappers
Epoch 4/5 | Batch 257/2000 | Step 6257 | BCE 0.818508 | FTC 1.044180 | Total 1.862688
Task flag set to 0: 36/36 wrappers
Task flag set to 1: 36/36 wrappers
Epoch 4/5 | Batch 258/2000 | Step 6258 | BCE 0.075816 | FTC 1.456049 | Total 1.531865
Task flag set to 0: 36/36 wrappers
Task flag set to 1: 36/36 wrappers
Epoch 4/5 | Batch 259/2000 | Step 6259 | BCE 0.085926 | FTC 1.412800 | Total 1.498726
Task flag set to 0: 36/36 wrappers
Task flag set to 1: 36/36 wrappers
Epoch 4/5 | Batch 260/2000 | Step 6260 | BCE 1.522515 | FTC 2.348911 | Total 3.871427
Task flag set to 0: 36/36 wrappers
Task flag set to 1: 36/36 wrappers
Epoch 4/5 | Batch 261/2000 | Step 6261 | BCE 0.042030 | FTC 1.790039 | Total 1.832069
Task flag set to 0: 36/36 wrappers
Task flag set to 1: 36/36 wrappers
Epoch 4/5 | Batch 262/2000 | Step 6262 | BCE 1.566929 | FTC 1.887983 | Total 3.454912
Task flag set to 0: 36/36 wrappers
Task flag set to 1: 36/36 wrappers
Epoch 4/5 | Batch 263/2000 | Step 6263 | BCE 0.175658 | FTC 1.577845 | Total 1.753504
Task flag set to 0: 36/36 wrappers
Task flag set to 1: 36/36 wrappers
Epoch 4/5 | Batch 264/2000 | Step 6264 | BCE 1.425540 | FTC 2.004611 | Total 3.430151
Task flag set to 0: 36/36 wrappers
Task flag set to 1: 36/36 wrappers
Epoch 4/5 | Batch 265/2000 | Step 6265 | BCE 1.503129 | FTC 2.208505 | Total 3.711634
Task flag set to 0: 36/36 wrappers
Task flag set to 1: 36/36 wrappers
Epoch 4/5 | Batch 266/2000 | Step 6266 | BCE 0.074026 | FTC 1.431723 | Total 1.505750
Task flag set to 0: 36/36 wrappers
Task flag set to 1: 36/36 wrappers
Epoch 4/5 | Batch 267/2000 | Step 6267 | BCE 0.441060 | FTC 1.450575 | Total 1.891635
Task flag set to 0: 36/36 wrappers
Task flag set to 1: 36/36 wrappers
Epoch 4/5 | Batch 268/2000 | Step 6268 | BCE 0.856302 | FTC 1.493031 | Total 2.349332
Task flag set to 0: 36/36 wrappers
Task flag set to 1: 36/36 wrappers
Epoch 4/5 | Batch 269/2000 | Step 6269 | BCE 0.665933 | FTC 1.131858 | Total 1.797792
Task flag set to 0: 36/36 wrappers
Task flag set to 1: 36/36 wrappers
Epoch 4/5 | Batch 270/2000 | Step 6270 | BCE 0.145143 | FTC 2.121999 | Total 2.267142
Task flag set to 0: 36/36 wrappers
Task flag set to 1: 36/36 wrappers
Epoch 4/5 | Batch 271/2000 | Step 6271 | BCE 0.148433 | FTC 1.694809 | Total 1.843243
Task flag set to 0: 36/36 wrappers
Task flag set to 1: 36/36 wrappers
Epoch 4/5 | Batch 272/2000 | Step 6272 | BCE 0.176350 | FTC 1.653779 | Total 1.830128
Task flag set to 0: 36/36 wrappers
Task flag set to 1: 36/36 wrappers
Epoch 4/5 | Batch 273/2000 | Step 6273 | BCE 0.708535 | FTC 1.187983 | Total 1.896518
Task flag set to 0: 36/36 wrappers
Task flag set to 1: 36/36 wrappers
Epoch 4/5 | Batch 274/2000 | Step 6274 | BCE 0.819474 | FTC 1.440675 | Total 2.260149
Task flag set to 0: 36/36 wrappers
Task flag set to 1: 36/36 wrappers
Epoch 4/5 | Batch 275/2000 | Step 6275 | BCE 0.203399 | FTC 1.704092 | Total 1.907491
Task flag set to 0: 36/36 wrappers
Task flag set to 1: 36/36 wrappers
Epoch 4/5 | Batch 276/2000 | Step 6276 | BCE 0.109704 | FTC 1.663080 | Total 1.772784
Task flag set to 0: 36/36 wrappers
Task flag set to 1: 36/36 wrappers
Epoch 4/5 | Batch 277/2000 | Step 6277 | BCE 1.670166 | FTC 1.705284 | Total 3.375450
Task flag set to 0: 36/36 wrappers
Task flag set to 1: 36/36 wrappers
Epoch 4/5 | Batch 278/2000 | Step 6278 | BCE 0.149849 | FTC 1.192703 | Total 1.342552
Task flag set to 0: 36/36 wrappers
Task flag set to 1: 36/36 wrappers
Epoch 4/5 | Batch 279/2000 | Step 6279 | BCE 0.140858 | FTC 1.761602 | Total 1.902459
Task flag set to 0: 36/36 wrappers
Task flag set to 1: 36/36 wrappers
Epoch 4/5 | Batch 280/2000 | Step 6280 | BCE 0.937697 | FTC 1.044281 | Total 1.981978
Task flag set to 0: 36/36 wrappers
Task flag set to 1: 36/36 wrappers
Epoch 4/5 | Batch 281/2000 | Step 6281 | BCE 0.337720 | FTC 1.601877 | Total 1.939597
Task flag set to 0: 36/36 wrappers
Task flag set to 1: 36/36 wrappers
Epoch 4/5 | Batch 282/2000 | Step 6282 | BCE 0.571813 | FTC 1.863640 | Total 2.435454
Task flag set to 0: 36/36 wrappers
Task flag set to 1: 36/36 wrappers
Epoch 4/5 | Batch 283/2000 | Step 6283 | BCE 0.468963 | FTC 1.249938 | Total 1.718901
Task flag set to 0: 36/36 wrappers
Task flag set to 1: 36/36 wrappers
Epoch 4/5 | Batch 284/2000 | Step 6284 | BCE 0.383838 | FTC 1.819518 | Total 2.203356
Task flag set to 0: 36/36 wrappers
Task flag set to 1: 36/36 wrappers
Epoch 4/5 | Batch 285/2000 | Step 6285 | BCE 0.681819 | FTC 2.029333 | Total 2.711152
Task flag set to 0: 36/36 wrappers
Task flag set to 1: 36/36 wrappers
Epoch 4/5 | Batch 286/2000 | Step 6286 | BCE 0.282433 | FTC 1.950616 | Total 2.233049
Task flag set to 0: 36/36 wrappers
Task flag set to 1: 36/36 wrappers
Epoch 4/5 | Batch 287/2000 | Step 6287 | BCE 0.974751 | FTC 1.260750 | Total 2.235501
Task flag set to 0: 36/36 wrappers
Task flag set to 1: 36/36 wrappers
Epoch 4/5 | Batch 288/2000 | Step 6288 | BCE 0.692020 | FTC 1.324359 | Total 2.016379
Task flag set to 0: 36/36 wrappers
Task flag set to 1: 36/36 wrappers
Epoch 4/5 | Batch 289/2000 | Step 6289 | BCE 0.601026 | FTC 1.696948 | Total 2.297974
Task flag set to 0: 36/36 wrappers
Task flag set to 1: 36/36 wrappers
Epoch 4/5 | Batch 290/2000 | Step 6290 | BCE 0.334340 | FTC 1.855623 | Total 2.189963
Task flag set to 0: 36/36 wrappers
Task flag set to 1: 36/36 wrappers
Epoch 4/5 | Batch 291/2000 | Step 6291 | BCE 0.368955 | FTC 1.771551 | Total 2.140507
Task flag set to 0: 36/36 wrappers
Task flag set to 1: 36/36 wrappers
Epoch 4/5 | Batch 292/2000 | Step 6292 | BCE 0.659941 | FTC 1.318540 | Total 1.978482
Task flag set to 0: 36/36 wrappers
Task flag set to 1: 36/36 wrappers
Epoch 4/5 | Batch 293/2000 | Step 6293 | BCE 0.317277 | FTC 1.833683 | Total 2.150961
Task flag set to 0: 36/36 wrappers
Task flag set to 1: 36/36 wrappers
Epoch 4/5 | Batch 294/2000 | Step 6294 | BCE 0.236365 | FTC 1.926115 | Total 2.162481
Task flag set to 0: 36/36 wrappers
Task flag set to 1: 36/36 wrappers
Epoch 4/5 | Batch 295/2000 | Step 6295 | BCE 1.013236 | FTC 0.850062 | Total 1.863298
Task flag set to 0: 36/36 wrappers
Task flag set to 1: 36/36 wrappers
Epoch 4/5 | Batch 296/2000 | Step 6296 | BCE 0.447409 | FTC 1.247147 | Total 1.694556
Task flag set to 0: 36/36 wrappers
Task flag set to 1: 36/36 wrappers
Epoch 4/5 | Batch 297/2000 | Step 6297 | BCE 0.346967 | FTC 1.455925 | Total 1.802892
Task flag set to 0: 36/36 wrappers
Task flag set to 1: 36/36 wrappers
Epoch 4/5 | Batch 298/2000 | Step 6298 | BCE 0.472864 | FTC 1.724594 | Total 2.197458
Task flag set to 0: 36/36 wrappers
Task flag set to 1: 36/36 wrappers
Epoch 4/5 | Batch 299/2000 | Step 6299 | BCE 0.196312 | FTC 1.391750 | Total 1.588062
Task flag set to 0: 36/36 wrappers
Task flag set to 1: 36/36 wrappers
Epoch 4/5 | Batch 300/2000 | Step 6300 | BCE 0.869399 | FTC 1.561782 | Total 2.431181
Task flag set to 0: 36/36 wrappers
Task flag set to 1: 36/36 wrappers
Epoch 4/5 | Batch 301/2000 | Step 6301 | BCE 0.183332 | FTC 2.267803 | Total 2.451135
Task flag set to 0: 36/36 wrappers
Task flag set to 1: 36/36 wrappers
Epoch 4/5 | Batch 302/2000 | Step 6302 | BCE 0.235242 | FTC 2.041305 | Total 2.276546
Task flag set to 0: 36/36 wrappers
Task flag set to 1: 36/36 wrappers
Epoch 4/5 | Batch 303/2000 | Step 6303 | BCE 0.375769 | FTC 2.224678 | Total 2.600447
Task flag set to 0: 36/36 wrappers
Task flag set to 1: 36/36 wrappers
Epoch 4/5 | Batch 304/2000 | Step 6304 | BCE 0.845767 | FTC 1.453447 | Total 2.299214
Task flag set to 0: 36/36 wrappers
Task flag set to 1: 36/36 wrappers
Epoch 4/5 | Batch 305/2000 | Step 6305 | BCE 0.043175 | FTC 1.614091 | Total 1.657266
Task flag set to 0: 36/36 wrappers
Task flag set to 1: 36/36 wrappers
Epoch 4/5 | Batch 306/2000 | Step 6306 | BCE 0.704792 | FTC 1.450297 | Total 2.155088
Task flag set to 0: 36/36 wrappers
Task flag set to 1: 36/36 wrappers
Epoch 4/5 | Batch 307/2000 | Step 6307 | BCE 0.563485 | FTC 1.124335 | Total 1.687820
Task flag set to 0: 36/36 wrappers
Task flag set to 1: 36/36 wrappers
Epoch 4/5 | Batch 308/2000 | Step 6308 | BCE 0.140163 | FTC 1.461861 | Total 1.602024
Task flag set to 0: 36/36 wrappers
Task flag set to 1: 36/36 wrappers
Epoch 4/5 | Batch 309/2000 | Step 6309 | BCE 0.654611 | FTC 1.258712 | Total 1.913322
Task flag set to 0: 36/36 wrappers
Task flag set to 1: 36/36 wrappers
Epoch 4/5 | Batch 310/2000 | Step 6310 | BCE 0.532883 | FTC 1.440612 | Total 1.973495
Task flag set to 0: 36/36 wrappers
Task flag set to 1: 36/36 wrappers
Epoch 4/5 | Batch 311/2000 | Step 6311 | BCE 0.230055 | FTC 1.967924 | Total 2.197978
Task flag set to 0: 36/36 wrappers
Task flag set to 1: 36/36 wrappers
Epoch 4/5 | Batch 312/2000 | Step 6312 | BCE 0.272261 | FTC 1.804778 | Total 2.077039
Task flag set to 0: 36/36 wrappers
Task flag set to 1: 36/36 wrappers
Epoch 4/5 | Batch 313/2000 | Step 6313 | BCE 0.589594 | FTC 1.600371 | Total 2.189965
Task flag set to 0: 36/36 wrappers
Task flag set to 1: 36/36 wrappers
Epoch 4/5 | Batch 314/2000 | Step 6314 | BCE 0.132710 | FTC 1.726133 | Total 1.858843
Task flag set to 0: 36/36 wrappers
Task flag set to 1: 36/36 wrappers
Epoch 4/5 | Batch 315/2000 | Step 6315 | BCE 0.531519 | FTC 1.576077 | Total 2.107596
Task flag set to 0: 36/36 wrappers
Task flag set to 1: 36/36 wrappers
Epoch 4/5 | Batch 316/2000 | Step 6316 | BCE 0.949874 | FTC 1.599731 | Total 2.549604
Task flag set to 0: 36/36 wrappers
Task flag set to 1: 36/36 wrappers
Epoch 4/5 | Batch 317/2000 | Step 6317 | BCE 0.127011 | FTC 1.589901 | Total 1.716911
Task flag set to 0: 36/36 wrappers
Task flag set to 1: 36/36 wrappers
Epoch 4/5 | Batch 318/2000 | Step 6318 | BCE 0.158964 | FTC 1.338253 | Total 1.497217
Task flag set to 0: 36/36 wrappers
Task flag set to 1: 36/36 wrappers
Epoch 4/5 | Batch 319/2000 | Step 6319 | BCE 0.223964 | FTC 1.673619 | Total 1.897583
Task flag set to 0: 36/36 wrappers
Task flag set to 1: 36/36 wrappers
Epoch 4/5 | Batch 320/2000 | Step 6320 | BCE 0.109041 | FTC 1.445270 | Total 1.554311
Task flag set to 0: 36/36 wrappers
Task flag set to 1: 36/36 wrappers
Epoch 4/5 | Batch 321/2000 | Step 6321 | BCE 0.053048 | FTC 1.431197 | Total 1.484244
Task flag set to 0: 36/36 wrappers
Task flag set to 1: 36/36 wrappers
Epoch 4/5 | Batch 322/2000 | Step 6322 | BCE 0.151190 | FTC 1.682952 | Total 1.834142
Task flag set to 0: 36/36 wrappers
Task flag set to 1: 36/36 wrappers
Epoch 4/5 | Batch 323/2000 | Step 6323 | BCE 0.106281 | FTC 1.667723 | Total 1.774004
Task flag set to 0: 36/36 wrappers
Task flag set to 1: 36/36 wrappers
Epoch 4/5 | Batch 324/2000 | Step 6324 | BCE 0.292220 | FTC 1.638568 | Total 1.930789
Task flag set to 0: 36/36 wrappers
Task flag set to 1: 36/36 wrappers
Epoch 4/5 | Batch 325/2000 | Step 6325 | BCE 0.349412 | FTC 1.997585 | Total 2.346997
Task flag set to 0: 36/36 wrappers
Task flag set to 1: 36/36 wrappers
Epoch 4/5 | Batch 326/2000 | Step 6326 | BCE 0.182622 | FTC 1.612567 | Total 1.795189
Task flag set to 0: 36/36 wrappers
Task flag set to 1: 36/36 wrappers
Epoch 4/5 | Batch 327/2000 | Step 6327 | BCE 0.057088 | FTC 1.552171 | Total 1.609259
Task flag set to 0: 36/36 wrappers
Task flag set to 1: 36/36 wrappers
Epoch 4/5 | Batch 328/2000 | Step 6328 | BCE 0.746697 | FTC 1.387197 | Total 2.133895
Task flag set to 0: 36/36 wrappers
Task flag set to 1: 36/36 wrappers
Epoch 4/5 | Batch 329/2000 | Step 6329 | BCE 0.034949 | FTC 1.563841 | Total 1.598790
Task flag set to 0: 36/36 wrappers
Task flag set to 1: 36/36 wrappers
Epoch 4/5 | Batch 330/2000 | Step 6330 | BCE 0.239209 | FTC 1.486373 | Total 1.725582
Task flag set to 0: 36/36 wrappers
Task flag set to 1: 36/36 wrappers
Epoch 4/5 | Batch 331/2000 | Step 6331 | BCE 0.136624 | FTC 1.334455 | Total 1.471079
Task flag set to 0: 36/36 wrappers
Task flag set to 1: 36/36 wrappers
Epoch 4/5 | Batch 332/2000 | Step 6332 | BCE 0.076584 | FTC 1.378696 | Total 1.455281
Task flag set to 0: 36/36 wrappers
Task flag set to 1: 36/36 wrappers
Epoch 4/5 | Batch 333/2000 | Step 6333 | BCE 0.555623 | FTC 1.407260 | Total 1.962883
Task flag set to 0: 36/36 wrappers
Task flag set to 1: 36/36 wrappers
Epoch 4/5 | Batch 334/2000 | Step 6334 | BCE 0.779372 | FTC 1.440195 | Total 2.219568
Task flag set to 0: 36/36 wrappers
Task flag set to 1: 36/36 wrappers
Epoch 4/5 | Batch 335/2000 | Step 6335 | BCE 0.122824 | FTC 1.414970 | Total 1.537794
Task flag set to 0: 36/36 wrappers
Task flag set to 1: 36/36 wrappers
Epoch 4/5 | Batch 336/2000 | Step 6336 | BCE 0.050007 | FTC 1.526224 | Total 1.576231
Task flag set to 0: 36/36 wrappers
Task flag set to 1: 36/36 wrappers
Epoch 4/5 | Batch 337/2000 | Step 6337 | BCE 0.200234 | FTC 1.556643 | Total 1.756877
Task flag set to 0: 36/36 wrappers
Task flag set to 1: 36/36 wrappers
Epoch 4/5 | Batch 338/2000 | Step 6338 | BCE 0.168243 | FTC 1.488576 | Total 1.656819
Task flag set to 0: 36/36 wrappers
Task flag set to 1: 36/36 wrappers
Epoch 4/5 | Batch 339/2000 | Step 6339 | BCE 0.283654 | FTC 1.491802 | Total 1.775456
Task flag set to 0: 36/36 wrappers
Task flag set to 1: 36/36 wrappers
Epoch 4/5 | Batch 340/2000 | Step 6340 | BCE 0.069853 | FTC 1.459191 | Total 1.529044
Task flag set to 0: 36/36 wrappers
Task flag set to 1: 36/36 wrappers
Epoch 4/5 | Batch 341/2000 | Step 6341 | BCE 0.045436 | FTC 1.543083 | Total 1.588519
Task flag set to 0: 36/36 wrappers
Task flag set to 1: 36/36 wrappers
Epoch 4/5 | Batch 342/2000 | Step 6342 | BCE 0.102024 | FTC 1.486212 | Total 1.588235
Task flag set to 0: 36/36 wrappers
Task flag set to 1: 36/36 wrappers
Epoch 4/5 | Batch 343/2000 | Step 6343 | BCE 0.299554 | FTC 1.410436 | Total 1.709991
Task flag set to 0: 36/36 wrappers
Task flag set to 1: 36/36 wrappers
Epoch 4/5 | Batch 344/2000 | Step 6344 | BCE 0.192134 | FTC 1.689271 | Total 1.881405
Task flag set to 0: 36/36 wrappers
Task flag set to 1: 36/36 wrappers
Epoch 4/5 | Batch 345/2000 | Step 6345 | BCE 0.066536 | FTC 1.550178 | Total 1.616714
Task flag set to 0: 36/36 wrappers
Task flag set to 1: 36/36 wrappers
Epoch 4/5 | Batch 346/2000 | Step 6346 | BCE 0.197744 | FTC 1.602710 | Total 1.800455
Task flag set to 0: 36/36 wrappers
Task flag set to 1: 36/36 wrappers
Epoch 4/5 | Batch 347/2000 | Step 6347 | BCE 0.040233 | FTC 1.207895 | Total 1.248128
Task flag set to 0: 36/36 wrappers
Task flag set to 1: 36/36 wrappers
Epoch 4/5 | Batch 348/2000 | Step 6348 | BCE 0.906851 | FTC 1.840194 | Total 2.747045
Task flag set to 0: 36/36 wrappers
Task flag set to 1: 36/36 wrappers
Epoch 4/5 | Batch 349/2000 | Step 6349 | BCE 0.140034 | FTC 1.376694 | Total 1.516728
Task flag set to 0: 36/36 wrappers
Task flag set to 1: 36/36 wrappers
Epoch 4/5 | Batch 350/2000 | Step 6350 | BCE 0.975749 | FTC 1.204001 | Total 2.179751
Task flag set to 0: 36/36 wrappers
Task flag set to 1: 36/36 wrappers
Epoch 4/5 | Batch 351/2000 | Step 6351 | BCE 0.711134 | FTC 1.687083 | Total 2.398218
Task flag set to 0: 36/36 wrappers
Task flag set to 1: 36/36 wrappers
Epoch 4/5 | Batch 352/2000 | Step 6352 | BCE 0.669377 | FTC 1.610272 | Total 2.279649
Task flag set to 0: 36/36 wrappers
Task flag set to 1: 36/36 wrappers
Epoch 4/5 | Batch 353/2000 | Step 6353 | BCE 0.131479 | FTC 1.950641 | Total 2.082119
Task flag set to 0: 36/36 wrappers
Task flag set to 1: 36/36 wrappers
Epoch 4/5 | Batch 354/2000 | Step 6354 | BCE 0.787234 | FTC 1.775900 | Total 2.563135
Task flag set to 0: 36/36 wrappers
Task flag set to 1: 36/36 wrappers
Epoch 4/5 | Batch 355/2000 | Step 6355 | BCE 0.040615 | FTC 1.209511 | Total 1.250126
Task flag set to 0: 36/36 wrappers
Task flag set to 1: 36/36 wrappers
Epoch 4/5 | Batch 356/2000 | Step 6356 | BCE 0.099480 | FTC 1.458074 | Total 1.557554
Task flag set to 0: 36/36 wrappers
Task flag set to 1: 36/36 wrappers
Epoch 4/5 | Batch 357/2000 | Step 6357 | BCE 1.029133 | FTC 2.478988 | Total 3.508121
Task flag set to 0: 36/36 wrappers
Task flag set to 1: 36/36 wrappers
Epoch 4/5 | Batch 358/2000 | Step 6358 | BCE 0.102542 | FTC 1.548443 | Total 1.650984
Task flag set to 0: 36/36 wrappers
Task flag set to 1: 36/36 wrappers
Epoch 4/5 | Batch 359/2000 | Step 6359 | BCE 0.150694 | FTC 1.428276 | Total 1.578970
Task flag set to 0: 36/36 wrappers
Task flag set to 1: 36/36 wrappers
Epoch 4/5 | Batch 360/2000 | Step 6360 | BCE 0.171562 | FTC 1.782122 | Total 1.953684
Task flag set to 0: 36/36 wrappers
Task flag set to 1: 36/36 wrappers
Epoch 4/5 | Batch 361/2000 | Step 6361 | BCE 0.864852 | FTC 1.598905 | Total 2.463757
Task flag set to 0: 36/36 wrappers
Task flag set to 1: 36/36 wrappers
Epoch 4/5 | Batch 362/2000 | Step 6362 | BCE 0.115929 | FTC 1.459251 | Total 1.575181
Task flag set to 0: 36/36 wrappers
Task flag set to 1: 36/36 wrappers
Epoch 4/5 | Batch 363/2000 | Step 6363 | BCE 0.691897 | FTC 1.325243 | Total 2.017141
Task flag set to 0: 36/36 wrappers
Task flag set to 1: 36/36 wrappers
Epoch 4/5 | Batch 364/2000 | Step 6364 | BCE 0.142660 | FTC 1.349650 | Total 1.492310
Task flag set to 0: 36/36 wrappers
Task flag set to 1: 36/36 wrappers
Epoch 4/5 | Batch 365/2000 | Step 6365 | BCE 0.095407 | FTC 1.635507 | Total 1.730914
Task flag set to 0: 36/36 wrappers
Task flag set to 1: 36/36 wrappers
Epoch 4/5 | Batch 366/2000 | Step 6366 | BCE 0.053111 | FTC 1.921979 | Total 1.975089
Task flag set to 0: 36/36 wrappers
Task flag set to 1: 36/36 wrappers
Epoch 4/5 | Batch 367/2000 | Step 6367 | BCE 0.696796 | FTC 1.310211 | Total 2.007007
Task flag set to 0: 36/36 wrappers
Task flag set to 1: 36/36 wrappers
Epoch 4/5 | Batch 368/2000 | Step 6368 | BCE 0.261519 | FTC 1.770228 | Total 2.031747
Task flag set to 0: 36/36 wrappers
Task flag set to 1: 36/36 wrappers
Epoch 4/5 | Batch 369/2000 | Step 6369 | BCE 0.205494 | FTC 1.926526 | Total 2.132020
Task flag set to 0: 36/36 wrappers
Task flag set to 1: 36/36 wrappers
Epoch 4/5 | Batch 370/2000 | Step 6370 | BCE 0.146261 | FTC 1.527042 | Total 1.673303
Task flag set to 0: 36/36 wrappers
Task flag set to 1: 36/36 wrappers
Epoch 4/5 | Batch 371/2000 | Step 6371 | BCE 0.113795 | FTC 1.625400 | Total 1.739196
Task flag set to 0: 36/36 wrappers
Task flag set to 1: 36/36 wrappers
Epoch 4/5 | Batch 372/2000 | Step 6372 | BCE 0.136201 | FTC 1.541620 | Total 1.677822
Task flag set to 0: 36/36 wrappers
Task flag set to 1: 36/36 wrappers
Epoch 4/5 | Batch 373/2000 | Step 6373 | BCE 0.435183 | FTC 1.052364 | Total 1.487548
Task flag set to 0: 36/36 wrappers
Task flag set to 1: 36/36 wrappers
Epoch 4/5 | Batch 374/2000 | Step 6374 | BCE 0.476637 | FTC 1.070412 | Total 1.547049
Task flag set to 0: 36/36 wrappers
Task flag set to 1: 36/36 wrappers
Epoch 4/5 | Batch 375/2000 | Step 6375 | BCE 0.042458 | FTC 1.608128 | Total 1.650586
Task flag set to 0: 36/36 wrappers
Task flag set to 1: 36/36 wrappers
Epoch 4/5 | Batch 376/2000 | Step 6376 | BCE 0.645928 | FTC 1.546296 | Total 2.192223
Task flag set to 0: 36/36 wrappers
Task flag set to 1: 36/36 wrappers
Epoch 4/5 | Batch 377/2000 | Step 6377 | BCE 0.114687 | FTC 1.467620 | Total 1.582307
Task flag set to 0: 36/36 wrappers
Task flag set to 1: 36/36 wrappers
Epoch 4/5 | Batch 378/2000 | Step 6378 | BCE 0.107546 | FTC 1.626571 | Total 1.734117
Task flag set to 0: 36/36 wrappers
Task flag set to 1: 36/36 wrappers
Epoch 4/5 | Batch 379/2000 | Step 6379 | BCE 0.133637 | FTC 1.732234 | Total 1.865871
Task flag set to 0: 36/36 wrappers
Task flag set to 1: 36/36 wrappers
Epoch 4/5 | Batch 380/2000 | Step 6380 | BCE 0.153423 | FTC 1.504219 | Total 1.657641
Task flag set to 0: 36/36 wrappers
Task flag set to 1: 36/36 wrappers
Epoch 4/5 | Batch 381/2000 | Step 6381 | BCE 0.325024 | FTC 1.629290 | Total 1.954314
Task flag set to 0: 36/36 wrappers
Task flag set to 1: 36/36 wrappers
Epoch 4/5 | Batch 382/2000 | Step 6382 | BCE 0.610165 | FTC 1.608655 | Total 2.218820
Task flag set to 0: 36/36 wrappers
Task flag set to 1: 36/36 wrappers
Epoch 4/5 | Batch 383/2000 | Step 6383 | BCE 0.188500 | FTC 1.495363 | Total 1.683862
Task flag set to 0: 36/36 wrappers
Task flag set to 1: 36/36 wrappers
Epoch 4/5 | Batch 384/2000 | Step 6384 | BCE 0.432298 | FTC 1.386852 | Total 1.819149
Task flag set to 0: 36/36 wrappers
Task flag set to 1: 36/36 wrappers
Epoch 4/5 | Batch 385/2000 | Step 6385 | BCE 0.564106 | FTC 1.390002 | Total 1.954108
Task flag set to 0: 36/36 wrappers
Task flag set to 1: 36/36 wrappers
Epoch 4/5 | Batch 386/2000 | Step 6386 | BCE 0.098215 | FTC 1.614478 | Total 1.712693
Task flag set to 0: 36/36 wrappers
Task flag set to 1: 36/36 wrappers
Epoch 4/5 | Batch 387/2000 | Step 6387 | BCE 0.720959 | FTC 1.854563 | Total 2.575523
Task flag set to 0: 36/36 wrappers
Task flag set to 1: 36/36 wrappers
Epoch 4/5 | Batch 388/2000 | Step 6388 | BCE 0.531320 | FTC 1.915154 | Total 2.446474
Task flag set to 0: 36/36 wrappers
Task flag set to 1: 36/36 wrappers
Epoch 4/5 | Batch 389/2000 | Step 6389 | BCE 1.169736 | FTC 1.714248 | Total 2.883984
Task flag set to 0: 36/36 wrappers
Task flag set to 1: 36/36 wrappers
Epoch 4/5 | Batch 390/2000 | Step 6390 | BCE 0.012653 | FTC 1.081999 | Total 1.094651
Task flag set to 0: 36/36 wrappers
Task flag set to 1: 36/36 wrappers
Epoch 4/5 | Batch 391/2000 | Step 6391 | BCE 0.207887 | FTC 1.657191 | Total 1.865078
Task flag set to 0: 36/36 wrappers
Task flag set to 1: 36/36 wrappers
Epoch 4/5 | Batch 392/2000 | Step 6392 | BCE 0.084556 | FTC 1.797219 | Total 1.881775
Task flag set to 0: 36/36 wrappers
Task flag set to 1: 36/36 wrappers
Epoch 4/5 | Batch 393/2000 | Step 6393 | BCE 0.112740 | FTC 1.547923 | Total 1.660663
Task flag set to 0: 36/36 wrappers
Task flag set to 1: 36/36 wrappers
Epoch 4/5 | Batch 394/2000 | Step 6394 | BCE 0.771686 | FTC 1.618780 | Total 2.390466
Task flag set to 0: 36/36 wrappers
Task flag set to 1: 36/36 wrappers
Epoch 4/5 | Batch 395/2000 | Step 6395 | BCE 0.676113 | FTC 1.523070 | Total 2.199182
Task flag set to 0: 36/36 wrappers
Task flag set to 1: 36/36 wrappers
Epoch 4/5 | Batch 396/2000 | Step 6396 | BCE 0.069767 | FTC 1.381101 | Total 1.450868
Task flag set to 0: 36/36 wrappers
Task flag set to 1: 36/36 wrappers
Epoch 4/5 | Batch 397/2000 | Step 6397 | BCE 0.744382 | FTC 1.763664 | Total 2.508046
Task flag set to 0: 36/36 wrappers
Task flag set to 1: 36/36 wrappers
Epoch 4/5 | Batch 398/2000 | Step 6398 | BCE 0.342275 | FTC 1.790553 | Total 2.132828
Task flag set to 0: 36/36 wrappers
Task flag set to 1: 36/36 wrappers
Epoch 4/5 | Batch 399/2000 | Step 6399 | BCE 0.949011 | FTC 1.415508 | Total 2.364519
Task flag set to 0: 36/36 wrappers
Task flag set to 1: 36/36 wrappers
Epoch 4/5 | Batch 400/2000 | Step 6400 | BCE 0.861056 | FTC 1.315592 | Total 2.176648
Task flag set to 0: 36/36 wrappers
Task flag set to 1: 36/36 wrappers
Epoch 4/5 | Batch 401/2000 | Step 6401 | BCE 0.149632 | FTC 1.658263 | Total 1.807895
Task flag set to 0: 36/36 wrappers
Task flag set to 1: 36/36 wrappers
Epoch 4/5 | Batch 402/2000 | Step 6402 | BCE 0.297573 | FTC 1.821367 | Total 2.118940
Task flag set to 0: 36/36 wrappers
Task flag set to 1: 36/36 wrappers
Epoch 4/5 | Batch 403/2000 | Step 6403 | BCE 0.594682 | FTC 1.201932 | Total 1.796614
Task flag set to 0: 36/36 wrappers
Task flag set to 1: 36/36 wrappers
Epoch 4/5 | Batch 404/2000 | Step 6404 | BCE 0.054570 | FTC 1.430979 | Total 1.485548
Task flag set to 0: 36/36 wrappers
Task flag set to 1: 36/36 wrappers
Epoch 4/5 | Batch 405/2000 | Step 6405 | BCE 0.179609 | FTC 1.540607 | Total 1.720217
Task flag set to 0: 36/36 wrappers
Task flag set to 1: 36/36 wrappers
Epoch 4/5 | Batch 406/2000 | Step 6406 | BCE 0.158136 | FTC 1.484880 | Total 1.643016
Task flag set to 0: 36/36 wrappers
Task flag set to 1: 36/36 wrappers
Epoch 4/5 | Batch 407/2000 | Step 6407 | BCE 0.279627 | FTC 1.523236 | Total 1.802863
Task flag set to 0: 36/36 wrappers
Task flag set to 1: 36/36 wrappers
Epoch 4/5 | Batch 408/2000 | Step 6408 | BCE 0.215834 | FTC 1.428149 | Total 1.643983
Task flag set to 0: 36/36 wrappers
Task flag set to 1: 36/36 wrappers
Epoch 4/5 | Batch 409/2000 | Step 6409 | BCE 0.290591 | FTC 1.741647 | Total 2.032238
Task flag set to 0: 36/36 wrappers
Task flag set to 1: 36/36 wrappers
Epoch 4/5 | Batch 410/2000 | Step 6410 | BCE 0.069298 | FTC 1.398154 | Total 1.467452
Task flag set to 0: 36/36 wrappers
Task flag set to 1: 36/36 wrappers
Epoch 4/5 | Batch 411/2000 | Step 6411 | BCE 0.256110 | FTC 1.604593 | Total 1.860703
Task flag set to 0: 36/36 wrappers
Task flag set to 1: 36/36 wrappers
Epoch 4/5 | Batch 412/2000 | Step 6412 | BCE 0.199798 | FTC 1.867517 | Total 2.067315
Task flag set to 0: 36/36 wrappers
Task flag set to 1: 36/36 wrappers
Epoch 4/5 | Batch 413/2000 | Step 6413 | BCE 0.112834 | FTC 1.237073 | Total 1.349908
Task flag set to 0: 36/36 wrappers
Task flag set to 1: 36/36 wrappers
Epoch 4/5 | Batch 414/2000 | Step 6414 | BCE 0.215867 | FTC 1.258259 | Total 1.474126
Task flag set to 0: 36/36 wrappers
Task flag set to 1: 36/36 wrappers
Epoch 4/5 | Batch 415/2000 | Step 6415 | BCE 0.756861 | FTC 1.741646 | Total 2.498507
Task flag set to 0: 36/36 wrappers
Task flag set to 1: 36/36 wrappers
Epoch 4/5 | Batch 416/2000 | Step 6416 | BCE 1.096864 | FTC 1.742106 | Total 2.838970
Task flag set to 0: 36/36 wrappers
Task flag set to 1: 36/36 wrappers
Epoch 4/5 | Batch 417/2000 | Step 6417 | BCE 0.321496 | FTC 1.860084 | Total 2.181580
Task flag set to 0: 36/36 wrappers
Task flag set to 1: 36/36 wrappers
Epoch 4/5 | Batch 418/2000 | Step 6418 | BCE 0.127858 | FTC 1.585749 | Total 1.713607
Task flag set to 0: 36/36 wrappers
Task flag set to 1: 36/36 wrappers
Epoch 4/5 | Batch 419/2000 | Step 6419 | BCE 0.092735 | FTC 1.361402 | Total 1.454136
Task flag set to 0: 36/36 wrappers
Task flag set to 1: 36/36 wrappers
Epoch 4/5 | Batch 420/2000 | Step 6420 | BCE 0.481184 | FTC 1.546323 | Total 2.027507
Task flag set to 0: 36/36 wrappers
Task flag set to 1: 36/36 wrappers
Epoch 4/5 | Batch 421/2000 | Step 6421 | BCE 0.167795 | FTC 1.627068 | Total 1.794863
Task flag set to 0: 36/36 wrappers
Task flag set to 1: 36/36 wrappers
Epoch 4/5 | Batch 422/2000 | Step 6422 | BCE 0.158319 | FTC 1.596829 | Total 1.755148
Task flag set to 0: 36/36 wrappers
Task flag set to 1: 36/36 wrappers
Epoch 4/5 | Batch 423/2000 | Step 6423 | BCE 0.088414 | FTC 1.969092 | Total 2.057507
Task flag set to 0: 36/36 wrappers
Task flag set to 1: 36/36 wrappers
Epoch 4/5 | Batch 424/2000 | Step 6424 | BCE 0.453166 | FTC 1.716612 | Total 2.169778
Task flag set to 0: 36/36 wrappers
Task flag set to 1: 36/36 wrappers
Epoch 4/5 | Batch 425/2000 | Step 6425 | BCE 0.150024 | FTC 1.542983 | Total 1.693007
Task flag set to 0: 36/36 wrappers
Task flag set to 1: 36/36 wrappers
Epoch 4/5 | Batch 426/2000 | Step 6426 | BCE 0.067331 | FTC 1.401627 | Total 1.468958
Task flag set to 0: 36/36 wrappers
Task flag set to 1: 36/36 wrappers
Epoch 4/5 | Batch 427/2000 | Step 6427 | BCE 0.438254 | FTC 1.236738 | Total 1.674992
Task flag set to 0: 36/36 wrappers
Task flag set to 1: 36/36 wrappers
Epoch 4/5 | Batch 428/2000 | Step 6428 | BCE 0.884236 | FTC 1.186962 | Total 2.071199
Task flag set to 0: 36/36 wrappers
Task flag set to 1: 36/36 wrappers
Epoch 4/5 | Batch 429/2000 | Step 6429 | BCE 0.155173 | FTC 1.679941 | Total 1.835114
Task flag set to 0: 36/36 wrappers
Task flag set to 1: 36/36 wrappers
Epoch 4/5 | Batch 430/2000 | Step 6430 | BCE 0.086703 | FTC 1.770592 | Total 1.857295
Task flag set to 0: 36/36 wrappers
Task flag set to 1: 36/36 wrappers
Epoch 4/5 | Batch 431/2000 | Step 6431 | BCE 0.082332 | FTC 1.613691 | Total 1.696023
Task flag set to 0: 36/36 wrappers
Task flag set to 1: 36/36 wrappers
Epoch 4/5 | Batch 432/2000 | Step 6432 | BCE 0.101912 | FTC 1.433875 | Total 1.535787
Task flag set to 0: 36/36 wrappers
Task flag set to 1: 36/36 wrappers
Epoch 4/5 | Batch 433/2000 | Step 6433 | BCE 0.198742 | FTC 1.686152 | Total 1.884894
Task flag set to 0: 36/36 wrappers
Task flag set to 1: 36/36 wrappers
Epoch 4/5 | Batch 434/2000 | Step 6434 | BCE 0.092715 | FTC 1.567501 | Total 1.660216
Task flag set to 0: 36/36 wrappers
Task flag set to 1: 36/36 wrappers
Epoch 4/5 | Batch 435/2000 | Step 6435 | BCE 0.023154 | FTC 1.535119 | Total 1.558273
Task flag set to 0: 36/36 wrappers
Task flag set to 1: 36/36 wrappers
Epoch 4/5 | Batch 436/2000 | Step 6436 | BCE 0.147153 | FTC 1.357204 | Total 1.504357
Task flag set to 0: 36/36 wrappers
Task flag set to 1: 36/36 wrappers
Epoch 4/5 | Batch 437/2000 | Step 6437 | BCE 0.146823 | FTC 1.402093 | Total 1.548916
Task flag set to 0: 36/36 wrappers
Task flag set to 1: 36/36 wrappers
Epoch 4/5 | Batch 438/2000 | Step 6438 | BCE 0.554189 | FTC 1.717777 | Total 2.271966
Task flag set to 0: 36/36 wrappers
Task flag set to 1: 36/36 wrappers
Epoch 4/5 | Batch 439/2000 | Step 6439 | BCE 0.241111 | FTC 1.434549 | Total 1.675661
Task flag set to 0: 36/36 wrappers
Task flag set to 1: 36/36 wrappers
Epoch 4/5 | Batch 440/2000 | Step 6440 | BCE 0.817610 | FTC 1.574435 | Total 2.392046
Task flag set to 0: 36/36 wrappers
Task flag set to 1: 36/36 wrappers
Epoch 4/5 | Batch 441/2000 | Step 6441 | BCE 0.022399 | FTC 1.620847 | Total 1.643246
Task flag set to 0: 36/36 wrappers
Task flag set to 1: 36/36 wrappers
Epoch 4/5 | Batch 442/2000 | Step 6442 | BCE 0.067754 | FTC 1.386890 | Total 1.454644
Task flag set to 0: 36/36 wrappers
Task flag set to 1: 36/36 wrappers
Epoch 4/5 | Batch 443/2000 | Step 6443 | BCE 0.989780 | FTC 1.973065 | Total 2.962845
Task flag set to 0: 36/36 wrappers
Task flag set to 1: 36/36 wrappers
Epoch 4/5 | Batch 444/2000 | Step 6444 | BCE 0.232151 | FTC 1.607159 | Total 1.839310
Task flag set to 0: 36/36 wrappers
Task flag set to 1: 36/36 wrappers
Epoch 4/5 | Batch 445/2000 | Step 6445 | BCE 0.022346 | FTC 1.484851 | Total 1.507197
Task flag set to 0: 36/36 wrappers
Task flag set to 1: 36/36 wrappers
Epoch 4/5 | Batch 446/2000 | Step 6446 | BCE 0.609872 | FTC 1.498276 | Total 2.108148
Task flag set to 0: 36/36 wrappers
Task flag set to 1: 36/36 wrappers
Epoch 4/5 | Batch 447/2000 | Step 6447 | BCE 0.089927 | FTC 1.316092 | Total 1.406019
Task flag set to 0: 36/36 wrappers
Task flag set to 1: 36/36 wrappers
Epoch 4/5 | Batch 448/2000 | Step 6448 | BCE 0.988761 | FTC 2.215845 | Total 3.204607
Task flag set to 0: 36/36 wrappers
Task flag set to 1: 36/36 wrappers
Epoch 4/5 | Batch 449/2000 | Step 6449 | BCE 1.152870 | FTC 2.088093 | Total 3.240963
Task flag set to 0: 36/36 wrappers
Task flag set to 1: 36/36 wrappers
Epoch 4/5 | Batch 450/2000 | Step 6450 | BCE 0.467767 | FTC 1.596274 | Total 2.064041
Task flag set to 0: 36/36 wrappers
Task flag set to 1: 36/36 wrappers
Epoch 4/5 | Batch 451/2000 | Step 6451 | BCE 0.221761 | FTC 1.441319 | Total 1.663081
Task flag set to 0: 36/36 wrappers
Task flag set to 1: 36/36 wrappers
Epoch 4/5 | Batch 452/2000 | Step 6452 | BCE 0.773172 | FTC 1.784075 | Total 2.557247
Task flag set to 0: 36/36 wrappers
Task flag set to 1: 36/36 wrappers
Epoch 4/5 | Batch 453/2000 | Step 6453 | BCE 0.267831 | FTC 1.502043 | Total 1.769873
Task flag set to 0: 36/36 wrappers
Task flag set to 1: 36/36 wrappers
Epoch 4/5 | Batch 454/2000 | Step 6454 | BCE 0.353366 | FTC 1.721053 | Total 2.074419
Task flag set to 0: 36/36 wrappers
Task flag set to 1: 36/36 wrappers
Epoch 4/5 | Batch 455/2000 | Step 6455 | BCE 0.081971 | FTC 1.235138 | Total 1.317109
Task flag set to 0: 36/36 wrappers
Task flag set to 1: 36/36 wrappers
Epoch 4/5 | Batch 456/2000 | Step 6456 | BCE 0.274322 | FTC 1.232593 | Total 1.506915
Task flag set to 0: 36/36 wrappers
Task flag set to 1: 36/36 wrappers
Epoch 4/5 | Batch 457/2000 | Step 6457 | BCE 0.785989 | FTC 1.451148 | Total 2.237137
Task flag set to 0: 36/36 wrappers
Task flag set to 1: 36/36 wrappers
Epoch 4/5 | Batch 458/2000 | Step 6458 | BCE 0.810993 | FTC 1.821425 | Total 2.632418
Task flag set to 0: 36/36 wrappers
Task flag set to 1: 36/36 wrappers
Epoch 4/5 | Batch 459/2000 | Step 6459 | BCE 0.280898 | FTC 1.370307 | Total 1.651206
Task flag set to 0: 36/36 wrappers
Task flag set to 1: 36/36 wrappers
Epoch 4/5 | Batch 460/2000 | Step 6460 | BCE 0.460657 | FTC 2.040756 | Total 2.501413
Task flag set to 0: 36/36 wrappers
Task flag set to 1: 36/36 wrappers
Epoch 4/5 | Batch 461/2000 | Step 6461 | BCE 0.089580 | FTC 1.442783 | Total 1.532363
Task flag set to 0: 36/36 wrappers
Task flag set to 1: 36/36 wrappers
Epoch 4/5 | Batch 462/2000 | Step 6462 | BCE 0.058063 | FTC 2.135825 | Total 2.193888
Task flag set to 0: 36/36 wrappers
Task flag set to 1: 36/36 wrappers
Epoch 4/5 | Batch 463/2000 | Step 6463 | BCE 0.308434 | FTC 1.936637 | Total 2.245071
Task flag set to 0: 36/36 wrappers
Task flag set to 1: 36/36 wrappers
Epoch 4/5 | Batch 464/2000 | Step 6464 | BCE 0.992731 | FTC 1.859843 | Total 2.852574
Task flag set to 0: 36/36 wrappers
Task flag set to 1: 36/36 wrappers
Epoch 4/5 | Batch 465/2000 | Step 6465 | BCE 0.629978 | FTC 0.989367 | Total 1.619345
Task flag set to 0: 36/36 wrappers
Task flag set to 1: 36/36 wrappers
Epoch 4/5 | Batch 466/2000 | Step 6466 | BCE 0.103375 | FTC 1.586432 | Total 1.689807
Task flag set to 0: 36/36 wrappers
Task flag set to 1: 36/36 wrappers
Epoch 4/5 | Batch 467/2000 | Step 6467 | BCE 0.225829 | FTC 1.860774 | Total 2.086602
Task flag set to 0: 36/36 wrappers
Task flag set to 1: 36/36 wrappers
Epoch 4/5 | Batch 468/2000 | Step 6468 | BCE 0.102947 | FTC 1.538632 | Total 1.641579
Task flag set to 0: 36/36 wrappers
Task flag set to 1: 36/36 wrappers
Epoch 4/5 | Batch 469/2000 | Step 6469 | BCE 0.258210 | FTC 1.466047 | Total 1.724258
Task flag set to 0: 36/36 wrappers
Task flag set to 1: 36/36 wrappers
Epoch 4/5 | Batch 470/2000 | Step 6470 | BCE 0.870759 | FTC 1.407773 | Total 2.278532
Task flag set to 0: 36/36 wrappers
Task flag set to 1: 36/36 wrappers
Epoch 4/5 | Batch 471/2000 | Step 6471 | BCE 0.250971 | FTC 1.609449 | Total 1.860420
Task flag set to 0: 36/36 wrappers
Task flag set to 1: 36/36 wrappers
Epoch 4/5 | Batch 472/2000 | Step 6472 | BCE 0.062655 | FTC 2.022404 | Total 2.085059
Task flag set to 0: 36/36 wrappers
Task flag set to 1: 36/36 wrappers
Epoch 4/5 | Batch 473/2000 | Step 6473 | BCE 0.084899 | FTC 1.654100 | Total 1.738999
Task flag set to 0: 36/36 wrappers
Task flag set to 1: 36/36 wrappers
Epoch 4/5 | Batch 474/2000 | Step 6474 | BCE 0.106342 | FTC 1.619886 | Total 1.726227
Task flag set to 0: 36/36 wrappers
Task flag set to 1: 36/36 wrappers
Epoch 4/5 | Batch 475/2000 | Step 6475 | BCE 0.243238 | FTC 1.394354 | Total 1.637592
Task flag set to 0: 36/36 wrappers
Task flag set to 1: 36/36 wrappers
Epoch 4/5 | Batch 476/2000 | Step 6476 | BCE 0.195379 | FTC 1.592566 | Total 1.787944
Task flag set to 0: 36/36 wrappers
Task flag set to 1: 36/36 wrappers
Epoch 4/5 | Batch 477/2000 | Step 6477 | BCE 0.223236 | FTC 1.659551 | Total 1.882787
Task flag set to 0: 36/36 wrappers
Task flag set to 1: 36/36 wrappers
Epoch 4/5 | Batch 478/2000 | Step 6478 | BCE 0.471331 | FTC 1.582337 | Total 2.053668
Task flag set to 0: 36/36 wrappers
Task flag set to 1: 36/36 wrappers
Epoch 4/5 | Batch 479/2000 | Step 6479 | BCE 1.309931 | FTC 2.141178 | Total 3.451109
Task flag set to 0: 36/36 wrappers
Task flag set to 1: 36/36 wrappers
Epoch 4/5 | Batch 480/2000 | Step 6480 | BCE 0.110498 | FTC 1.449801 | Total 1.560300
Task flag set to 0: 36/36 wrappers
Task flag set to 1: 36/36 wrappers
Epoch 4/5 | Batch 481/2000 | Step 6481 | BCE 0.090572 | FTC 1.488927 | Total 1.579499
Task flag set to 0: 36/36 wrappers
Task flag set to 1: 36/36 wrappers
Epoch 4/5 | Batch 482/2000 | Step 6482 | BCE 0.202343 | FTC 1.908844 | Total 2.111187
Task flag set to 0: 36/36 wrappers
Task flag set to 1: 36/36 wrappers
Epoch 4/5 | Batch 483/2000 | Step 6483 | BCE 0.134358 | FTC 1.846849 | Total 1.981207
Task flag set to 0: 36/36 wrappers
Task flag set to 1: 36/36 wrappers
Epoch 4/5 | Batch 484/2000 | Step 6484 | BCE 0.166422 | FTC 1.623589 | Total 1.790011
Task flag set to 0: 36/36 wrappers
Task flag set to 1: 36/36 wrappers
Epoch 4/5 | Batch 485/2000 | Step 6485 | BCE 0.158229 | FTC 1.562654 | Total 1.720884
Task flag set to 0: 36/36 wrappers
Task flag set to 1: 36/36 wrappers
Epoch 4/5 | Batch 486/2000 | Step 6486 | BCE 0.064789 | FTC 1.495518 | Total 1.560307
Task flag set to 0: 36/36 wrappers
Task flag set to 1: 36/36 wrappers
Epoch 4/5 | Batch 487/2000 | Step 6487 | BCE 0.074300 | FTC 1.288815 | Total 1.363115
Task flag set to 0: 36/36 wrappers
Task flag set to 1: 36/36 wrappers
Epoch 4/5 | Batch 488/2000 | Step 6488 | BCE 0.096730 | FTC 1.386139 | Total 1.482869
Task flag set to 0: 36/36 wrappers
Task flag set to 1: 36/36 wrappers
Epoch 4/5 | Batch 489/2000 | Step 6489 | BCE 1.094033 | FTC 1.921498 | Total 3.015531
Task flag set to 0: 36/36 wrappers
Task flag set to 1: 36/36 wrappers
Epoch 4/5 | Batch 490/2000 | Step 6490 | BCE 0.621950 | FTC 1.453337 | Total 2.075287
Task flag set to 0: 36/36 wrappers
Task flag set to 1: 36/36 wrappers
Epoch 4/5 | Batch 491/2000 | Step 6491 | BCE 0.750079 | FTC 1.682550 | Total 2.432628
Task flag set to 0: 36/36 wrappers
Task flag set to 1: 36/36 wrappers
Epoch 4/5 | Batch 492/2000 | Step 6492 | BCE 0.114036 | FTC 1.388985 | Total 1.503022
Task flag set to 0: 36/36 wrappers
Task flag set to 1: 36/36 wrappers
Epoch 4/5 | Batch 493/2000 | Step 6493 | BCE 0.086985 | FTC 1.452694 | Total 1.539679
Task flag set to 0: 36/36 wrappers
Task flag set to 1: 36/36 wrappers
Epoch 4/5 | Batch 494/2000 | Step 6494 | BCE 0.472681 | FTC 1.288920 | Total 1.761601
Task flag set to 0: 36/36 wrappers
Task flag set to 1: 36/36 wrappers
Epoch 4/5 | Batch 495/2000 | Step 6495 | BCE 0.177416 | FTC 1.378314 | Total 1.555730
Task flag set to 0: 36/36 wrappers
Task flag set to 1: 36/36 wrappers
Epoch 4/5 | Batch 496/2000 | Step 6496 | BCE 2.199427 | FTC 1.982064 | Total 4.181492
Task flag set to 0: 36/36 wrappers
Task flag set to 1: 36/36 wrappers
Epoch 4/5 | Batch 497/2000 | Step 6497 | BCE 0.654370 | FTC 1.459331 | Total 2.113701
Task flag set to 0: 36/36 wrappers
Task flag set to 1: 36/36 wrappers
Epoch 4/5 | Batch 498/2000 | Step 6498 | BCE 0.225956 | FTC 1.729840 | Total 1.955797
Task flag set to 0: 36/36 wrappers
Task flag set to 1: 36/36 wrappers
Epoch 4/5 | Batch 499/2000 | Step 6499 | BCE 0.757510 | FTC 1.412152 | Total 2.169662
Task flag set to 0: 36/36 wrappers
Task flag set to 1: 36/36 wrappers
Epoch 4/5 | Batch 500/2000 | Step 6500 | BCE 1.461930 | FTC 1.804610 | Total 3.266539
Task flag set to 0: 36/36 wrappers
Task flag set to 1: 36/36 wrappers
Epoch 4/5 | Batch 501/2000 | Step 6501 | BCE 0.234397 | FTC 1.564458 | Total 1.798855
Task flag set to 0: 36/36 wrappers
Task flag set to 1: 36/36 wrappers
Epoch 4/5 | Batch 502/2000 | Step 6502 | BCE 1.545807 | FTC 1.961527 | Total 3.507334
Task flag set to 0: 36/36 wrappers
Task flag set to 1: 36/36 wrappers
Epoch 4/5 | Batch 503/2000 | Step 6503 | BCE 0.459529 | FTC 1.485961 | Total 1.945490
Task flag set to 0: 36/36 wrappers
Task flag set to 1: 36/36 wrappers
Epoch 4/5 | Batch 504/2000 | Step 6504 | BCE 0.414037 | FTC 1.182291 | Total 1.596328
Task flag set to 0: 36/36 wrappers
Task flag set to 1: 36/36 wrappers
Epoch 4/5 | Batch 505/2000 | Step 6505 | BCE 0.251395 | FTC 1.845308 | Total 2.096703
Task flag set to 0: 36/36 wrappers
Task flag set to 1: 36/36 wrappers
Epoch 4/5 | Batch 506/2000 | Step 6506 | BCE 0.353948 | FTC 1.918641 | Total 2.272589
Task flag set to 0: 36/36 wrappers
Task flag set to 1: 36/36 wrappers
Epoch 4/5 | Batch 507/2000 | Step 6507 | BCE 0.240068 | FTC 1.710841 | Total 1.950909
Task flag set to 0: 36/36 wrappers
Task flag set to 1: 36/36 wrappers
Epoch 4/5 | Batch 508/2000 | Step 6508 | BCE 0.973573 | FTC 0.963773 | Total 1.937346
Task flag set to 0: 36/36 wrappers
Task flag set to 1: 36/36 wrappers
Epoch 4/5 | Batch 509/2000 | Step 6509 | BCE 0.618365 | FTC 1.701042 | Total 2.319407
Task flag set to 0: 36/36 wrappers
Task flag set to 1: 36/36 wrappers
Epoch 4/5 | Batch 510/2000 | Step 6510 | BCE 0.697058 | FTC 1.620839 | Total 2.317896
Task flag set to 0: 36/36 wrappers
Task flag set to 1: 36/36 wrappers
Epoch 4/5 | Batch 511/2000 | Step 6511 | BCE 0.173449 | FTC 2.081145 | Total 2.254593
Task flag set to 0: 36/36 wrappers
Task flag set to 1: 36/36 wrappers
Epoch 4/5 | Batch 512/2000 | Step 6512 | BCE 0.143843 | FTC 1.877101 | Total 2.020944
Task flag set to 0: 36/36 wrappers
Task flag set to 1: 36/36 wrappers
Epoch 4/5 | Batch 513/2000 | Step 6513 | BCE 0.588967 | FTC 2.145841 | Total 2.734808
Task flag set to 0: 36/36 wrappers
Task flag set to 1: 36/36 wrappers
Epoch 4/5 | Batch 514/2000 | Step 6514 | BCE 0.615502 | FTC 1.392547 | Total 2.008049
Task flag set to 0: 36/36 wrappers
Task flag set to 1: 36/36 wrappers
Epoch 4/5 | Batch 515/2000 | Step 6515 | BCE 0.394582 | FTC 2.089888 | Total 2.484470
Task flag set to 0: 36/36 wrappers
Task flag set to 1: 36/36 wrappers
Epoch 4/5 | Batch 516/2000 | Step 6516 | BCE 0.525748 | FTC 1.273002 | Total 1.798751
Task flag set to 0: 36/36 wrappers
Task flag set to 1: 36/36 wrappers
Epoch 4/5 | Batch 517/2000 | Step 6517 | BCE 0.254137 | FTC 1.694569 | Total 1.948705
Task flag set to 0: 36/36 wrappers
Task flag set to 1: 36/36 wrappers
Epoch 4/5 | Batch 518/2000 | Step 6518 | BCE 0.135497 | FTC 1.730622 | Total 1.866119
Task flag set to 0: 36/36 wrappers
Task flag set to 1: 36/36 wrappers
Epoch 4/5 | Batch 519/2000 | Step 6519 | BCE 0.291897 | FTC 1.740038 | Total 2.031935
Task flag set to 0: 36/36 wrappers
Task flag set to 1: 36/36 wrappers
Epoch 4/5 | Batch 520/2000 | Step 6520 | BCE 0.513641 | FTC 1.495105 | Total 2.008745
Task flag set to 0: 36/36 wrappers
Task flag set to 1: 36/36 wrappers
Epoch 4/5 | Batch 521/2000 | Step 6521 | BCE 0.472221 | FTC 1.261032 | Total 1.733254
Task flag set to 0: 36/36 wrappers
Task flag set to 1: 36/36 wrappers
Epoch 4/5 | Batch 522/2000 | Step 6522 | BCE 0.171378 | FTC 2.238925 | Total 2.410303
Task flag set to 0: 36/36 wrappers
Task flag set to 1: 36/36 wrappers
Epoch 4/5 | Batch 523/2000 | Step 6523 | BCE 0.251916 | FTC 1.533175 | Total 1.785091
Task flag set to 0: 36/36 wrappers
Task flag set to 1: 36/36 wrappers
Epoch 4/5 | Batch 524/2000 | Step 6524 | BCE 0.662835 | FTC 1.701174 | Total 2.364009
Task flag set to 0: 36/36 wrappers
Task flag set to 1: 36/36 wrappers
Epoch 4/5 | Batch 525/2000 | Step 6525 | BCE 0.246878 | FTC 1.332556 | Total 1.579434
Task flag set to 0: 36/36 wrappers
Task flag set to 1: 36/36 wrappers
Epoch 4/5 | Batch 526/2000 | Step 6526 | BCE 0.422205 | FTC 1.913300 | Total 2.335505
Task flag set to 0: 36/36 wrappers
Task flag set to 1: 36/36 wrappers
Epoch 4/5 | Batch 527/2000 | Step 6527 | BCE 0.544340 | FTC 1.334183 | Total 1.878523
Task flag set to 0: 36/36 wrappers
Task flag set to 1: 36/36 wrappers
Epoch 4/5 | Batch 528/2000 | Step 6528 | BCE 0.399768 | FTC 1.176904 | Total 1.576672
Task flag set to 0: 36/36 wrappers
Task flag set to 1: 36/36 wrappers
Epoch 4/5 | Batch 529/2000 | Step 6529 | BCE 0.382991 | FTC 1.588980 | Total 1.971971
Task flag set to 0: 36/36 wrappers
Task flag set to 1: 36/36 wrappers
Epoch 4/5 | Batch 530/2000 | Step 6530 | BCE 0.175657 | FTC 2.338710 | Total 2.514367
Task flag set to 0: 36/36 wrappers
Task flag set to 1: 36/36 wrappers
Epoch 4/5 | Batch 531/2000 | Step 6531 | BCE 0.285829 | FTC 1.776916 | Total 2.062745
Task flag set to 0: 36/36 wrappers
Task flag set to 1: 36/36 wrappers
Epoch 4/5 | Batch 532/2000 | Step 6532 | BCE 0.159306 | FTC 1.503015 | Total 1.662321
Task flag set to 0: 36/36 wrappers
Task flag set to 1: 36/36 wrappers
Epoch 4/5 | Batch 533/2000 | Step 6533 | BCE 0.251431 | FTC 1.802427 | Total 2.053858
Task flag set to 0: 36/36 wrappers
Task flag set to 1: 36/36 wrappers
Epoch 4/5 | Batch 534/2000 | Step 6534 | BCE 0.288943 | FTC 1.978749 | Total 2.267692
Task flag set to 0: 36/36 wrappers
Task flag set to 1: 36/36 wrappers
Epoch 4/5 | Batch 535/2000 | Step 6535 | BCE 0.242199 | FTC 1.694694 | Total 1.936892
Task flag set to 0: 36/36 wrappers
Task flag set to 1: 36/36 wrappers
Epoch 4/5 | Batch 536/2000 | Step 6536 | BCE 0.188560 | FTC 1.380578 | Total 1.569138
Task flag set to 0: 36/36 wrappers
Task flag set to 1: 36/36 wrappers
Epoch 4/5 | Batch 537/2000 | Step 6537 | BCE 0.362180 | FTC 1.125719 | Total 1.487899
Task flag set to 0: 36/36 wrappers
Task flag set to 1: 36/36 wrappers
Epoch 4/5 | Batch 538/2000 | Step 6538 | BCE 0.527673 | FTC 1.526661 | Total 2.054334
Task flag set to 0: 36/36 wrappers
Task flag set to 1: 36/36 wrappers
Epoch 4/5 | Batch 539/2000 | Step 6539 | BCE 0.146432 | FTC 1.734376 | Total 1.880808
Task flag set to 0: 36/36 wrappers
Task flag set to 1: 36/36 wrappers
Epoch 4/5 | Batch 540/2000 | Step 6540 | BCE 1.172645 | FTC 1.794821 | Total 2.967465
Task flag set to 0: 36/36 wrappers
Task flag set to 1: 36/36 wrappers
Epoch 4/5 | Batch 541/2000 | Step 6541 | BCE 0.159023 | FTC 1.764747 | Total 1.923770
Task flag set to 0: 36/36 wrappers
Task flag set to 1: 36/36 wrappers
Epoch 4/5 | Batch 542/2000 | Step 6542 | BCE 0.141465 | FTC 1.491634 | Total 1.633099
Task flag set to 0: 36/36 wrappers
Task flag set to 1: 36/36 wrappers
Epoch 4/5 | Batch 543/2000 | Step 6543 | BCE 0.904099 | FTC 1.372786 | Total 2.276884
Task flag set to 0: 36/36 wrappers
Task flag set to 1: 36/36 wrappers
Epoch 4/5 | Batch 544/2000 | Step 6544 | BCE 0.387874 | FTC 1.608059 | Total 1.995933
Task flag set to 0: 36/36 wrappers
Task flag set to 1: 36/36 wrappers
Epoch 4/5 | Batch 545/2000 | Step 6545 | BCE 0.797562 | FTC 1.042694 | Total 1.840256
Task flag set to 0: 36/36 wrappers
Task flag set to 1: 36/36 wrappers
Epoch 4/5 | Batch 546/2000 | Step 6546 | BCE 0.066290 | FTC 1.501437 | Total 1.567727
Task flag set to 0: 36/36 wrappers
Task flag set to 1: 36/36 wrappers
Epoch 4/5 | Batch 547/2000 | Step 6547 | BCE 0.319442 | FTC 1.053217 | Total 1.372659
Task flag set to 0: 36/36 wrappers
Task flag set to 1: 36/36 wrappers
Epoch 4/5 | Batch 548/2000 | Step 6548 | BCE 0.059947 | FTC 1.493376 | Total 1.553323
Task flag set to 0: 36/36 wrappers
Task flag set to 1: 36/36 wrappers
Epoch 4/5 | Batch 549/2000 | Step 6549 | BCE 0.405829 | FTC 1.394265 | Total 1.800094
Task flag set to 0: 36/36 wrappers
Task flag set to 1: 36/36 wrappers
Epoch 4/5 | Batch 550/2000 | Step 6550 | BCE 0.039168 | FTC 1.410722 | Total 1.449891
Task flag set to 0: 36/36 wrappers
Task flag set to 1: 36/36 wrappers
Epoch 4/5 | Batch 551/2000 | Step 6551 | BCE 0.584933 | FTC 1.193293 | Total 1.778226
Task flag set to 0: 36/36 wrappers
Task flag set to 1: 36/36 wrappers
Epoch 4/5 | Batch 552/2000 | Step 6552 | BCE 1.076873 | FTC 1.665642 | Total 2.742514
Task flag set to 0: 36/36 wrappers
Task flag set to 1: 36/36 wrappers
Epoch 4/5 | Batch 553/2000 | Step 6553 | BCE 0.541744 | FTC 1.139105 | Total 1.680850
Task flag set to 0: 36/36 wrappers
Task flag set to 1: 36/36 wrappers
Epoch 4/5 | Batch 554/2000 | Step 6554 | BCE 0.842363 | FTC 1.462912 | Total 2.305275
Task flag set to 0: 36/36 wrappers
Task flag set to 1: 36/36 wrappers
Epoch 4/5 | Batch 555/2000 | Step 6555 | BCE 0.113375 | FTC 1.933865 | Total 2.047240
Task flag set to 0: 36/36 wrappers
Task flag set to 1: 36/36 wrappers
Epoch 4/5 | Batch 556/2000 | Step 6556 | BCE 0.869798 | FTC 1.492937 | Total 2.362735
Task flag set to 0: 36/36 wrappers
Task flag set to 1: 36/36 wrappers
Epoch 4/5 | Batch 557/2000 | Step 6557 | BCE 0.813611 | FTC 1.901389 | Total 2.715000
Task flag set to 0: 36/36 wrappers
Task flag set to 1: 36/36 wrappers
Epoch 4/5 | Batch 558/2000 | Step 6558 | BCE 0.853473 | FTC 1.593305 | Total 2.446778
Task flag set to 0: 36/36 wrappers
Task flag set to 1: 36/36 wrappers
Epoch 4/5 | Batch 559/2000 | Step 6559 | BCE 0.214623 | FTC 1.580328 | Total 1.794950
Task flag set to 0: 36/36 wrappers
Task flag set to 1: 36/36 wrappers
Epoch 4/5 | Batch 560/2000 | Step 6560 | BCE 0.873924 | FTC 1.743303 | Total 2.617227
Task flag set to 0: 36/36 wrappers
Task flag set to 1: 36/36 wrappers
Epoch 4/5 | Batch 561/2000 | Step 6561 | BCE 0.439623 | FTC 1.421970 | Total 1.861593
Task flag set to 0: 36/36 wrappers
Task flag set to 1: 36/36 wrappers
Epoch 4/5 | Batch 562/2000 | Step 6562 | BCE 0.522119 | FTC 1.072767 | Total 1.594886
Task flag set to 0: 36/36 wrappers
Task flag set to 1: 36/36 wrappers
Epoch 4/5 | Batch 563/2000 | Step 6563 | BCE 0.586888 | FTC 1.539621 | Total 2.126509
Task flag set to 0: 36/36 wrappers
Task flag set to 1: 36/36 wrappers
Epoch 4/5 | Batch 564/2000 | Step 6564 | BCE 0.211702 | FTC 1.951213 | Total 2.162915
Task flag set to 0: 36/36 wrappers
Task flag set to 1: 36/36 wrappers
Epoch 4/5 | Batch 565/2000 | Step 6565 | BCE 0.593288 | FTC 1.561509 | Total 2.154798
Task flag set to 0: 36/36 wrappers
Task flag set to 1: 36/36 wrappers
Epoch 4/5 | Batch 566/2000 | Step 6566 | BCE 0.681920 | FTC 2.019913 | Total 2.701833
Task flag set to 0: 36/36 wrappers
Task flag set to 1: 36/36 wrappers
Epoch 4/5 | Batch 567/2000 | Step 6567 | BCE 0.226030 | FTC 1.186816 | Total 1.412846
Task flag set to 0: 36/36 wrappers
Task flag set to 1: 36/36 wrappers
Epoch 4/5 | Batch 568/2000 | Step 6568 | BCE 0.590286 | FTC 2.030740 | Total 2.621026
Task flag set to 0: 36/36 wrappers
Task flag set to 1: 36/36 wrappers
Epoch 4/5 | Batch 569/2000 | Step 6569 | BCE 0.251076 | FTC 1.602995 | Total 1.854071
Task flag set to 0: 36/36 wrappers
Task flag set to 1: 36/36 wrappers
Epoch 4/5 | Batch 570/2000 | Step 6570 | BCE 0.357353 | FTC 1.486888 | Total 1.844241
Task flag set to 0: 36/36 wrappers
Task flag set to 1: 36/36 wrappers
Epoch 4/5 | Batch 571/2000 | Step 6571 | BCE 0.813669 | FTC 1.900729 | Total 2.714399
Task flag set to 0: 36/36 wrappers
Task flag set to 1: 36/36 wrappers
Epoch 4/5 | Batch 572/2000 | Step 6572 | BCE 0.732298 | FTC 1.487406 | Total 2.219704
Task flag set to 0: 36/36 wrappers
Task flag set to 1: 36/36 wrappers
Epoch 4/5 | Batch 573/2000 | Step 6573 | BCE 0.159253 | FTC 1.730322 | Total 1.889575
Task flag set to 0: 36/36 wrappers
Task flag set to 1: 36/36 wrappers
Epoch 4/5 | Batch 574/2000 | Step 6574 | BCE 0.911048 | FTC 0.883086 | Total 1.794134
Task flag set to 0: 36/36 wrappers
Task flag set to 1: 36/36 wrappers
Epoch 4/5 | Batch 575/2000 | Step 6575 | BCE 0.298570 | FTC 1.570061 | Total 1.868632
Task flag set to 0: 36/36 wrappers
Task flag set to 1: 36/36 wrappers
Epoch 4/5 | Batch 576/2000 | Step 6576 | BCE 0.422990 | FTC 1.811928 | Total 2.234918
Task flag set to 0: 36/36 wrappers
Task flag set to 1: 36/36 wrappers
Epoch 4/5 | Batch 577/2000 | Step 6577 | BCE 0.168193 | FTC 1.674448 | Total 1.842641
Task flag set to 0: 36/36 wrappers
Task flag set to 1: 36/36 wrappers
Epoch 4/5 | Batch 578/2000 | Step 6578 | BCE 0.550373 | FTC 1.763940 | Total 2.314313
Task flag set to 0: 36/36 wrappers
Task flag set to 1: 36/36 wrappers
Epoch 4/5 | Batch 579/2000 | Step 6579 | BCE 0.291277 | FTC 1.441460 | Total 1.732738
Task flag set to 0: 36/36 wrappers
Task flag set to 1: 36/36 wrappers
Epoch 4/5 | Batch 580/2000 | Step 6580 | BCE 0.340016 | FTC 1.251984 | Total 1.592000
Task flag set to 0: 36/36 wrappers
Task flag set to 1: 36/36 wrappers
Epoch 4/5 | Batch 581/2000 | Step 6581 | BCE 0.043213 | FTC 1.591513 | Total 1.634726
Task flag set to 0: 36/36 wrappers
Task flag set to 1: 36/36 wrappers
Epoch 4/5 | Batch 582/2000 | Step 6582 | BCE 0.827486 | FTC 1.206218 | Total 2.033704
Task flag set to 0: 36/36 wrappers
Task flag set to 1: 36/36 wrappers
Epoch 4/5 | Batch 583/2000 | Step 6583 | BCE 0.638661 | FTC 1.397753 | Total 2.036414
Task flag set to 0: 36/36 wrappers
Task flag set to 1: 36/36 wrappers
Epoch 4/5 | Batch 584/2000 | Step 6584 | BCE 0.397621 | FTC 1.666185 | Total 2.063805
Task flag set to 0: 36/36 wrappers
Task flag set to 1: 36/36 wrappers
Epoch 4/5 | Batch 585/2000 | Step 6585 | BCE 1.019204 | FTC 1.495522 | Total 2.514726
Task flag set to 0: 36/36 wrappers
Task flag set to 1: 36/36 wrappers
Epoch 4/5 | Batch 586/2000 | Step 6586 | BCE 0.213867 | FTC 1.538118 | Total 1.751985
Task flag set to 0: 36/36 wrappers
Task flag set to 1: 36/36 wrappers
Epoch 4/5 | Batch 587/2000 | Step 6587 | BCE 0.309754 | FTC 1.793096 | Total 2.102849
Task flag set to 0: 36/36 wrappers
Task flag set to 1: 36/36 wrappers
Epoch 4/5 | Batch 588/2000 | Step 6588 | BCE 0.302974 | FTC 1.910026 | Total 2.213000
Task flag set to 0: 36/36 wrappers
Task flag set to 1: 36/36 wrappers
Epoch 4/5 | Batch 589/2000 | Step 6589 | BCE 0.585591 | FTC 1.369811 | Total 1.955402
Task flag set to 0: 36/36 wrappers
Task flag set to 1: 36/36 wrappers
Epoch 4/5 | Batch 590/2000 | Step 6590 | BCE 0.087761 | FTC 1.518404 | Total 1.606165
Task flag set to 0: 36/36 wrappers
Task flag set to 1: 36/36 wrappers
Epoch 4/5 | Batch 591/2000 | Step 6591 | BCE 0.218028 | FTC 1.886990 | Total 2.105019
Task flag set to 0: 36/36 wrappers
Task flag set to 1: 36/36 wrappers
Epoch 4/5 | Batch 592/2000 | Step 6592 | BCE 0.092838 | FTC 1.577161 | Total 1.669999
Task flag set to 0: 36/36 wrappers
Task flag set to 1: 36/36 wrappers
Epoch 4/5 | Batch 593/2000 | Step 6593 | BCE 0.092930 | FTC 1.956128 | Total 2.049057
Task flag set to 0: 36/36 wrappers
Task flag set to 1: 36/36 wrappers
Epoch 4/5 | Batch 594/2000 | Step 6594 | BCE 0.125833 | FTC 1.885256 | Total 2.011089
Task flag set to 0: 36/36 wrappers
Task flag set to 1: 36/36 wrappers
Epoch 4/5 | Batch 595/2000 | Step 6595 | BCE 0.106085 | FTC 1.624460 | Total 1.730545
Task flag set to 0: 36/36 wrappers
Task flag set to 1: 36/36 wrappers
Epoch 4/5 | Batch 596/2000 | Step 6596 | BCE 0.074754 | FTC 1.652036 | Total 1.726790
Task flag set to 0: 36/36 wrappers
Task flag set to 1: 36/36 wrappers
Epoch 4/5 | Batch 597/2000 | Step 6597 | BCE 0.862142 | FTC 1.571413 | Total 2.433555
Task flag set to 0: 36/36 wrappers
Task flag set to 1: 36/36 wrappers
Epoch 4/5 | Batch 598/2000 | Step 6598 | BCE 0.162597 | FTC 1.410989 | Total 1.573587
Task flag set to 0: 36/36 wrappers
Task flag set to 1: 36/36 wrappers
Epoch 4/5 | Batch 599/2000 | Step 6599 | BCE 0.080937 | FTC 1.309622 | Total 1.390558
Task flag set to 0: 36/36 wrappers
Task flag set to 1: 36/36 wrappers
Epoch 4/5 | Batch 600/2000 | Step 6600 | BCE 0.069780 | FTC 1.555215 | Total 1.624995
Task flag set to 0: 36/36 wrappers
Task flag set to 1: 36/36 wrappers
Epoch 4/5 | Batch 601/2000 | Step 6601 | BCE 0.073844 | FTC 1.240668 | Total 1.314512
Task flag set to 0: 36/36 wrappers
Task flag set to 1: 36/36 wrappers
Epoch 4/5 | Batch 602/2000 | Step 6602 | BCE 1.440605 | FTC 1.620242 | Total 3.060847
Task flag set to 0: 36/36 wrappers
Task flag set to 1: 36/36 wrappers
Epoch 4/5 | Batch 603/2000 | Step 6603 | BCE 1.021284 | FTC 1.849808 | Total 2.871092
Task flag set to 0: 36/36 wrappers
Task flag set to 1: 36/36 wrappers
Epoch 4/5 | Batch 604/2000 | Step 6604 | BCE 0.059359 | FTC 1.813904 | Total 1.873263
Task flag set to 0: 36/36 wrappers
Task flag set to 1: 36/36 wrappers
Epoch 4/5 | Batch 605/2000 | Step 6605 | BCE 0.482593 | FTC 1.434806 | Total 1.917400
Task flag set to 0: 36/36 wrappers
Task flag set to 1: 36/36 wrappers
Epoch 4/5 | Batch 606/2000 | Step 6606 | BCE 0.119838 | FTC 1.642796 | Total 1.762634
Task flag set to 0: 36/36 wrappers
Task flag set to 1: 36/36 wrappers
Epoch 4/5 | Batch 607/2000 | Step 6607 | BCE 0.235008 | FTC 1.018862 | Total 1.253869
Task flag set to 0: 36/36 wrappers
Task flag set to 1: 36/36 wrappers
Epoch 4/5 | Batch 608/2000 | Step 6608 | BCE 0.269200 | FTC 1.931044 | Total 2.200243
Task flag set to 0: 36/36 wrappers
Task flag set to 1: 36/36 wrappers
Epoch 4/5 | Batch 609/2000 | Step 6609 | BCE 0.100056 | FTC 1.854575 | Total 1.954631
Task flag set to 0: 36/36 wrappers
Task flag set to 1: 36/36 wrappers
Epoch 4/5 | Batch 610/2000 | Step 6610 | BCE 0.163753 | FTC 1.382889 | Total 1.546642
Task flag set to 0: 36/36 wrappers
Task flag set to 1: 36/36 wrappers
Epoch 4/5 | Batch 611/2000 | Step 6611 | BCE 0.332755 | FTC 1.534328 | Total 1.867083
Task flag set to 0: 36/36 wrappers
Task flag set to 1: 36/36 wrappers
Epoch 4/5 | Batch 612/2000 | Step 6612 | BCE 0.575893 | FTC 1.305053 | Total 1.880946
Task flag set to 0: 36/36 wrappers
Task flag set to 1: 36/36 wrappers
Epoch 4/5 | Batch 613/2000 | Step 6613 | BCE 0.149294 | FTC 1.956830 | Total 2.106124
Task flag set to 0: 36/36 wrappers
Task flag set to 1: 36/36 wrappers
Epoch 4/5 | Batch 614/2000 | Step 6614 | BCE 0.849787 | FTC 1.720812 | Total 2.570599
Task flag set to 0: 36/36 wrappers
Task flag set to 1: 36/36 wrappers
Epoch 4/5 | Batch 615/2000 | Step 6615 | BCE 0.922580 | FTC 1.478974 | Total 2.401554
Task flag set to 0: 36/36 wrappers
Task flag set to 1: 36/36 wrappers
Epoch 4/5 | Batch 616/2000 | Step 6616 | BCE 0.719419 | FTC 1.751133 | Total 2.470552
Task flag set to 0: 36/36 wrappers
Task flag set to 1: 36/36 wrappers
Epoch 4/5 | Batch 617/2000 | Step 6617 | BCE 0.141317 | FTC 1.324693 | Total 1.466009
Task flag set to 0: 36/36 wrappers
Task flag set to 1: 36/36 wrappers
Epoch 4/5 | Batch 618/2000 | Step 6618 | BCE 0.238332 | FTC 1.886380 | Total 2.124712
Task flag set to 0: 36/36 wrappers
Task flag set to 1: 36/36 wrappers
Epoch 4/5 | Batch 619/2000 | Step 6619 | BCE 0.045733 | FTC 1.412091 | Total 1.457825
Task flag set to 0: 36/36 wrappers
Task flag set to 1: 36/36 wrappers
Epoch 4/5 | Batch 620/2000 | Step 6620 | BCE 0.250469 | FTC 1.749123 | Total 1.999591
Task flag set to 0: 36/36 wrappers
Task flag set to 1: 36/36 wrappers
Epoch 4/5 | Batch 621/2000 | Step 6621 | BCE 0.088212 | FTC 1.491485 | Total 1.579697
Task flag set to 0: 36/36 wrappers
Task flag set to 1: 36/36 wrappers
Epoch 4/5 | Batch 622/2000 | Step 6622 | BCE 0.670411 | FTC 1.914770 | Total 2.585181
Task flag set to 0: 36/36 wrappers
Task flag set to 1: 36/36 wrappers
Epoch 4/5 | Batch 623/2000 | Step 6623 | BCE 1.151650 | FTC 1.125650 | Total 2.277300
Task flag set to 0: 36/36 wrappers
Task flag set to 1: 36/36 wrappers
Epoch 4/5 | Batch 624/2000 | Step 6624 | BCE 0.134042 | FTC 1.702718 | Total 1.836759
Task flag set to 0: 36/36 wrappers
Task flag set to 1: 36/36 wrappers
Epoch 4/5 | Batch 625/2000 | Step 6625 | BCE 0.852205 | FTC 0.950209 | Total 1.802415
Task flag set to 0: 36/36 wrappers
Task flag set to 1: 36/36 wrappers
Epoch 4/5 | Batch 626/2000 | Step 6626 | BCE 0.231709 | FTC 1.875412 | Total 2.107121
Task flag set to 0: 36/36 wrappers
Task flag set to 1: 36/36 wrappers
Epoch 4/5 | Batch 627/2000 | Step 6627 | BCE 0.446382 | FTC 0.820334 | Total 1.266716
Task flag set to 0: 36/36 wrappers
Task flag set to 1: 36/36 wrappers
Epoch 4/5 | Batch 628/2000 | Step 6628 | BCE 0.187641 | FTC 1.800940 | Total 1.988580
Task flag set to 0: 36/36 wrappers
Task flag set to 1: 36/36 wrappers
Epoch 4/5 | Batch 629/2000 | Step 6629 | BCE 1.134245 | FTC 1.950933 | Total 3.085179
Task flag set to 0: 36/36 wrappers
Task flag set to 1: 36/36 wrappers
Epoch 4/5 | Batch 630/2000 | Step 6630 | BCE 0.030911 | FTC 1.249816 | Total 1.280727
Task flag set to 0: 36/36 wrappers
Task flag set to 1: 36/36 wrappers
Epoch 4/5 | Batch 631/2000 | Step 6631 | BCE 0.260739 | FTC 1.753436 | Total 2.014175
Task flag set to 0: 36/36 wrappers
Task flag set to 1: 36/36 wrappers
Epoch 4/5 | Batch 632/2000 | Step 6632 | BCE 1.027306 | FTC 1.906705 | Total 2.934011
Task flag set to 0: 36/36 wrappers
Task flag set to 1: 36/36 wrappers
Epoch 4/5 | Batch 633/2000 | Step 6633 | BCE 0.206258 | FTC 1.533715 | Total 1.739973
Task flag set to 0: 36/36 wrappers
Task flag set to 1: 36/36 wrappers
Epoch 4/5 | Batch 634/2000 | Step 6634 | BCE 0.247236 | FTC 1.213483 | Total 1.460719
Task flag set to 0: 36/36 wrappers
Task flag set to 1: 36/36 wrappers
Epoch 4/5 | Batch 635/2000 | Step 6635 | BCE 0.585042 | FTC 0.705108 | Total 1.290150
Task flag set to 0: 36/36 wrappers
Task flag set to 1: 36/36 wrappers
Epoch 4/5 | Batch 636/2000 | Step 6636 | BCE 0.205384 | FTC 1.470518 | Total 1.675902
Task flag set to 0: 36/36 wrappers
Task flag set to 1: 36/36 wrappers
Epoch 4/5 | Batch 637/2000 | Step 6637 | BCE 0.199535 | FTC 1.569944 | Total 1.769479
Task flag set to 0: 36/36 wrappers
Task flag set to 1: 36/36 wrappers
Epoch 4/5 | Batch 638/2000 | Step 6638 | BCE 0.544113 | FTC 1.341442 | Total 1.885555
Task flag set to 0: 36/36 wrappers
Task flag set to 1: 36/36 wrappers
Epoch 4/5 | Batch 639/2000 | Step 6639 | BCE 0.383631 | FTC 1.265271 | Total 1.648901
Task flag set to 0: 36/36 wrappers
Task flag set to 1: 36/36 wrappers
Epoch 4/5 | Batch 640/2000 | Step 6640 | BCE 0.649173 | FTC 1.835366 | Total 2.484540
Task flag set to 0: 36/36 wrappers
Task flag set to 1: 36/36 wrappers
Epoch 4/5 | Batch 641/2000 | Step 6641 | BCE 1.225409 | FTC 1.663365 | Total 2.888773
Task flag set to 0: 36/36 wrappers
Task flag set to 1: 36/36 wrappers
Epoch 4/5 | Batch 642/2000 | Step 6642 | BCE 0.376390 | FTC 1.454514 | Total 1.830904
Task flag set to 0: 36/36 wrappers
Task flag set to 1: 36/36 wrappers
Epoch 4/5 | Batch 643/2000 | Step 6643 | BCE 0.355945 | FTC 2.008633 | Total 2.364578
Task flag set to 0: 36/36 wrappers
Task flag set to 1: 36/36 wrappers
Epoch 4/5 | Batch 644/2000 | Step 6644 | BCE 0.736186 | FTC 1.955205 | Total 2.691391
Task flag set to 0: 36/36 wrappers
Task flag set to 1: 36/36 wrappers
Epoch 4/5 | Batch 645/2000 | Step 6645 | BCE 0.345633 | FTC 1.681478 | Total 2.027110
Task flag set to 0: 36/36 wrappers
Task flag set to 1: 36/36 wrappers
Epoch 4/5 | Batch 646/2000 | Step 6646 | BCE 0.450505 | FTC 1.195375 | Total 1.645880
Task flag set to 0: 36/36 wrappers
Task flag set to 1: 36/36 wrappers
Epoch 4/5 | Batch 647/2000 | Step 6647 | BCE 0.121142 | FTC 1.441712 | Total 1.562854
Task flag set to 0: 36/36 wrappers
Task flag set to 1: 36/36 wrappers
Epoch 4/5 | Batch 648/2000 | Step 6648 | BCE 0.314854 | FTC 1.782295 | Total 2.097148
Task flag set to 0: 36/36 wrappers
Task flag set to 1: 36/36 wrappers
Epoch 4/5 | Batch 649/2000 | Step 6649 | BCE 0.134346 | FTC 1.438181 | Total 1.572527
Task flag set to 0: 36/36 wrappers
Task flag set to 1: 36/36 wrappers
Epoch 4/5 | Batch 650/2000 | Step 6650 | BCE 0.098153 | FTC 1.597770 | Total 1.695924
Task flag set to 0: 36/36 wrappers
Task flag set to 1: 36/36 wrappers
Epoch 4/5 | Batch 651/2000 | Step 6651 | BCE 0.634336 | FTC 1.168449 | Total 1.802785
Task flag set to 0: 36/36 wrappers
Task flag set to 1: 36/36 wrappers
Epoch 4/5 | Batch 652/2000 | Step 6652 | BCE 0.297811 | FTC 1.581624 | Total 1.879436
Task flag set to 0: 36/36 wrappers
Task flag set to 1: 36/36 wrappers
Epoch 4/5 | Batch 653/2000 | Step 6653 | BCE 0.157097 | FTC 1.538721 | Total 1.695818
Task flag set to 0: 36/36 wrappers
Task flag set to 1: 36/36 wrappers
Epoch 4/5 | Batch 654/2000 | Step 6654 | BCE 0.140552 | FTC 1.872478 | Total 2.013030
Task flag set to 0: 36/36 wrappers
Task flag set to 1: 36/36 wrappers
Epoch 4/5 | Batch 655/2000 | Step 6655 | BCE 0.923534 | FTC 1.513946 | Total 2.437479
Task flag set to 0: 36/36 wrappers
Task flag set to 1: 36/36 wrappers
Epoch 4/5 | Batch 656/2000 | Step 6656 | BCE 0.186907 | FTC 1.664791 | Total 1.851698
Task flag set to 0: 36/36 wrappers
Task flag set to 1: 36/36 wrappers
Epoch 4/5 | Batch 657/2000 | Step 6657 | BCE 0.127625 | FTC 1.485597 | Total 1.613222
Task flag set to 0: 36/36 wrappers
Task flag set to 1: 36/36 wrappers
Epoch 4/5 | Batch 658/2000 | Step 6658 | BCE 0.235984 | FTC 1.529012 | Total 1.764996
Task flag set to 0: 36/36 wrappers
Task flag set to 1: 36/36 wrappers
Epoch 4/5 | Batch 659/2000 | Step 6659 | BCE 0.251125 | FTC 1.007089 | Total 1.258214
Task flag set to 0: 36/36 wrappers
Task flag set to 1: 36/36 wrappers
Epoch 4/5 | Batch 660/2000 | Step 6660 | BCE 0.205368 | FTC 1.784018 | Total 1.989386
Task flag set to 0: 36/36 wrappers
Task flag set to 1: 36/36 wrappers
Epoch 4/5 | Batch 661/2000 | Step 6661 | BCE 0.081394 | FTC 1.473131 | Total 1.554525
Task flag set to 0: 36/36 wrappers
Task flag set to 1: 36/36 wrappers
Epoch 4/5 | Batch 662/2000 | Step 6662 | BCE 0.096527 | FTC 1.400199 | Total 1.496726
Task flag set to 0: 36/36 wrappers
Task flag set to 1: 36/36 wrappers
Epoch 4/5 | Batch 663/2000 | Step 6663 | BCE 0.368633 | FTC 1.639333 | Total 2.007967
Task flag set to 0: 36/36 wrappers
Task flag set to 1: 36/36 wrappers
Epoch 4/5 | Batch 664/2000 | Step 6664 | BCE 0.284998 | FTC 1.587234 | Total 1.872232
Task flag set to 0: 36/36 wrappers
Task flag set to 1: 36/36 wrappers
Epoch 4/5 | Batch 665/2000 | Step 6665 | BCE 0.825228 | FTC 1.673757 | Total 2.498985
Task flag set to 0: 36/36 wrappers
Task flag set to 1: 36/36 wrappers
Epoch 4/5 | Batch 666/2000 | Step 6666 | BCE 1.195758 | FTC 2.256173 | Total 3.451930
Task flag set to 0: 36/36 wrappers
Task flag set to 1: 36/36 wrappers
Epoch 4/5 | Batch 667/2000 | Step 6667 | BCE 0.045067 | FTC 1.325901 | Total 1.370968
Task flag set to 0: 36/36 wrappers
Task flag set to 1: 36/36 wrappers
Epoch 4/5 | Batch 668/2000 | Step 6668 | BCE 1.521715 | FTC 1.785825 | Total 3.307539
Task flag set to 0: 36/36 wrappers
Task flag set to 1: 36/36 wrappers
Epoch 4/5 | Batch 669/2000 | Step 6669 | BCE 0.224216 | FTC 1.759634 | Total 1.983850
Task flag set to 0: 36/36 wrappers
Task flag set to 1: 36/36 wrappers
Epoch 4/5 | Batch 670/2000 | Step 6670 | BCE 0.049087 | FTC 1.490928 | Total 1.540015
Task flag set to 0: 36/36 wrappers
Task flag set to 1: 36/36 wrappers
Epoch 4/5 | Batch 671/2000 | Step 6671 | BCE 1.024966 | FTC 1.598065 | Total 2.623030
Task flag set to 0: 36/36 wrappers
Task flag set to 1: 36/36 wrappers
Epoch 4/5 | Batch 672/2000 | Step 6672 | BCE 0.241533 | FTC 1.974174 | Total 2.215706
Task flag set to 0: 36/36 wrappers
Task flag set to 1: 36/36 wrappers
Epoch 4/5 | Batch 673/2000 | Step 6673 | BCE 0.502072 | FTC 1.768970 | Total 2.271042
Task flag set to 0: 36/36 wrappers
Task flag set to 1: 36/36 wrappers
Epoch 4/5 | Batch 674/2000 | Step 6674 | BCE 0.270617 | FTC 1.356220 | Total 1.626837
Task flag set to 0: 36/36 wrappers
Task flag set to 1: 36/36 wrappers
Epoch 4/5 | Batch 675/2000 | Step 6675 | BCE 0.560599 | FTC 1.248335 | Total 1.808934
Task flag set to 0: 36/36 wrappers
Task flag set to 1: 36/36 wrappers
Epoch 4/5 | Batch 676/2000 | Step 6676 | BCE 1.248249 | FTC 1.840323 | Total 3.088572
Task flag set to 0: 36/36 wrappers
Task flag set to 1: 36/36 wrappers
Epoch 4/5 | Batch 677/2000 | Step 6677 | BCE 0.105454 | FTC 1.467076 | Total 1.572530
Task flag set to 0: 36/36 wrappers
Task flag set to 1: 36/36 wrappers
Epoch 4/5 | Batch 678/2000 | Step 6678 | BCE 0.056334 | FTC 1.335484 | Total 1.391817
Task flag set to 0: 36/36 wrappers
Task flag set to 1: 36/36 wrappers
Epoch 4/5 | Batch 679/2000 | Step 6679 | BCE 0.161327 | FTC 1.801176 | Total 1.962503
Task flag set to 0: 36/36 wrappers
Task flag set to 1: 36/36 wrappers
Epoch 4/5 | Batch 680/2000 | Step 6680 | BCE 0.082469 | FTC 1.595368 | Total 1.677837
Task flag set to 0: 36/36 wrappers
Task flag set to 1: 36/36 wrappers
Epoch 4/5 | Batch 681/2000 | Step 6681 | BCE 0.263584 | FTC 1.709522 | Total 1.973106
Task flag set to 0: 36/36 wrappers
Task flag set to 1: 36/36 wrappers
Epoch 4/5 | Batch 682/2000 | Step 6682 | BCE 0.153781 | FTC 1.592012 | Total 1.745793
Task flag set to 0: 36/36 wrappers
Task flag set to 1: 36/36 wrappers
Epoch 4/5 | Batch 683/2000 | Step 6683 | BCE 0.358714 | FTC 1.559347 | Total 1.918061
Task flag set to 0: 36/36 wrappers
Task flag set to 1: 36/36 wrappers
Epoch 4/5 | Batch 684/2000 | Step 6684 | BCE 0.750580 | FTC 1.766440 | Total 2.517020
Task flag set to 0: 36/36 wrappers
Task flag set to 1: 36/36 wrappers
Epoch 4/5 | Batch 685/2000 | Step 6685 | BCE 0.082304 | FTC 1.375078 | Total 1.457382
Task flag set to 0: 36/36 wrappers
Task flag set to 1: 36/36 wrappers
Epoch 4/5 | Batch 686/2000 | Step 6686 | BCE 0.805041 | FTC 2.254587 | Total 3.059628
Task flag set to 0: 36/36 wrappers
Task flag set to 1: 36/36 wrappers
Epoch 4/5 | Batch 687/2000 | Step 6687 | BCE 0.021789 | FTC 1.637305 | Total 1.659094
Task flag set to 0: 36/36 wrappers
Task flag set to 1: 36/36 wrappers
Epoch 4/5 | Batch 688/2000 | Step 6688 | BCE 1.002228 | FTC 1.715068 | Total 2.717296
Task flag set to 0: 36/36 wrappers
Task flag set to 1: 36/36 wrappers
Epoch 4/5 | Batch 689/2000 | Step 6689 | BCE 0.093667 | FTC 1.413104 | Total 1.506771
Task flag set to 0: 36/36 wrappers
Task flag set to 1: 36/36 wrappers
Epoch 4/5 | Batch 690/2000 | Step 6690 | BCE 0.920901 | FTC 1.692581 | Total 2.613482
Task flag set to 0: 36/36 wrappers
Task flag set to 1: 36/36 wrappers
Epoch 4/5 | Batch 691/2000 | Step 6691 | BCE 0.643681 | FTC 1.473158 | Total 2.116839
Task flag set to 0: 36/36 wrappers
Task flag set to 1: 36/36 wrappers
Epoch 4/5 | Batch 692/2000 | Step 6692 | BCE 0.210616 | FTC 1.676866 | Total 1.887482
Task flag set to 0: 36/36 wrappers
Task flag set to 1: 36/36 wrappers
Epoch 4/5 | Batch 693/2000 | Step 6693 | BCE 0.504144 | FTC 1.295324 | Total 1.799468
Task flag set to 0: 36/36 wrappers
Task flag set to 1: 36/36 wrappers
Epoch 4/5 | Batch 694/2000 | Step 6694 | BCE 0.196471 | FTC 1.794346 | Total 1.990817
Task flag set to 0: 36/36 wrappers
Task flag set to 1: 36/36 wrappers
Epoch 4/5 | Batch 695/2000 | Step 6695 | BCE 0.178727 | FTC 1.765116 | Total 1.943843
Task flag set to 0: 36/36 wrappers
Task flag set to 1: 36/36 wrappers
Epoch 4/5 | Batch 696/2000 | Step 6696 | BCE 0.051722 | FTC 1.120059 | Total 1.171781
Task flag set to 0: 36/36 wrappers
Task flag set to 1: 36/36 wrappers
Epoch 4/5 | Batch 697/2000 | Step 6697 | BCE 0.080705 | FTC 1.615757 | Total 1.696462
Task flag set to 0: 36/36 wrappers
Task flag set to 1: 36/36 wrappers
Epoch 4/5 | Batch 698/2000 | Step 6698 | BCE 1.154910 | FTC 1.562104 | Total 2.717014
Task flag set to 0: 36/36 wrappers
Task flag set to 1: 36/36 wrappers
Epoch 4/5 | Batch 699/2000 | Step 6699 | BCE 0.582049 | FTC 2.006630 | Total 2.588679
Task flag set to 0: 36/36 wrappers
Task flag set to 1: 36/36 wrappers
Epoch 4/5 | Batch 700/2000 | Step 6700 | BCE 0.459351 | FTC 1.491901 | Total 1.951252
Task flag set to 0: 36/36 wrappers
Task flag set to 1: 36/36 wrappers
Epoch 4/5 | Batch 701/2000 | Step 6701 | BCE 0.894662 | FTC 1.104946 | Total 1.999608
Task flag set to 0: 36/36 wrappers
Task flag set to 1: 36/36 wrappers
Epoch 4/5 | Batch 702/2000 | Step 6702 | BCE 0.344828 | FTC 1.312273 | Total 1.657101
Task flag set to 0: 36/36 wrappers
Task flag set to 1: 36/36 wrappers
Epoch 4/5 | Batch 703/2000 | Step 6703 | BCE 0.087512 | FTC 1.468163 | Total 1.555674
Task flag set to 0: 36/36 wrappers
Task flag set to 1: 36/36 wrappers
Epoch 4/5 | Batch 704/2000 | Step 6704 | BCE 0.262323 | FTC 1.634865 | Total 1.897188
Task flag set to 0: 36/36 wrappers
Task flag set to 1: 36/36 wrappers
Epoch 4/5 | Batch 705/2000 | Step 6705 | BCE 0.802920 | FTC 1.995759 | Total 2.798680
Task flag set to 0: 36/36 wrappers
Task flag set to 1: 36/36 wrappers
Epoch 4/5 | Batch 706/2000 | Step 6706 | BCE 0.418461 | FTC 1.118953 | Total 1.537415
Task flag set to 0: 36/36 wrappers
Task flag set to 1: 36/36 wrappers
Epoch 4/5 | Batch 707/2000 | Step 6707 | BCE 0.187018 | FTC 1.690127 | Total 1.877144
Task flag set to 0: 36/36 wrappers
Task flag set to 1: 36/36 wrappers
Epoch 4/5 | Batch 708/2000 | Step 6708 | BCE 0.081847 | FTC 1.789340 | Total 1.871187
Task flag set to 0: 36/36 wrappers
Task flag set to 1: 36/36 wrappers
Epoch 4/5 | Batch 709/2000 | Step 6709 | BCE 0.751855 | FTC 1.452901 | Total 2.204755
Task flag set to 0: 36/36 wrappers
Task flag set to 1: 36/36 wrappers
Epoch 4/5 | Batch 710/2000 | Step 6710 | BCE 0.093355 | FTC 1.363915 | Total 1.457270
Task flag set to 0: 36/36 wrappers
Task flag set to 1: 36/36 wrappers
Epoch 4/5 | Batch 711/2000 | Step 6711 | BCE 0.363953 | FTC 1.688936 | Total 2.052890
Task flag set to 0: 36/36 wrappers
Task flag set to 1: 36/36 wrappers
Epoch 4/5 | Batch 712/2000 | Step 6712 | BCE 0.113082 | FTC 1.822545 | Total 1.935627
Task flag set to 0: 36/36 wrappers
Task flag set to 1: 36/36 wrappers
Epoch 4/5 | Batch 713/2000 | Step 6713 | BCE 0.134173 | FTC 1.563220 | Total 1.697393
Task flag set to 0: 36/36 wrappers
Task flag set to 1: 36/36 wrappers
Epoch 4/5 | Batch 714/2000 | Step 6714 | BCE 0.130684 | FTC 1.755756 | Total 1.886440
Task flag set to 0: 36/36 wrappers
Task flag set to 1: 36/36 wrappers
Epoch 4/5 | Batch 715/2000 | Step 6715 | BCE 0.085889 | FTC 1.434931 | Total 1.520820
Task flag set to 0: 36/36 wrappers
Task flag set to 1: 36/36 wrappers
Epoch 4/5 | Batch 716/2000 | Step 6716 | BCE 0.050213 | FTC 1.574958 | Total 1.625171
Task flag set to 0: 36/36 wrappers
Task flag set to 1: 36/36 wrappers
Epoch 4/5 | Batch 717/2000 | Step 6717 | BCE 0.616456 | FTC 1.583002 | Total 2.199458
Task flag set to 0: 36/36 wrappers
Task flag set to 1: 36/36 wrappers
Epoch 4/5 | Batch 718/2000 | Step 6718 | BCE 1.133857 | FTC 1.689971 | Total 2.823828
Task flag set to 0: 36/36 wrappers
Task flag set to 1: 36/36 wrappers
Epoch 4/5 | Batch 719/2000 | Step 6719 | BCE 0.115234 | FTC 1.471231 | Total 1.586466
Task flag set to 0: 36/36 wrappers
Task flag set to 1: 36/36 wrappers
Epoch 4/5 | Batch 720/2000 | Step 6720 | BCE 0.227575 | FTC 1.570241 | Total 1.797816
Task flag set to 0: 36/36 wrappers
Task flag set to 1: 36/36 wrappers
Epoch 4/5 | Batch 721/2000 | Step 6721 | BCE 0.662154 | FTC 1.278442 | Total 1.940596
Task flag set to 0: 36/36 wrappers
Task flag set to 1: 36/36 wrappers
Epoch 4/5 | Batch 722/2000 | Step 6722 | BCE 0.271187 | FTC 1.770610 | Total 2.041797
Task flag set to 0: 36/36 wrappers
Task flag set to 1: 36/36 wrappers
Epoch 4/5 | Batch 723/2000 | Step 6723 | BCE 0.985509 | FTC 1.758679 | Total 2.744189
Task flag set to 0: 36/36 wrappers
Task flag set to 1: 36/36 wrappers
Epoch 4/5 | Batch 724/2000 | Step 6724 | BCE 0.076522 | FTC 1.832702 | Total 1.909224
Task flag set to 0: 36/36 wrappers
Task flag set to 1: 36/36 wrappers
Epoch 4/5 | Batch 725/2000 | Step 6725 | BCE 0.252329 | FTC 1.506302 | Total 1.758631
Task flag set to 0: 36/36 wrappers
Task flag set to 1: 36/36 wrappers
Epoch 4/5 | Batch 726/2000 | Step 6726 | BCE 0.241890 | FTC 1.692031 | Total 1.933921
Task flag set to 0: 36/36 wrappers
Task flag set to 1: 36/36 wrappers
Epoch 4/5 | Batch 727/2000 | Step 6727 | BCE 0.038989 | FTC 1.911975 | Total 1.950964
Task flag set to 0: 36/36 wrappers
Task flag set to 1: 36/36 wrappers
Epoch 4/5 | Batch 728/2000 | Step 6728 | BCE 0.100885 | FTC 1.634362 | Total 1.735247
Task flag set to 0: 36/36 wrappers
Task flag set to 1: 36/36 wrappers
Epoch 4/5 | Batch 729/2000 | Step 6729 | BCE 0.776711 | FTC 1.166826 | Total 1.943537
Task flag set to 0: 36/36 wrappers
Task flag set to 1: 36/36 wrappers
Epoch 4/5 | Batch 730/2000 | Step 6730 | BCE 0.172963 | FTC 1.678874 | Total 1.851837
Task flag set to 0: 36/36 wrappers
Task flag set to 1: 36/36 wrappers
Epoch 4/5 | Batch 731/2000 | Step 6731 | BCE 0.650082 | FTC 1.357385 | Total 2.007466
Task flag set to 0: 36/36 wrappers
Task flag set to 1: 36/36 wrappers
Epoch 4/5 | Batch 732/2000 | Step 6732 | BCE 0.077796 | FTC 1.230947 | Total 1.308743
Task flag set to 0: 36/36 wrappers
Task flag set to 1: 36/36 wrappers
Epoch 4/5 | Batch 733/2000 | Step 6733 | BCE 0.485559 | FTC 1.495989 | Total 1.981548
Task flag set to 0: 36/36 wrappers
Task flag set to 1: 36/36 wrappers
Epoch 4/5 | Batch 734/2000 | Step 6734 | BCE 0.117682 | FTC 1.372371 | Total 1.490053
Task flag set to 0: 36/36 wrappers
Task flag set to 1: 36/36 wrappers
Epoch 4/5 | Batch 735/2000 | Step 6735 | BCE 0.086667 | FTC 1.789019 | Total 1.875687
Task flag set to 0: 36/36 wrappers
Task flag set to 1: 36/36 wrappers
Epoch 4/5 | Batch 736/2000 | Step 6736 | BCE 0.244006 | FTC 1.344770 | Total 1.588776
Task flag set to 0: 36/36 wrappers
Task flag set to 1: 36/36 wrappers
Epoch 4/5 | Batch 737/2000 | Step 6737 | BCE 0.265125 | FTC 1.580213 | Total 1.845338
Task flag set to 0: 36/36 wrappers
Task flag set to 1: 36/36 wrappers
Epoch 4/5 | Batch 738/2000 | Step 6738 | BCE 0.149309 | FTC 1.807856 | Total 1.957165
Task flag set to 0: 36/36 wrappers
Task flag set to 1: 36/36 wrappers
Epoch 4/5 | Batch 739/2000 | Step 6739 | BCE 1.197983 | FTC 2.309050 | Total 3.507032
Task flag set to 0: 36/36 wrappers
Task flag set to 1: 36/36 wrappers
Epoch 4/5 | Batch 740/2000 | Step 6740 | BCE 0.095381 | FTC 1.580239 | Total 1.675620
Task flag set to 0: 36/36 wrappers
Task flag set to 1: 36/36 wrappers
Epoch 4/5 | Batch 741/2000 | Step 6741 | BCE 0.064660 | FTC 1.295478 | Total 1.360138
Task flag set to 0: 36/36 wrappers
Task flag set to 1: 36/36 wrappers
Epoch 4/5 | Batch 742/2000 | Step 6742 | BCE 1.163774 | FTC 2.120894 | Total 3.284668
Task flag set to 0: 36/36 wrappers
Task flag set to 1: 36/36 wrappers
Epoch 4/5 | Batch 743/2000 | Step 6743 | BCE 0.026168 | FTC 1.617700 | Total 1.643868
Task flag set to 0: 36/36 wrappers
Task flag set to 1: 36/36 wrappers
Epoch 4/5 | Batch 744/2000 | Step 6744 | BCE 0.139871 | FTC 1.438850 | Total 1.578720
Task flag set to 0: 36/36 wrappers
Task flag set to 1: 36/36 wrappers
Epoch 4/5 | Batch 745/2000 | Step 6745 | BCE 0.438268 | FTC 1.757898 | Total 2.196165
Task flag set to 0: 36/36 wrappers
Task flag set to 1: 36/36 wrappers
Epoch 4/5 | Batch 746/2000 | Step 6746 | BCE 0.629634 | FTC 1.307897 | Total 1.937531
Task flag set to 0: 36/36 wrappers
Task flag set to 1: 36/36 wrappers
Epoch 4/5 | Batch 747/2000 | Step 6747 | BCE 0.066627 | FTC 1.808592 | Total 1.875219
Task flag set to 0: 36/36 wrappers
Task flag set to 1: 36/36 wrappers
Epoch 4/5 | Batch 748/2000 | Step 6748 | BCE 0.382288 | FTC 1.196724 | Total 1.579012
Task flag set to 0: 36/36 wrappers
Task flag set to 1: 36/36 wrappers
Epoch 4/5 | Batch 749/2000 | Step 6749 | BCE 0.655078 | FTC 1.074723 | Total 1.729801
Task flag set to 0: 36/36 wrappers
Task flag set to 1: 36/36 wrappers
Epoch 4/5 | Batch 750/2000 | Step 6750 | BCE 0.344584 | FTC 1.623366 | Total 1.967950
Task flag set to 0: 36/36 wrappers
Task flag set to 1: 36/36 wrappers
Epoch 4/5 | Batch 751/2000 | Step 6751 | BCE 0.078734 | FTC 1.333626 | Total 1.412359
Task flag set to 0: 36/36 wrappers
Task flag set to 1: 36/36 wrappers
Epoch 4/5 | Batch 752/2000 | Step 6752 | BCE 0.474387 | FTC 1.290224 | Total 1.764611
Task flag set to 0: 36/36 wrappers
Task flag set to 1: 36/36 wrappers
Epoch 4/5 | Batch 753/2000 | Step 6753 | BCE 0.085253 | FTC 1.471991 | Total 1.557244
Task flag set to 0: 36/36 wrappers
Task flag set to 1: 36/36 wrappers
Epoch 4/5 | Batch 754/2000 | Step 6754 | BCE 0.232590 | FTC 1.741565 | Total 1.974154
Task flag set to 0: 36/36 wrappers
Task flag set to 1: 36/36 wrappers
Epoch 4/5 | Batch 755/2000 | Step 6755 | BCE 0.047587 | FTC 1.563476 | Total 1.611063
Task flag set to 0: 36/36 wrappers
Task flag set to 1: 36/36 wrappers
Epoch 4/5 | Batch 756/2000 | Step 6756 | BCE 0.595194 | FTC 1.370817 | Total 1.966011
Task flag set to 0: 36/36 wrappers
Task flag set to 1: 36/36 wrappers
Epoch 4/5 | Batch 757/2000 | Step 6757 | BCE 1.669278 | FTC 2.078946 | Total 3.748224
Task flag set to 0: 36/36 wrappers
Task flag set to 1: 36/36 wrappers
Epoch 4/5 | Batch 758/2000 | Step 6758 | BCE 0.088716 | FTC 1.815307 | Total 1.904023
Task flag set to 0: 36/36 wrappers
Task flag set to 1: 36/36 wrappers
Epoch 4/5 | Batch 759/2000 | Step 6759 | BCE 1.310718 | FTC 2.002747 | Total 3.313465
Task flag set to 0: 36/36 wrappers
Task flag set to 1: 36/36 wrappers
Epoch 4/5 | Batch 760/2000 | Step 6760 | BCE 0.778441 | FTC 1.546041 | Total 2.324482
Task flag set to 0: 36/36 wrappers
Task flag set to 1: 36/36 wrappers
Epoch 4/5 | Batch 761/2000 | Step 6761 | BCE 0.012374 | FTC 1.664582 | Total 1.676956
Task flag set to 0: 36/36 wrappers
Task flag set to 1: 36/36 wrappers
Epoch 4/5 | Batch 762/2000 | Step 6762 | BCE 0.603276 | FTC 1.439033 | Total 2.042309
Task flag set to 0: 36/36 wrappers
Task flag set to 1: 36/36 wrappers
Epoch 4/5 | Batch 763/2000 | Step 6763 | BCE 0.209117 | FTC 1.737440 | Total 1.946557
Task flag set to 0: 36/36 wrappers
Task flag set to 1: 36/36 wrappers
Epoch 4/5 | Batch 764/2000 | Step 6764 | BCE 0.066164 | FTC 1.698982 | Total 1.765146
Task flag set to 0: 36/36 wrappers
Task flag set to 1: 36/36 wrappers
Epoch 4/5 | Batch 765/2000 | Step 6765 | BCE 1.408932 | FTC 0.936526 | Total 2.345458
Task flag set to 0: 36/36 wrappers
Task flag set to 1: 36/36 wrappers
Epoch 4/5 | Batch 766/2000 | Step 6766 | BCE 0.097687 | FTC 1.710702 | Total 1.808389
Task flag set to 0: 36/36 wrappers
Task flag set to 1: 36/36 wrappers
Epoch 4/5 | Batch 767/2000 | Step 6767 | BCE 0.568094 | FTC 2.072920 | Total 2.641014
Task flag set to 0: 36/36 wrappers
Task flag set to 1: 36/36 wrappers
Epoch 4/5 | Batch 768/2000 | Step 6768 | BCE 0.324170 | FTC 1.100756 | Total 1.424926
Task flag set to 0: 36/36 wrappers
Task flag set to 1: 36/36 wrappers
Epoch 4/5 | Batch 769/2000 | Step 6769 | BCE 0.298254 | FTC 0.921356 | Total 1.219610
Task flag set to 0: 36/36 wrappers
Task flag set to 1: 36/36 wrappers
Epoch 4/5 | Batch 770/2000 | Step 6770 | BCE 0.249521 | FTC 1.446767 | Total 1.696289
Task flag set to 0: 36/36 wrappers
Task flag set to 1: 36/36 wrappers
Epoch 4/5 | Batch 771/2000 | Step 6771 | BCE 0.603329 | FTC 1.541261 | Total 2.144590
Task flag set to 0: 36/36 wrappers
Task flag set to 1: 36/36 wrappers
Epoch 4/5 | Batch 772/2000 | Step 6772 | BCE 0.076817 | FTC 2.115612 | Total 2.192429
Task flag set to 0: 36/36 wrappers
Task flag set to 1: 36/36 wrappers
Epoch 4/5 | Batch 773/2000 | Step 6773 | BCE 0.427679 | FTC 2.074361 | Total 2.502040
Task flag set to 0: 36/36 wrappers
Task flag set to 1: 36/36 wrappers
Epoch 4/5 | Batch 774/2000 | Step 6774 | BCE 0.858127 | FTC 1.583196 | Total 2.441323
Task flag set to 0: 36/36 wrappers
Task flag set to 1: 36/36 wrappers
Epoch 4/5 | Batch 775/2000 | Step 6775 | BCE 0.528607 | FTC 1.843237 | Total 2.371844
Task flag set to 0: 36/36 wrappers
Task flag set to 1: 36/36 wrappers
Epoch 4/5 | Batch 776/2000 | Step 6776 | BCE 0.257341 | FTC 1.648911 | Total 1.906251
Task flag set to 0: 36/36 wrappers
Task flag set to 1: 36/36 wrappers
Epoch 4/5 | Batch 777/2000 | Step 6777 | BCE 0.395755 | FTC 1.925026 | Total 2.320781
Task flag set to 0: 36/36 wrappers
Task flag set to 1: 36/36 wrappers
Epoch 4/5 | Batch 778/2000 | Step 6778 | BCE 0.284144 | FTC 1.454931 | Total 1.739075
Task flag set to 0: 36/36 wrappers
Task flag set to 1: 36/36 wrappers
Epoch 4/5 | Batch 779/2000 | Step 6779 | BCE 0.679438 | FTC 1.815162 | Total 2.494600
Task flag set to 0: 36/36 wrappers
Task flag set to 1: 36/36 wrappers
Epoch 4/5 | Batch 780/2000 | Step 6780 | BCE 0.389378 | FTC 1.737127 | Total 2.126505
Task flag set to 0: 36/36 wrappers
Task flag set to 1: 36/36 wrappers
Epoch 4/5 | Batch 781/2000 | Step 6781 | BCE 0.112668 | FTC 1.562523 | Total 1.675191
Task flag set to 0: 36/36 wrappers
Task flag set to 1: 36/36 wrappers
Epoch 4/5 | Batch 782/2000 | Step 6782 | BCE 0.219006 | FTC 1.744243 | Total 1.963249
Task flag set to 0: 36/36 wrappers
Task flag set to 1: 36/36 wrappers
Epoch 4/5 | Batch 783/2000 | Step 6783 | BCE 0.161042 | FTC 1.657183 | Total 1.818225
Task flag set to 0: 36/36 wrappers
Task flag set to 1: 36/36 wrappers
Epoch 4/5 | Batch 784/2000 | Step 6784 | BCE 0.047549 | FTC 1.552436 | Total 1.599985
Task flag set to 0: 36/36 wrappers
Task flag set to 1: 36/36 wrappers
Epoch 4/5 | Batch 785/2000 | Step 6785 | BCE 1.677339 | FTC 2.255057 | Total 3.932396
Task flag set to 0: 36/36 wrappers
Task flag set to 1: 36/36 wrappers
Epoch 4/5 | Batch 786/2000 | Step 6786 | BCE 0.764085 | FTC 1.365573 | Total 2.129658
Task flag set to 0: 36/36 wrappers
Task flag set to 1: 36/36 wrappers
Epoch 4/5 | Batch 787/2000 | Step 6787 | BCE 0.264028 | FTC 1.214306 | Total 1.478334
Task flag set to 0: 36/36 wrappers
Task flag set to 1: 36/36 wrappers
Epoch 4/5 | Batch 788/2000 | Step 6788 | BCE 0.452748 | FTC 1.510624 | Total 1.963372
Task flag set to 0: 36/36 wrappers
Task flag set to 1: 36/36 wrappers
Epoch 4/5 | Batch 789/2000 | Step 6789 | BCE 0.436081 | FTC 1.894588 | Total 2.330669
Task flag set to 0: 36/36 wrappers
Task flag set to 1: 36/36 wrappers
Epoch 4/5 | Batch 790/2000 | Step 6790 | BCE 0.100982 | FTC 1.693596 | Total 1.794578
Task flag set to 0: 36/36 wrappers
Task flag set to 1: 36/36 wrappers
Epoch 4/5 | Batch 791/2000 | Step 6791 | BCE 0.185364 | FTC 1.808383 | Total 1.993747
Task flag set to 0: 36/36 wrappers
Task flag set to 1: 36/36 wrappers
Epoch 4/5 | Batch 792/2000 | Step 6792 | BCE 0.428622 | FTC 1.319120 | Total 1.747742
Task flag set to 0: 36/36 wrappers
Task flag set to 1: 36/36 wrappers
Epoch 4/5 | Batch 793/2000 | Step 6793 | BCE 0.055421 | FTC 1.403172 | Total 1.458593
Task flag set to 0: 36/36 wrappers
Task flag set to 1: 36/36 wrappers
Epoch 4/5 | Batch 794/2000 | Step 6794 | BCE 0.055107 | FTC 1.508493 | Total 1.563600
Task flag set to 0: 36/36 wrappers
Task flag set to 1: 36/36 wrappers
Epoch 4/5 | Batch 795/2000 | Step 6795 | BCE 0.948064 | FTC 1.595114 | Total 2.543177
Task flag set to 0: 36/36 wrappers
Task flag set to 1: 36/36 wrappers
Epoch 4/5 | Batch 796/2000 | Step 6796 | BCE 1.168007 | FTC 1.675140 | Total 2.843147
Task flag set to 0: 36/36 wrappers
Task flag set to 1: 36/36 wrappers
Epoch 4/5 | Batch 797/2000 | Step 6797 | BCE 0.506296 | FTC 1.180019 | Total 1.686316
Task flag set to 0: 36/36 wrappers
Task flag set to 1: 36/36 wrappers
Epoch 4/5 | Batch 798/2000 | Step 6798 | BCE 0.056657 | FTC 1.632754 | Total 1.689410
Task flag set to 0: 36/36 wrappers
Task flag set to 1: 36/36 wrappers
Epoch 4/5 | Batch 799/2000 | Step 6799 | BCE 0.019592 | FTC 1.914962 | Total 1.934554
Task flag set to 0: 36/36 wrappers
Task flag set to 1: 36/36 wrappers
Epoch 4/5 | Batch 800/2000 | Step 6800 | BCE 0.219937 | FTC 1.719138 | Total 1.939075
Task flag set to 0: 36/36 wrappers
Task flag set to 1: 36/36 wrappers
Epoch 4/5 | Batch 801/2000 | Step 6801 | BCE 0.070841 | FTC 1.356477 | Total 1.427318
Task flag set to 0: 36/36 wrappers
Task flag set to 1: 36/36 wrappers
Epoch 4/5 | Batch 802/2000 | Step 6802 | BCE 0.059701 | FTC 1.420794 | Total 1.480494
Task flag set to 0: 36/36 wrappers
Task flag set to 1: 36/36 wrappers
Epoch 4/5 | Batch 803/2000 | Step 6803 | BCE 0.060242 | FTC 1.317365 | Total 1.377607
Task flag set to 0: 36/36 wrappers
Task flag set to 1: 36/36 wrappers
Epoch 4/5 | Batch 804/2000 | Step 6804 | BCE 0.612274 | FTC 1.780784 | Total 2.393059
Task flag set to 0: 36/36 wrappers
Task flag set to 1: 36/36 wrappers
Epoch 4/5 | Batch 805/2000 | Step 6805 | BCE 0.781266 | FTC 1.313050 | Total 2.094316
Task flag set to 0: 36/36 wrappers
Task flag set to 1: 36/36 wrappers
Epoch 4/5 | Batch 806/2000 | Step 6806 | BCE 0.041415 | FTC 1.841366 | Total 1.882781
Task flag set to 0: 36/36 wrappers
Task flag set to 1: 36/36 wrappers
Epoch 4/5 | Batch 807/2000 | Step 6807 | BCE 0.125268 | FTC 1.435853 | Total 1.561121
Task flag set to 0: 36/36 wrappers
Task flag set to 1: 36/36 wrappers
Epoch 4/5 | Batch 808/2000 | Step 6808 | BCE 0.571225 | FTC 1.201047 | Total 1.772272
Task flag set to 0: 36/36 wrappers
Task flag set to 1: 36/36 wrappers
Epoch 4/5 | Batch 809/2000 | Step 6809 | BCE 0.138849 | FTC 1.836635 | Total 1.975484
Task flag set to 0: 36/36 wrappers
Task flag set to 1: 36/36 wrappers
Epoch 4/5 | Batch 810/2000 | Step 6810 | BCE 0.348533 | FTC 1.904309 | Total 2.252841
Task flag set to 0: 36/36 wrappers
Task flag set to 1: 36/36 wrappers
Epoch 4/5 | Batch 811/2000 | Step 6811 | BCE 0.211547 | FTC 1.888563 | Total 2.100109
Task flag set to 0: 36/36 wrappers
Task flag set to 1: 36/36 wrappers
Epoch 4/5 | Batch 812/2000 | Step 6812 | BCE 0.086324 | FTC 1.604198 | Total 1.690522
Task flag set to 0: 36/36 wrappers
Task flag set to 1: 36/36 wrappers
Epoch 4/5 | Batch 813/2000 | Step 6813 | BCE 0.284306 | FTC 1.667382 | Total 1.951688
Task flag set to 0: 36/36 wrappers
Task flag set to 1: 36/36 wrappers
Epoch 4/5 | Batch 814/2000 | Step 6814 | BCE 2.077278 | FTC 2.505466 | Total 4.582744
Task flag set to 0: 36/36 wrappers
Task flag set to 1: 36/36 wrappers
Epoch 4/5 | Batch 815/2000 | Step 6815 | BCE 0.152329 | FTC 1.905998 | Total 2.058327
Task flag set to 0: 36/36 wrappers
Task flag set to 1: 36/36 wrappers
Epoch 4/5 | Batch 816/2000 | Step 6816 | BCE 0.073749 | FTC 1.912384 | Total 1.986133
Task flag set to 0: 36/36 wrappers
Task flag set to 1: 36/36 wrappers
Epoch 4/5 | Batch 817/2000 | Step 6817 | BCE 0.177059 | FTC 1.687039 | Total 1.864098
Task flag set to 0: 36/36 wrappers
Task flag set to 1: 36/36 wrappers
Epoch 4/5 | Batch 818/2000 | Step 6818 | BCE 0.270674 | FTC 1.418602 | Total 1.689277
Task flag set to 0: 36/36 wrappers
Task flag set to 1: 36/36 wrappers
Epoch 4/5 | Batch 819/2000 | Step 6819 | BCE 0.149709 | FTC 1.988155 | Total 2.137864
Task flag set to 0: 36/36 wrappers
Task flag set to 1: 36/36 wrappers
Epoch 4/5 | Batch 820/2000 | Step 6820 | BCE 0.022692 | FTC 1.825386 | Total 1.848078
Task flag set to 0: 36/36 wrappers
Task flag set to 1: 36/36 wrappers
Epoch 4/5 | Batch 821/2000 | Step 6821 | BCE 0.153989 | FTC 1.340904 | Total 1.494894
Task flag set to 0: 36/36 wrappers
Task flag set to 1: 36/36 wrappers
Epoch 4/5 | Batch 822/2000 | Step 6822 | BCE 0.020240 | FTC 1.216562 | Total 1.236802
Task flag set to 0: 36/36 wrappers
Task flag set to 1: 36/36 wrappers
Epoch 4/5 | Batch 823/2000 | Step 6823 | BCE 0.108966 | FTC 1.534342 | Total 1.643308
Task flag set to 0: 36/36 wrappers
Task flag set to 1: 36/36 wrappers
Epoch 4/5 | Batch 824/2000 | Step 6824 | BCE 0.172375 | FTC 1.211088 | Total 1.383463
Task flag set to 0: 36/36 wrappers
Task flag set to 1: 36/36 wrappers
Epoch 4/5 | Batch 825/2000 | Step 6825 | BCE 0.079662 | FTC 1.525798 | Total 1.605460
Task flag set to 0: 36/36 wrappers
Task flag set to 1: 36/36 wrappers
Epoch 4/5 | Batch 826/2000 | Step 6826 | BCE 0.665344 | FTC 1.687395 | Total 2.352739
Task flag set to 0: 36/36 wrappers
Task flag set to 1: 36/36 wrappers
Epoch 4/5 | Batch 827/2000 | Step 6827 | BCE 0.158118 | FTC 1.564588 | Total 1.722706
Task flag set to 0: 36/36 wrappers
Task flag set to 1: 36/36 wrappers
Epoch 4/5 | Batch 828/2000 | Step 6828 | BCE 0.060905 | FTC 1.351433 | Total 1.412338
Task flag set to 0: 36/36 wrappers
Task flag set to 1: 36/36 wrappers
Epoch 4/5 | Batch 829/2000 | Step 6829 | BCE 1.007895 | FTC 1.688488 | Total 2.696382
Task flag set to 0: 36/36 wrappers
Task flag set to 1: 36/36 wrappers
Epoch 4/5 | Batch 830/2000 | Step 6830 | BCE 0.093089 | FTC 1.671646 | Total 1.764734
Task flag set to 0: 36/36 wrappers
Task flag set to 1: 36/36 wrappers
Epoch 4/5 | Batch 831/2000 | Step 6831 | BCE 0.042629 | FTC 1.428941 | Total 1.471570
Task flag set to 0: 36/36 wrappers
Task flag set to 1: 36/36 wrappers
Epoch 4/5 | Batch 832/2000 | Step 6832 | BCE 0.828673 | FTC 1.785008 | Total 2.613681
Task flag set to 0: 36/36 wrappers
Task flag set to 1: 36/36 wrappers
Epoch 4/5 | Batch 833/2000 | Step 6833 | BCE 1.198531 | FTC 1.525417 | Total 2.723948
Task flag set to 0: 36/36 wrappers
Task flag set to 1: 36/36 wrappers
Epoch 4/5 | Batch 834/2000 | Step 6834 | BCE 0.125285 | FTC 1.593101 | Total 1.718386
Task flag set to 0: 36/36 wrappers
Task flag set to 1: 36/36 wrappers
Epoch 4/5 | Batch 835/2000 | Step 6835 | BCE 1.356080 | FTC 1.806909 | Total 3.162988
Task flag set to 0: 36/36 wrappers
Task flag set to 1: 36/36 wrappers
Epoch 4/5 | Batch 836/2000 | Step 6836 | BCE 0.080771 | FTC 1.194455 | Total 1.275226
Task flag set to 0: 36/36 wrappers
Task flag set to 1: 36/36 wrappers
Epoch 4/5 | Batch 837/2000 | Step 6837 | BCE 0.185149 | FTC 1.457950 | Total 1.643098
Task flag set to 0: 36/36 wrappers
Task flag set to 1: 36/36 wrappers
Epoch 4/5 | Batch 838/2000 | Step 6838 | BCE 0.045943 | FTC 1.585620 | Total 1.631562
Task flag set to 0: 36/36 wrappers
Task flag set to 1: 36/36 wrappers
Epoch 4/5 | Batch 839/2000 | Step 6839 | BCE 0.072504 | FTC 1.544117 | Total 1.616622
Task flag set to 0: 36/36 wrappers
Task flag set to 1: 36/36 wrappers
Epoch 4/5 | Batch 840/2000 | Step 6840 | BCE 0.033871 | FTC 1.477595 | Total 1.511465
Task flag set to 0: 36/36 wrappers
Task flag set to 1: 36/36 wrappers
Epoch 4/5 | Batch 841/2000 | Step 6841 | BCE 0.835027 | FTC 1.389731 | Total 2.224759
Task flag set to 0: 36/36 wrappers
Task flag set to 1: 36/36 wrappers
Epoch 4/5 | Batch 842/2000 | Step 6842 | BCE 0.112003 | FTC 1.558136 | Total 1.670140
Task flag set to 0: 36/36 wrappers
Task flag set to 1: 36/36 wrappers
Epoch 4/5 | Batch 843/2000 | Step 6843 | BCE 0.046517 | FTC 1.518742 | Total 1.565259
Task flag set to 0: 36/36 wrappers
Task flag set to 1: 36/36 wrappers
Epoch 4/5 | Batch 844/2000 | Step 6844 | BCE 0.319667 | FTC 1.665231 | Total 1.984898
Task flag set to 0: 36/36 wrappers
Task flag set to 1: 36/36 wrappers
Epoch 4/5 | Batch 845/2000 | Step 6845 | BCE 0.764990 | FTC 1.517618 | Total 2.282607
Task flag set to 0: 36/36 wrappers
Task flag set to 1: 36/36 wrappers
Epoch 4/5 | Batch 846/2000 | Step 6846 | BCE 0.068713 | FTC 1.307196 | Total 1.375909
Task flag set to 0: 36/36 wrappers
Task flag set to 1: 36/36 wrappers
Epoch 4/5 | Batch 847/2000 | Step 6847 | BCE 0.059192 | FTC 1.493221 | Total 1.552413
Task flag set to 0: 36/36 wrappers
Task flag set to 1: 36/36 wrappers
Epoch 4/5 | Batch 848/2000 | Step 6848 | BCE 0.892901 | FTC 1.461283 | Total 2.354184
Task flag set to 0: 36/36 wrappers
Task flag set to 1: 36/36 wrappers
Epoch 4/5 | Batch 849/2000 | Step 6849 | BCE 0.884721 | FTC 1.644602 | Total 2.529323
Task flag set to 0: 36/36 wrappers
Task flag set to 1: 36/36 wrappers
Epoch 4/5 | Batch 850/2000 | Step 6850 | BCE 0.439888 | FTC 1.497778 | Total 1.937666
Task flag set to 0: 36/36 wrappers
Task flag set to 1: 36/36 wrappers
Epoch 4/5 | Batch 851/2000 | Step 6851 | BCE 0.167107 | FTC 1.728580 | Total 1.895687
Task flag set to 0: 36/36 wrappers
Task flag set to 1: 36/36 wrappers
Epoch 4/5 | Batch 852/2000 | Step 6852 | BCE 0.418454 | FTC 1.617081 | Total 2.035535
Task flag set to 0: 36/36 wrappers
Task flag set to 1: 36/36 wrappers
Epoch 4/5 | Batch 853/2000 | Step 6853 | BCE 0.515210 | FTC 1.389720 | Total 1.904930
Task flag set to 0: 36/36 wrappers
Task flag set to 1: 36/36 wrappers
Epoch 4/5 | Batch 854/2000 | Step 6854 | BCE 0.419975 | FTC 1.020258 | Total 1.440233
Task flag set to 0: 36/36 wrappers
Task flag set to 1: 36/36 wrappers
Epoch 4/5 | Batch 855/2000 | Step 6855 | BCE 0.102223 | FTC 1.623353 | Total 1.725576
Task flag set to 0: 36/36 wrappers
Task flag set to 1: 36/36 wrappers
Epoch 4/5 | Batch 856/2000 | Step 6856 | BCE 0.801708 | FTC 1.712648 | Total 2.514356
Task flag set to 0: 36/36 wrappers
Task flag set to 1: 36/36 wrappers
Epoch 4/5 | Batch 857/2000 | Step 6857 | BCE 0.146944 | FTC 1.678177 | Total 1.825120
Task flag set to 0: 36/36 wrappers
Task flag set to 1: 36/36 wrappers
Epoch 4/5 | Batch 858/2000 | Step 6858 | BCE 0.157417 | FTC 1.493379 | Total 1.650796
Task flag set to 0: 36/36 wrappers
Task flag set to 1: 36/36 wrappers
Epoch 4/5 | Batch 859/2000 | Step 6859 | BCE 0.636664 | FTC 1.783400 | Total 2.420064
Task flag set to 0: 36/36 wrappers
Task flag set to 1: 36/36 wrappers
Epoch 4/5 | Batch 860/2000 | Step 6860 | BCE 0.123355 | FTC 1.300869 | Total 1.424225
Task flag set to 0: 36/36 wrappers
Task flag set to 1: 36/36 wrappers
Epoch 4/5 | Batch 861/2000 | Step 6861 | BCE 1.082067 | FTC 1.538282 | Total 2.620349
Task flag set to 0: 36/36 wrappers
Task flag set to 1: 36/36 wrappers
Epoch 4/5 | Batch 862/2000 | Step 6862 | BCE 1.324886 | FTC 2.302278 | Total 3.627164
Task flag set to 0: 36/36 wrappers
Task flag set to 1: 36/36 wrappers
Epoch 4/5 | Batch 863/2000 | Step 6863 | BCE 0.097494 | FTC 1.524045 | Total 1.621539
Task flag set to 0: 36/36 wrappers
Task flag set to 1: 36/36 wrappers
Epoch 4/5 | Batch 864/2000 | Step 6864 | BCE 0.146210 | FTC 1.315659 | Total 1.461869
Task flag set to 0: 36/36 wrappers
Task flag set to 1: 36/36 wrappers
Epoch 4/5 | Batch 865/2000 | Step 6865 | BCE 0.861419 | FTC 0.956603 | Total 1.818022
Task flag set to 0: 36/36 wrappers
Task flag set to 1: 36/36 wrappers
Epoch 4/5 | Batch 866/2000 | Step 6866 | BCE 0.269958 | FTC 1.712833 | Total 1.982790
Task flag set to 0: 36/36 wrappers
Task flag set to 1: 36/36 wrappers
Epoch 4/5 | Batch 867/2000 | Step 6867 | BCE 0.221746 | FTC 0.771668 | Total 0.993414
Task flag set to 0: 36/36 wrappers
Task flag set to 1: 36/36 wrappers
Epoch 4/5 | Batch 868/2000 | Step 6868 | BCE 0.263130 | FTC 1.251267 | Total 1.514397
Task flag set to 0: 36/36 wrappers
Task flag set to 1: 36/36 wrappers
Epoch 4/5 | Batch 869/2000 | Step 6869 | BCE 1.511742 | FTC 1.447939 | Total 2.959681
Task flag set to 0: 36/36 wrappers
Task flag set to 1: 36/36 wrappers
Epoch 4/5 | Batch 870/2000 | Step 6870 | BCE 0.345265 | FTC 1.629404 | Total 1.974669
Task flag set to 0: 36/36 wrappers
Task flag set to 1: 36/36 wrappers
Epoch 4/5 | Batch 871/2000 | Step 6871 | BCE 0.396512 | FTC 1.899985 | Total 2.296497
Task flag set to 0: 36/36 wrappers
Task flag set to 1: 36/36 wrappers
Epoch 4/5 | Batch 872/2000 | Step 6872 | BCE 0.781738 | FTC 1.238394 | Total 2.020132
Task flag set to 0: 36/36 wrappers
Task flag set to 1: 36/36 wrappers
Epoch 4/5 | Batch 873/2000 | Step 6873 | BCE 0.459730 | FTC 1.375350 | Total 1.835080
Task flag set to 0: 36/36 wrappers
Task flag set to 1: 36/36 wrappers
Epoch 4/5 | Batch 874/2000 | Step 6874 | BCE 0.175407 | FTC 1.709948 | Total 1.885354
Task flag set to 0: 36/36 wrappers
Task flag set to 1: 36/36 wrappers
Epoch 4/5 | Batch 875/2000 | Step 6875 | BCE 0.125666 | FTC 1.176648 | Total 1.302313
Task flag set to 0: 36/36 wrappers
Task flag set to 1: 36/36 wrappers
Epoch 4/5 | Batch 876/2000 | Step 6876 | BCE 1.543578 | FTC 2.243692 | Total 3.787270
Task flag set to 0: 36/36 wrappers
Task flag set to 1: 36/36 wrappers
Epoch 4/5 | Batch 877/2000 | Step 6877 | BCE 0.082454 | FTC 1.455644 | Total 1.538098
Task flag set to 0: 36/36 wrappers
Task flag set to 1: 36/36 wrappers
Epoch 4/5 | Batch 878/2000 | Step 6878 | BCE 0.143879 | FTC 0.696292 | Total 0.840171
Task flag set to 0: 36/36 wrappers
Task flag set to 1: 36/36 wrappers
Epoch 4/5 | Batch 879/2000 | Step 6879 | BCE 1.151400 | FTC 1.141744 | Total 2.293144
Task flag set to 0: 36/36 wrappers
Task flag set to 1: 36/36 wrappers
Epoch 4/5 | Batch 880/2000 | Step 6880 | BCE 0.127391 | FTC 1.584105 | Total 1.711496
Task flag set to 0: 36/36 wrappers
Task flag set to 1: 36/36 wrappers
Epoch 4/5 | Batch 881/2000 | Step 6881 | BCE 0.242146 | FTC 1.333472 | Total 1.575617
Task flag set to 0: 36/36 wrappers
Task flag set to 1: 36/36 wrappers
Epoch 4/5 | Batch 882/2000 | Step 6882 | BCE 0.454613 | FTC 1.381069 | Total 1.835682
Task flag set to 0: 36/36 wrappers
Task flag set to 1: 36/36 wrappers
Epoch 4/5 | Batch 883/2000 | Step 6883 | BCE 0.197570 | FTC 1.899183 | Total 2.096753
Task flag set to 0: 36/36 wrappers
Task flag set to 1: 36/36 wrappers
Epoch 4/5 | Batch 884/2000 | Step 6884 | BCE 0.253612 | FTC 1.167309 | Total 1.420921
Task flag set to 0: 36/36 wrappers
Task flag set to 1: 36/36 wrappers
Epoch 4/5 | Batch 885/2000 | Step 6885 | BCE 0.788307 | FTC 1.661918 | Total 2.450225
Task flag set to 0: 36/36 wrappers
Task flag set to 1: 36/36 wrappers
Epoch 4/5 | Batch 886/2000 | Step 6886 | BCE 0.368116 | FTC 1.858803 | Total 2.226919
Task flag set to 0: 36/36 wrappers
Task flag set to 1: 36/36 wrappers
Epoch 4/5 | Batch 887/2000 | Step 6887 | BCE 0.182164 | FTC 1.484401 | Total 1.666564
Task flag set to 0: 36/36 wrappers
Task flag set to 1: 36/36 wrappers
Epoch 4/5 | Batch 888/2000 | Step 6888 | BCE 0.163742 | FTC 2.110523 | Total 2.274265
Task flag set to 0: 36/36 wrappers
Task flag set to 1: 36/36 wrappers
Epoch 4/5 | Batch 889/2000 | Step 6889 | BCE 0.216125 | FTC 1.893838 | Total 2.109963
Task flag set to 0: 36/36 wrappers
Task flag set to 1: 36/36 wrappers
Epoch 4/5 | Batch 890/2000 | Step 6890 | BCE 0.601096 | FTC 1.420260 | Total 2.021356
Task flag set to 0: 36/36 wrappers
Task flag set to 1: 36/36 wrappers
Epoch 4/5 | Batch 891/2000 | Step 6891 | BCE 0.364602 | FTC 1.628800 | Total 1.993403
Task flag set to 0: 36/36 wrappers
Task flag set to 1: 36/36 wrappers
Epoch 4/5 | Batch 892/2000 | Step 6892 | BCE 0.368161 | FTC 2.032121 | Total 2.400282
Task flag set to 0: 36/36 wrappers
Task flag set to 1: 36/36 wrappers
Epoch 4/5 | Batch 893/2000 | Step 6893 | BCE 0.207310 | FTC 1.479734 | Total 1.687043
Task flag set to 0: 36/36 wrappers
Task flag set to 1: 36/36 wrappers
Epoch 4/5 | Batch 894/2000 | Step 6894 | BCE 0.166308 | FTC 1.523407 | Total 1.689716
Task flag set to 0: 36/36 wrappers
Task flag set to 1: 36/36 wrappers
Epoch 4/5 | Batch 895/2000 | Step 6895 | BCE 1.170300 | FTC 1.689320 | Total 2.859620
Task flag set to 0: 36/36 wrappers
Task flag set to 1: 36/36 wrappers
Epoch 4/5 | Batch 896/2000 | Step 6896 | BCE 0.558031 | FTC 1.676364 | Total 2.234396
Task flag set to 0: 36/36 wrappers
Task flag set to 1: 36/36 wrappers
Epoch 4/5 | Batch 897/2000 | Step 6897 | BCE 0.765048 | FTC 1.540270 | Total 2.305318
Task flag set to 0: 36/36 wrappers
Task flag set to 1: 36/36 wrappers
Epoch 4/5 | Batch 898/2000 | Step 6898 | BCE 0.795623 | FTC 1.439069 | Total 2.234692
Task flag set to 0: 36/36 wrappers
Task flag set to 1: 36/36 wrappers
Epoch 4/5 | Batch 899/2000 | Step 6899 | BCE 0.272380 | FTC 2.214582 | Total 2.486962
Task flag set to 0: 36/36 wrappers
Task flag set to 1: 36/36 wrappers
Epoch 4/5 | Batch 900/2000 | Step 6900 | BCE 0.147318 | FTC 1.666227 | Total 1.813545
Task flag set to 0: 36/36 wrappers
Task flag set to 1: 36/36 wrappers
Epoch 4/5 | Batch 901/2000 | Step 6901 | BCE 0.190019 | FTC 1.992557 | Total 2.182576
Task flag set to 0: 36/36 wrappers
Task flag set to 1: 36/36 wrappers
Epoch 4/5 | Batch 902/2000 | Step 6902 | BCE 0.181238 | FTC 1.905201 | Total 2.086439
Task flag set to 0: 36/36 wrappers
Task flag set to 1: 36/36 wrappers
Epoch 4/5 | Batch 903/2000 | Step 6903 | BCE 0.033856 | FTC 1.667521 | Total 1.701377
Task flag set to 0: 36/36 wrappers
Task flag set to 1: 36/36 wrappers
Epoch 4/5 | Batch 904/2000 | Step 6904 | BCE 0.937790 | FTC 1.960951 | Total 2.898741
Task flag set to 0: 36/36 wrappers
Task flag set to 1: 36/36 wrappers
Epoch 4/5 | Batch 905/2000 | Step 6905 | BCE 0.890221 | FTC 1.105660 | Total 1.995880
Task flag set to 0: 36/36 wrappers
Task flag set to 1: 36/36 wrappers
Epoch 4/5 | Batch 906/2000 | Step 6906 | BCE 0.204017 | FTC 1.625977 | Total 1.829993
Task flag set to 0: 36/36 wrappers
Task flag set to 1: 36/36 wrappers
Epoch 4/5 | Batch 907/2000 | Step 6907 | BCE 1.373848 | FTC 1.374400 | Total 2.748248
Task flag set to 0: 36/36 wrappers
Task flag set to 1: 36/36 wrappers
Epoch 4/5 | Batch 908/2000 | Step 6908 | BCE 0.045359 | FTC 1.472896 | Total 1.518255
Task flag set to 0: 36/36 wrappers
Task flag set to 1: 36/36 wrappers
Epoch 4/5 | Batch 909/2000 | Step 6909 | BCE 0.215237 | FTC 1.564601 | Total 1.779838
Task flag set to 0: 36/36 wrappers
Task flag set to 1: 36/36 wrappers
Epoch 4/5 | Batch 910/2000 | Step 6910 | BCE 0.921836 | FTC 1.565397 | Total 2.487233
Task flag set to 0: 36/36 wrappers
Task flag set to 1: 36/36 wrappers
Epoch 4/5 | Batch 911/2000 | Step 6911 | BCE 0.062556 | FTC 1.395990 | Total 1.458546
Task flag set to 0: 36/36 wrappers
Task flag set to 1: 36/36 wrappers
Epoch 4/5 | Batch 912/2000 | Step 6912 | BCE 0.322271 | FTC 1.296185 | Total 1.618456
Task flag set to 0: 36/36 wrappers
Task flag set to 1: 36/36 wrappers
Epoch 4/5 | Batch 913/2000 | Step 6913 | BCE 0.031334 | FTC 0.796105 | Total 0.827439
Task flag set to 0: 36/36 wrappers
Task flag set to 1: 36/36 wrappers
Epoch 4/5 | Batch 914/2000 | Step 6914 | BCE 0.340533 | FTC 1.265205 | Total 1.605738
Task flag set to 0: 36/36 wrappers
Task flag set to 1: 36/36 wrappers
Epoch 4/5 | Batch 915/2000 | Step 6915 | BCE 0.262223 | FTC 2.047780 | Total 2.310004
Task flag set to 0: 36/36 wrappers
Task flag set to 1: 36/36 wrappers
Epoch 4/5 | Batch 916/2000 | Step 6916 | BCE 0.079975 | FTC 1.989183 | Total 2.069158
Task flag set to 0: 36/36 wrappers
Task flag set to 1: 36/36 wrappers
Epoch 4/5 | Batch 917/2000 | Step 6917 | BCE 0.215367 | FTC 1.403536 | Total 1.618903
Task flag set to 0: 36/36 wrappers
Task flag set to 1: 36/36 wrappers
Epoch 4/5 | Batch 918/2000 | Step 6918 | BCE 0.341200 | FTC 1.729609 | Total 2.070809
Task flag set to 0: 36/36 wrappers
Task flag set to 1: 36/36 wrappers
Epoch 4/5 | Batch 919/2000 | Step 6919 | BCE 0.307168 | FTC 1.435690 | Total 1.742859
Task flag set to 0: 36/36 wrappers
Task flag set to 1: 36/36 wrappers
Epoch 4/5 | Batch 920/2000 | Step 6920 | BCE 0.478309 | FTC 1.382897 | Total 1.861206
Task flag set to 0: 36/36 wrappers
Task flag set to 1: 36/36 wrappers
Epoch 4/5 | Batch 921/2000 | Step 6921 | BCE 0.249594 | FTC 1.749614 | Total 1.999208
Task flag set to 0: 36/36 wrappers
Task flag set to 1: 36/36 wrappers
Epoch 4/5 | Batch 922/2000 | Step 6922 | BCE 0.323160 | FTC 1.388150 | Total 1.711311
Task flag set to 0: 36/36 wrappers
Task flag set to 1: 36/36 wrappers
Epoch 4/5 | Batch 923/2000 | Step 6923 | BCE 0.142430 | FTC 1.584058 | Total 1.726488
Task flag set to 0: 36/36 wrappers
Task flag set to 1: 36/36 wrappers
Epoch 4/5 | Batch 924/2000 | Step 6924 | BCE 0.505736 | FTC 1.172034 | Total 1.677770
Task flag set to 0: 36/36 wrappers
Task flag set to 1: 36/36 wrappers
Epoch 4/5 | Batch 925/2000 | Step 6925 | BCE 0.117705 | FTC 1.421692 | Total 1.539397
Task flag set to 0: 36/36 wrappers
Task flag set to 1: 36/36 wrappers
Epoch 4/5 | Batch 926/2000 | Step 6926 | BCE 0.080376 | FTC 1.120787 | Total 1.201163
Task flag set to 0: 36/36 wrappers
Task flag set to 1: 36/36 wrappers
Epoch 4/5 | Batch 927/2000 | Step 6927 | BCE 0.646187 | FTC 1.929921 | Total 2.576108
Task flag set to 0: 36/36 wrappers
Task flag set to 1: 36/36 wrappers
Epoch 4/5 | Batch 928/2000 | Step 6928 | BCE 0.302329 | FTC 1.773059 | Total 2.075388
Task flag set to 0: 36/36 wrappers
Task flag set to 1: 36/36 wrappers
Epoch 4/5 | Batch 929/2000 | Step 6929 | BCE 0.176449 | FTC 1.560592 | Total 1.737041
Task flag set to 0: 36/36 wrappers
Task flag set to 1: 36/36 wrappers
Epoch 4/5 | Batch 930/2000 | Step 6930 | BCE 0.112927 | FTC 1.303928 | Total 1.416855
Task flag set to 0: 36/36 wrappers
Task flag set to 1: 36/36 wrappers
Epoch 4/5 | Batch 931/2000 | Step 6931 | BCE 0.099424 | FTC 1.645179 | Total 1.744603
Task flag set to 0: 36/36 wrappers
Task flag set to 1: 36/36 wrappers
Epoch 4/5 | Batch 932/2000 | Step 6932 | BCE 0.678361 | FTC 1.488286 | Total 2.166647
Task flag set to 0: 36/36 wrappers
Task flag set to 1: 36/36 wrappers
Epoch 4/5 | Batch 933/2000 | Step 6933 | BCE 0.071109 | FTC 2.127979 | Total 2.199088
Task flag set to 0: 36/36 wrappers
Task flag set to 1: 36/36 wrappers
Epoch 4/5 | Batch 934/2000 | Step 6934 | BCE 1.125960 | FTC 1.838558 | Total 2.964518
Task flag set to 0: 36/36 wrappers
Task flag set to 1: 36/36 wrappers
Epoch 4/5 | Batch 935/2000 | Step 6935 | BCE 0.290372 | FTC 1.884516 | Total 2.174888
Task flag set to 0: 36/36 wrappers
Task flag set to 1: 36/36 wrappers
Epoch 4/5 | Batch 936/2000 | Step 6936 | BCE 0.433071 | FTC 1.098961 | Total 1.532032
Task flag set to 0: 36/36 wrappers
Task flag set to 1: 36/36 wrappers
Epoch 4/5 | Batch 937/2000 | Step 6937 | BCE 0.711668 | FTC 1.680151 | Total 2.391819
Task flag set to 0: 36/36 wrappers
Task flag set to 1: 36/36 wrappers
Epoch 4/5 | Batch 938/2000 | Step 6938 | BCE 0.829477 | FTC 1.762255 | Total 2.591732
Task flag set to 0: 36/36 wrappers
Task flag set to 1: 36/36 wrappers
Epoch 4/5 | Batch 939/2000 | Step 6939 | BCE 0.068909 | FTC 1.198828 | Total 1.267737
Task flag set to 0: 36/36 wrappers
Task flag set to 1: 36/36 wrappers
Epoch 4/5 | Batch 940/2000 | Step 6940 | BCE 0.134425 | FTC 1.360912 | Total 1.495337
Task flag set to 0: 36/36 wrappers
Task flag set to 1: 36/36 wrappers
Epoch 4/5 | Batch 941/2000 | Step 6941 | BCE 0.148852 | FTC 1.319430 | Total 1.468282
Task flag set to 0: 36/36 wrappers
Task flag set to 1: 36/36 wrappers
Epoch 4/5 | Batch 942/2000 | Step 6942 | BCE 1.429367 | FTC 1.756750 | Total 3.186117
Task flag set to 0: 36/36 wrappers
Task flag set to 1: 36/36 wrappers
Epoch 4/5 | Batch 943/2000 | Step 6943 | BCE 0.118919 | FTC 1.381492 | Total 1.500412
Task flag set to 0: 36/36 wrappers
Task flag set to 1: 36/36 wrappers
Epoch 4/5 | Batch 944/2000 | Step 6944 | BCE 0.531808 | FTC 1.942433 | Total 2.474241
Task flag set to 0: 36/36 wrappers
Task flag set to 1: 36/36 wrappers
Epoch 4/5 | Batch 945/2000 | Step 6945 | BCE 0.842052 | FTC 1.462303 | Total 2.304355
Task flag set to 0: 36/36 wrappers
Task flag set to 1: 36/36 wrappers
Epoch 4/5 | Batch 946/2000 | Step 6946 | BCE 0.804956 | FTC 0.929845 | Total 1.734801
Task flag set to 0: 36/36 wrappers
Task flag set to 1: 36/36 wrappers
Epoch 4/5 | Batch 947/2000 | Step 6947 | BCE 0.895105 | FTC 0.839122 | Total 1.734227
Task flag set to 0: 36/36 wrappers
Task flag set to 1: 36/36 wrappers
Epoch 4/5 | Batch 948/2000 | Step 6948 | BCE 0.572893 | FTC 1.555123 | Total 2.128016
Task flag set to 0: 36/36 wrappers
Task flag set to 1: 36/36 wrappers
Epoch 4/5 | Batch 949/2000 | Step 6949 | BCE 0.110907 | FTC 1.705945 | Total 1.816852
Task flag set to 0: 36/36 wrappers
Task flag set to 1: 36/36 wrappers
Epoch 4/5 | Batch 950/2000 | Step 6950 | BCE 0.112532 | FTC 1.418499 | Total 1.531031
Task flag set to 0: 36/36 wrappers
Task flag set to 1: 36/36 wrappers
Epoch 4/5 | Batch 951/2000 | Step 6951 | BCE 0.438030 | FTC 1.415770 | Total 1.853801
Task flag set to 0: 36/36 wrappers
Task flag set to 1: 36/36 wrappers
Epoch 4/5 | Batch 952/2000 | Step 6952 | BCE 0.605098 | FTC 1.231580 | Total 1.836678
Task flag set to 0: 36/36 wrappers
Task flag set to 1: 36/36 wrappers
Epoch 4/5 | Batch 953/2000 | Step 6953 | BCE 0.337651 | FTC 2.152277 | Total 2.489928
Task flag set to 0: 36/36 wrappers
Task flag set to 1: 36/36 wrappers
Epoch 4/5 | Batch 954/2000 | Step 6954 | BCE 0.037497 | FTC 1.395046 | Total 1.432544
Task flag set to 0: 36/36 wrappers
Task flag set to 1: 36/36 wrappers
Epoch 4/5 | Batch 955/2000 | Step 6955 | BCE 0.224896 | FTC 2.085683 | Total 2.310579
Task flag set to 0: 36/36 wrappers
Task flag set to 1: 36/36 wrappers
Epoch 4/5 | Batch 956/2000 | Step 6956 | BCE 0.191194 | FTC 1.621305 | Total 1.812498
Task flag set to 0: 36/36 wrappers
Task flag set to 1: 36/36 wrappers
Epoch 4/5 | Batch 957/2000 | Step 6957 | BCE 0.226197 | FTC 1.864865 | Total 2.091062
Task flag set to 0: 36/36 wrappers
Task flag set to 1: 36/36 wrappers
Epoch 4/5 | Batch 958/2000 | Step 6958 | BCE 0.289147 | FTC 0.962480 | Total 1.251627
Task flag set to 0: 36/36 wrappers
Task flag set to 1: 36/36 wrappers
Epoch 4/5 | Batch 959/2000 | Step 6959 | BCE 0.430816 | FTC 1.808328 | Total 2.239144
Task flag set to 0: 36/36 wrappers
Task flag set to 1: 36/36 wrappers
Epoch 4/5 | Batch 960/2000 | Step 6960 | BCE 0.178881 | FTC 1.978016 | Total 2.156897
Task flag set to 0: 36/36 wrappers
Task flag set to 1: 36/36 wrappers
Epoch 4/5 | Batch 961/2000 | Step 6961 | BCE 0.470497 | FTC 1.585212 | Total 2.055709
Task flag set to 0: 36/36 wrappers
Task flag set to 1: 36/36 wrappers
Epoch 4/5 | Batch 962/2000 | Step 6962 | BCE 0.713882 | FTC 1.516915 | Total 2.230797
Task flag set to 0: 36/36 wrappers
Task flag set to 1: 36/36 wrappers
Epoch 4/5 | Batch 963/2000 | Step 6963 | BCE 0.206528 | FTC 1.600593 | Total 1.807121
Task flag set to 0: 36/36 wrappers
Task flag set to 1: 36/36 wrappers
Epoch 4/5 | Batch 964/2000 | Step 6964 | BCE 0.251144 | FTC 1.947140 | Total 2.198284
Task flag set to 0: 36/36 wrappers
Task flag set to 1: 36/36 wrappers
Epoch 4/5 | Batch 965/2000 | Step 6965 | BCE 1.002547 | FTC 1.444601 | Total 2.447148
Task flag set to 0: 36/36 wrappers
Task flag set to 1: 36/36 wrappers
Epoch 4/5 | Batch 966/2000 | Step 6966 | BCE 0.157571 | FTC 1.738569 | Total 1.896140
Task flag set to 0: 36/36 wrappers
Task flag set to 1: 36/36 wrappers
Epoch 4/5 | Batch 967/2000 | Step 6967 | BCE 0.415320 | FTC 1.633484 | Total 2.048804
Task flag set to 0: 36/36 wrappers
Task flag set to 1: 36/36 wrappers
Epoch 4/5 | Batch 968/2000 | Step 6968 | BCE 0.190250 | FTC 1.666999 | Total 1.857250
Task flag set to 0: 36/36 wrappers
Task flag set to 1: 36/36 wrappers
Epoch 4/5 | Batch 969/2000 | Step 6969 | BCE 0.282212 | FTC 1.586395 | Total 1.868607
Task flag set to 0: 36/36 wrappers
Task flag set to 1: 36/36 wrappers
Epoch 4/5 | Batch 970/2000 | Step 6970 | BCE 0.060494 | FTC 1.605200 | Total 1.665694
Task flag set to 0: 36/36 wrappers
Task flag set to 1: 36/36 wrappers
Epoch 4/5 | Batch 971/2000 | Step 6971 | BCE 1.462459 | FTC 1.599062 | Total 3.061521
Task flag set to 0: 36/36 wrappers
Task flag set to 1: 36/36 wrappers
Epoch 4/5 | Batch 972/2000 | Step 6972 | BCE 0.387766 | FTC 1.179490 | Total 1.567257
Task flag set to 0: 36/36 wrappers
Task flag set to 1: 36/36 wrappers
Epoch 4/5 | Batch 973/2000 | Step 6973 | BCE 0.776297 | FTC 1.768167 | Total 2.544465
Task flag set to 0: 36/36 wrappers
Task flag set to 1: 36/36 wrappers
Epoch 4/5 | Batch 974/2000 | Step 6974 | BCE 0.195820 | FTC 1.487868 | Total 1.683688
Task flag set to 0: 36/36 wrappers
Task flag set to 1: 36/36 wrappers
Epoch 4/5 | Batch 975/2000 | Step 6975 | BCE 0.306211 | FTC 1.566019 | Total 1.872230
Task flag set to 0: 36/36 wrappers
Task flag set to 1: 36/36 wrappers
Epoch 4/5 | Batch 976/2000 | Step 6976 | BCE 0.337311 | FTC 1.794599 | Total 2.131910
Task flag set to 0: 36/36 wrappers
Task flag set to 1: 36/36 wrappers
Epoch 4/5 | Batch 977/2000 | Step 6977 | BCE 0.419853 | FTC 1.991080 | Total 2.410932
Task flag set to 0: 36/36 wrappers
Task flag set to 1: 36/36 wrappers
Epoch 4/5 | Batch 978/2000 | Step 6978 | BCE 0.069640 | FTC 1.471884 | Total 1.541523
Task flag set to 0: 36/36 wrappers
Task flag set to 1: 36/36 wrappers
Epoch 4/5 | Batch 979/2000 | Step 6979 | BCE 0.429661 | FTC 0.947588 | Total 1.377249
Task flag set to 0: 36/36 wrappers
Task flag set to 1: 36/36 wrappers
Epoch 4/5 | Batch 980/2000 | Step 6980 | BCE 0.362300 | FTC 1.441713 | Total 1.804013
Task flag set to 0: 36/36 wrappers
Task flag set to 1: 36/36 wrappers
Epoch 4/5 | Batch 981/2000 | Step 6981 | BCE 0.238272 | FTC 1.760622 | Total 1.998894
Task flag set to 0: 36/36 wrappers
Task flag set to 1: 36/36 wrappers
Epoch 4/5 | Batch 982/2000 | Step 6982 | BCE 0.106282 | FTC 1.376331 | Total 1.482613
Task flag set to 0: 36/36 wrappers
Task flag set to 1: 36/36 wrappers
Epoch 4/5 | Batch 983/2000 | Step 6983 | BCE 0.905100 | FTC 1.979843 | Total 2.884944
Task flag set to 0: 36/36 wrappers
Task flag set to 1: 36/36 wrappers
Epoch 4/5 | Batch 984/2000 | Step 6984 | BCE 0.408398 | FTC 1.936563 | Total 2.344961
Task flag set to 0: 36/36 wrappers
Task flag set to 1: 36/36 wrappers
Epoch 4/5 | Batch 985/2000 | Step 6985 | BCE 0.332892 | FTC 1.587708 | Total 1.920601
Task flag set to 0: 36/36 wrappers
Task flag set to 1: 36/36 wrappers
Epoch 4/5 | Batch 986/2000 | Step 6986 | BCE 0.048350 | FTC 1.417940 | Total 1.466290
Task flag set to 0: 36/36 wrappers
Task flag set to 1: 36/36 wrappers
Epoch 4/5 | Batch 987/2000 | Step 6987 | BCE 0.134718 | FTC 1.794911 | Total 1.929628
Task flag set to 0: 36/36 wrappers
Task flag set to 1: 36/36 wrappers
Epoch 4/5 | Batch 988/2000 | Step 6988 | BCE 0.257115 | FTC 1.770488 | Total 2.027604
Task flag set to 0: 36/36 wrappers
Task flag set to 1: 36/36 wrappers
Epoch 4/5 | Batch 989/2000 | Step 6989 | BCE 0.135740 | FTC 1.608914 | Total 1.744654
Task flag set to 0: 36/36 wrappers
Task flag set to 1: 36/36 wrappers
Epoch 4/5 | Batch 990/2000 | Step 6990 | BCE 0.257231 | FTC 1.628232 | Total 1.885463
Task flag set to 0: 36/36 wrappers
Task flag set to 1: 36/36 wrappers
Epoch 4/5 | Batch 991/2000 | Step 6991 | BCE 0.099837 | FTC 1.792193 | Total 1.892030
Task flag set to 0: 36/36 wrappers
Task flag set to 1: 36/36 wrappers
Epoch 4/5 | Batch 992/2000 | Step 6992 | BCE 0.713297 | FTC 1.521271 | Total 2.234569
Task flag set to 0: 36/36 wrappers
Task flag set to 1: 36/36 wrappers
Epoch 4/5 | Batch 993/2000 | Step 6993 | BCE 0.621365 | FTC 1.460039 | Total 2.081404
Task flag set to 0: 36/36 wrappers
Task flag set to 1: 36/36 wrappers
Epoch 4/5 | Batch 994/2000 | Step 6994 | BCE 0.106871 | FTC 1.731886 | Total 1.838758
Task flag set to 0: 36/36 wrappers
Task flag set to 1: 36/36 wrappers
Epoch 4/5 | Batch 995/2000 | Step 6995 | BCE 0.023010 | FTC 1.513668 | Total 1.536678
Task flag set to 0: 36/36 wrappers
Task flag set to 1: 36/36 wrappers
Epoch 4/5 | Batch 996/2000 | Step 6996 | BCE 0.074144 | FTC 1.150898 | Total 1.225042
Task flag set to 0: 36/36 wrappers
Task flag set to 1: 36/36 wrappers
Epoch 4/5 | Batch 997/2000 | Step 6997 | BCE 0.813688 | FTC 1.566359 | Total 2.380047
Task flag set to 0: 36/36 wrappers
Task flag set to 1: 36/36 wrappers
Epoch 4/5 | Batch 998/2000 | Step 6998 | BCE 0.107353 | FTC 1.565025 | Total 1.672378
Task flag set to 0: 36/36 wrappers
Task flag set to 1: 36/36 wrappers
Epoch 4/5 | Batch 999/2000 | Step 6999 | BCE 0.155484 | FTC 1.783143 | Total 1.938627
Task flag set to 0: 36/36 wrappers
Task flag set to 1: 36/36 wrappers
Epoch 4/5 | Batch 1000/2000 | Step 7000 | BCE 0.195206 | FTC 1.390630 | Total 1.585836
Task flag set to 0: 36/36 wrappers
Task flag set to 1: 36/36 wrappers
Epoch 4/5 | Batch 1001/2000 | Step 7001 | BCE 0.072232 | FTC 1.558414 | Total 1.630646
Task flag set to 0: 36/36 wrappers
Task flag set to 1: 36/36 wrappers
Epoch 4/5 | Batch 1002/2000 | Step 7002 | BCE 0.121756 | FTC 1.880273 | Total 2.002028
Task flag set to 0: 36/36 wrappers
Task flag set to 1: 36/36 wrappers
Epoch 4/5 | Batch 1003/2000 | Step 7003 | BCE 0.376357 | FTC 1.119377 | Total 1.495734
Task flag set to 0: 36/36 wrappers
Task flag set to 1: 36/36 wrappers
Epoch 4/5 | Batch 1004/2000 | Step 7004 | BCE 0.131473 | FTC 1.475836 | Total 1.607309
Task flag set to 0: 36/36 wrappers
Task flag set to 1: 36/36 wrappers
Epoch 4/5 | Batch 1005/2000 | Step 7005 | BCE 0.027282 | FTC 1.177942 | Total 1.205224
Task flag set to 0: 36/36 wrappers
Task flag set to 1: 36/36 wrappers
Epoch 4/5 | Batch 1006/2000 | Step 7006 | BCE 0.934592 | FTC 1.580586 | Total 2.515178
Task flag set to 0: 36/36 wrappers
Task flag set to 1: 36/36 wrappers
Epoch 4/5 | Batch 1007/2000 | Step 7007 | BCE 0.222223 | FTC 1.596491 | Total 1.818713
Task flag set to 0: 36/36 wrappers
Task flag set to 1: 36/36 wrappers
Epoch 4/5 | Batch 1008/2000 | Step 7008 | BCE 0.061526 | FTC 1.002790 | Total 1.064315
Task flag set to 0: 36/36 wrappers
Task flag set to 1: 36/36 wrappers
Epoch 4/5 | Batch 1009/2000 | Step 7009 | BCE 1.331862 | FTC 1.985233 | Total 3.317095
Task flag set to 0: 36/36 wrappers
Task flag set to 1: 36/36 wrappers
Epoch 4/5 | Batch 1010/2000 | Step 7010 | BCE 0.116752 | FTC 1.524955 | Total 1.641708
Task flag set to 0: 36/36 wrappers
Task flag set to 1: 36/36 wrappers
Epoch 4/5 | Batch 1011/2000 | Step 7011 | BCE 0.229243 | FTC 1.288454 | Total 1.517697
Task flag set to 0: 36/36 wrappers
Task flag set to 1: 36/36 wrappers
Epoch 4/5 | Batch 1012/2000 | Step 7012 | BCE 0.204983 | FTC 1.800348 | Total 2.005331
Task flag set to 0: 36/36 wrappers
Task flag set to 1: 36/36 wrappers
Epoch 4/5 | Batch 1013/2000 | Step 7013 | BCE 0.443338 | FTC 1.641792 | Total 2.085130
Task flag set to 0: 36/36 wrappers
Task flag set to 1: 36/36 wrappers
Epoch 4/5 | Batch 1014/2000 | Step 7014 | BCE 0.047439 | FTC 1.536584 | Total 1.584022
Task flag set to 0: 36/36 wrappers
Task flag set to 1: 36/36 wrappers
Epoch 4/5 | Batch 1015/2000 | Step 7015 | BCE 0.776804 | FTC 1.435134 | Total 2.211938
Task flag set to 0: 36/36 wrappers
Task flag set to 1: 36/36 wrappers
Epoch 4/5 | Batch 1016/2000 | Step 7016 | BCE 0.032706 | FTC 1.461111 | Total 1.493817
Task flag set to 0: 36/36 wrappers
Task flag set to 1: 36/36 wrappers
Epoch 4/5 | Batch 1017/2000 | Step 7017 | BCE 1.153023 | FTC 1.734370 | Total 2.887393
Task flag set to 0: 36/36 wrappers
Task flag set to 1: 36/36 wrappers
Epoch 4/5 | Batch 1018/2000 | Step 7018 | BCE 0.779721 | FTC 1.510280 | Total 2.290000
Task flag set to 0: 36/36 wrappers
Task flag set to 1: 36/36 wrappers
Epoch 4/5 | Batch 1019/2000 | Step 7019 | BCE 0.264191 | FTC 1.691908 | Total 1.956099
Task flag set to 0: 36/36 wrappers
Task flag set to 1: 36/36 wrappers
Epoch 4/5 | Batch 1020/2000 | Step 7020 | BCE 0.015648 | FTC 1.573848 | Total 1.589496
Task flag set to 0: 36/36 wrappers
Task flag set to 1: 36/36 wrappers
Epoch 4/5 | Batch 1021/2000 | Step 7021 | BCE 0.786012 | FTC 1.840015 | Total 2.626028
Task flag set to 0: 36/36 wrappers
Task flag set to 1: 36/36 wrappers
Epoch 4/5 | Batch 1022/2000 | Step 7022 | BCE 0.064000 | FTC 2.086066 | Total 2.150066
Task flag set to 0: 36/36 wrappers
Task flag set to 1: 36/36 wrappers
Epoch 4/5 | Batch 1023/2000 | Step 7023 | BCE 1.874789 | FTC 1.302812 | Total 3.177601
Task flag set to 0: 36/36 wrappers
Task flag set to 1: 36/36 wrappers
Epoch 4/5 | Batch 1024/2000 | Step 7024 | BCE 0.320121 | FTC 1.497690 | Total 1.817811
Task flag set to 0: 36/36 wrappers
Task flag set to 1: 36/36 wrappers
Epoch 4/5 | Batch 1025/2000 | Step 7025 | BCE 0.794408 | FTC 1.971511 | Total 2.765918
Task flag set to 0: 36/36 wrappers
Task flag set to 1: 36/36 wrappers
Epoch 4/5 | Batch 1026/2000 | Step 7026 | BCE 0.802550 | FTC 2.450153 | Total 3.252703
Task flag set to 0: 36/36 wrappers
Task flag set to 1: 36/36 wrappers
Epoch 4/5 | Batch 1027/2000 | Step 7027 | BCE 0.696325 | FTC 1.278754 | Total 1.975079
Task flag set to 0: 36/36 wrappers
Task flag set to 1: 36/36 wrappers
Epoch 4/5 | Batch 1028/2000 | Step 7028 | BCE 0.184628 | FTC 1.564775 | Total 1.749403
Task flag set to 0: 36/36 wrappers
Task flag set to 1: 36/36 wrappers
Epoch 4/5 | Batch 1029/2000 | Step 7029 | BCE 0.221109 | FTC 1.661853 | Total 1.882962
Task flag set to 0: 36/36 wrappers
Task flag set to 1: 36/36 wrappers
Epoch 4/5 | Batch 1030/2000 | Step 7030 | BCE 1.254351 | FTC 1.464050 | Total 2.718400
Task flag set to 0: 36/36 wrappers
Task flag set to 1: 36/36 wrappers
Epoch 4/5 | Batch 1031/2000 | Step 7031 | BCE 0.579552 | FTC 1.332077 | Total 1.911628
Task flag set to 0: 36/36 wrappers
Task flag set to 1: 36/36 wrappers
Epoch 4/5 | Batch 1032/2000 | Step 7032 | BCE 0.275171 | FTC 1.132363 | Total 1.407534
Task flag set to 0: 36/36 wrappers
Task flag set to 1: 36/36 wrappers
Epoch 4/5 | Batch 1033/2000 | Step 7033 | BCE 0.307366 | FTC 1.008509 | Total 1.315875
Task flag set to 0: 36/36 wrappers
Task flag set to 1: 36/36 wrappers
Epoch 4/5 | Batch 1034/2000 | Step 7034 | BCE 0.700331 | FTC 1.311482 | Total 2.011813
Task flag set to 0: 36/36 wrappers
Task flag set to 1: 36/36 wrappers
Epoch 4/5 | Batch 1035/2000 | Step 7035 | BCE 0.317283 | FTC 1.702469 | Total 2.019752
Task flag set to 0: 36/36 wrappers
Task flag set to 1: 36/36 wrappers
Epoch 4/5 | Batch 1036/2000 | Step 7036 | BCE 0.380575 | FTC 2.358208 | Total 2.738783
Task flag set to 0: 36/36 wrappers
Task flag set to 1: 36/36 wrappers
Epoch 4/5 | Batch 1037/2000 | Step 7037 | BCE 0.620498 | FTC 1.546322 | Total 2.166821
Task flag set to 0: 36/36 wrappers
Task flag set to 1: 36/36 wrappers
Epoch 4/5 | Batch 1038/2000 | Step 7038 | BCE 0.299605 | FTC 1.580023 | Total 1.879628
Task flag set to 0: 36/36 wrappers
Task flag set to 1: 36/36 wrappers
Epoch 4/5 | Batch 1039/2000 | Step 7039 | BCE 0.179952 | FTC 1.851356 | Total 2.031308
Task flag set to 0: 36/36 wrappers
Task flag set to 1: 36/36 wrappers
Epoch 4/5 | Batch 1040/2000 | Step 7040 | BCE 0.284059 | FTC 2.351020 | Total 2.635079
Task flag set to 0: 36/36 wrappers
Task flag set to 1: 36/36 wrappers
Epoch 4/5 | Batch 1041/2000 | Step 7041 | BCE 1.274787 | FTC 1.104949 | Total 2.379736
Task flag set to 0: 36/36 wrappers
Task flag set to 1: 36/36 wrappers
Epoch 4/5 | Batch 1042/2000 | Step 7042 | BCE 0.954452 | FTC 1.627650 | Total 2.582103
Task flag set to 0: 36/36 wrappers
Task flag set to 1: 36/36 wrappers
Epoch 4/5 | Batch 1043/2000 | Step 7043 | BCE 0.455224 | FTC 1.409782 | Total 1.865005
Task flag set to 0: 36/36 wrappers
Task flag set to 1: 36/36 wrappers
Epoch 4/5 | Batch 1044/2000 | Step 7044 | BCE 0.514853 | FTC 1.929147 | Total 2.444000
Task flag set to 0: 36/36 wrappers
Task flag set to 1: 36/36 wrappers
Epoch 4/5 | Batch 1045/2000 | Step 7045 | BCE 0.435896 | FTC 1.040090 | Total 1.475986
Task flag set to 0: 36/36 wrappers
Task flag set to 1: 36/36 wrappers
Epoch 4/5 | Batch 1046/2000 | Step 7046 | BCE 0.786282 | FTC 1.811816 | Total 2.598098
Task flag set to 0: 36/36 wrappers
Task flag set to 1: 36/36 wrappers
Epoch 4/5 | Batch 1047/2000 | Step 7047 | BCE 0.888801 | FTC 1.659486 | Total 2.548287
Task flag set to 0: 36/36 wrappers
Task flag set to 1: 36/36 wrappers
Epoch 4/5 | Batch 1048/2000 | Step 7048 | BCE 0.239321 | FTC 1.872689 | Total 2.112010
Task flag set to 0: 36/36 wrappers
Task flag set to 1: 36/36 wrappers
Epoch 4/5 | Batch 1049/2000 | Step 7049 | BCE 0.580376 | FTC 1.565878 | Total 2.146254
Task flag set to 0: 36/36 wrappers
Task flag set to 1: 36/36 wrappers
Epoch 4/5 | Batch 1050/2000 | Step 7050 | BCE 0.281071 | FTC 1.917642 | Total 2.198713
Task flag set to 0: 36/36 wrappers
Task flag set to 1: 36/36 wrappers
Epoch 4/5 | Batch 1051/2000 | Step 7051 | BCE 0.197922 | FTC 1.581845 | Total 1.779767
Task flag set to 0: 36/36 wrappers
Task flag set to 1: 36/36 wrappers
Epoch 4/5 | Batch 1052/2000 | Step 7052 | BCE 0.117069 | FTC 2.106405 | Total 2.223474
Task flag set to 0: 36/36 wrappers
Task flag set to 1: 36/36 wrappers
Epoch 4/5 | Batch 1053/2000 | Step 7053 | BCE 0.540368 | FTC 2.074075 | Total 2.614444
Task flag set to 0: 36/36 wrappers
Task flag set to 1: 36/36 wrappers
Epoch 4/5 | Batch 1054/2000 | Step 7054 | BCE 0.405371 | FTC 1.611731 | Total 2.017102
Task flag set to 0: 36/36 wrappers
Task flag set to 1: 36/36 wrappers
Epoch 4/5 | Batch 1055/2000 | Step 7055 | BCE 0.156553 | FTC 1.872679 | Total 2.029232
Task flag set to 0: 36/36 wrappers
Task flag set to 1: 36/36 wrappers
Epoch 4/5 | Batch 1056/2000 | Step 7056 | BCE 0.216249 | FTC 1.999872 | Total 2.216121
Task flag set to 0: 36/36 wrappers
Task flag set to 1: 36/36 wrappers
Epoch 4/5 | Batch 1057/2000 | Step 7057 | BCE 0.098769 | FTC 1.491682 | Total 1.590451
Task flag set to 0: 36/36 wrappers
Task flag set to 1: 36/36 wrappers
Epoch 4/5 | Batch 1058/2000 | Step 7058 | BCE 0.595485 | FTC 1.811553 | Total 2.407038
Task flag set to 0: 36/36 wrappers
Task flag set to 1: 36/36 wrappers
Epoch 4/5 | Batch 1059/2000 | Step 7059 | BCE 1.251611 | FTC 1.936634 | Total 3.188245
Task flag set to 0: 36/36 wrappers
Task flag set to 1: 36/36 wrappers
Epoch 4/5 | Batch 1060/2000 | Step 7060 | BCE 0.856040 | FTC 1.504436 | Total 2.360476
Task flag set to 0: 36/36 wrappers
Task flag set to 1: 36/36 wrappers
Epoch 4/5 | Batch 1061/2000 | Step 7061 | BCE 0.198117 | FTC 1.761082 | Total 1.959198
Task flag set to 0: 36/36 wrappers
Task flag set to 1: 36/36 wrappers
Epoch 4/5 | Batch 1062/2000 | Step 7062 | BCE 0.357297 | FTC 1.905945 | Total 2.263242
Task flag set to 0: 36/36 wrappers
Task flag set to 1: 36/36 wrappers
Epoch 4/5 | Batch 1063/2000 | Step 7063 | BCE 0.408158 | FTC 1.828584 | Total 2.236742
Task flag set to 0: 36/36 wrappers
Task flag set to 1: 36/36 wrappers
Epoch 4/5 | Batch 1064/2000 | Step 7064 | BCE 0.341497 | FTC 1.762202 | Total 2.103699
Task flag set to 0: 36/36 wrappers
Task flag set to 1: 36/36 wrappers
Epoch 4/5 | Batch 1065/2000 | Step 7065 | BCE 0.065350 | FTC 1.447481 | Total 1.512831
Task flag set to 0: 36/36 wrappers
Task flag set to 1: 36/36 wrappers
Epoch 4/5 | Batch 1066/2000 | Step 7066 | BCE 0.135328 | FTC 1.579093 | Total 1.714421
Task flag set to 0: 36/36 wrappers
Task flag set to 1: 36/36 wrappers
Epoch 4/5 | Batch 1067/2000 | Step 7067 | BCE 0.124178 | FTC 1.456719 | Total 1.580897
Task flag set to 0: 36/36 wrappers
Task flag set to 1: 36/36 wrappers
Epoch 4/5 | Batch 1068/2000 | Step 7068 | BCE 0.725037 | FTC 1.165890 | Total 1.890926
Task flag set to 0: 36/36 wrappers
Task flag set to 1: 36/36 wrappers
Epoch 4/5 | Batch 1069/2000 | Step 7069 | BCE 0.503670 | FTC 0.965124 | Total 1.468794
Task flag set to 0: 36/36 wrappers
Task flag set to 1: 36/36 wrappers
Epoch 4/5 | Batch 1070/2000 | Step 7070 | BCE 0.110657 | FTC 1.350332 | Total 1.460989
Task flag set to 0: 36/36 wrappers
Task flag set to 1: 36/36 wrappers
Epoch 4/5 | Batch 1071/2000 | Step 7071 | BCE 0.316590 | FTC 1.733794 | Total 2.050384
Task flag set to 0: 36/36 wrappers
Task flag set to 1: 36/36 wrappers
Epoch 4/5 | Batch 1072/2000 | Step 7072 | BCE 0.244155 | FTC 1.723750 | Total 1.967904
Task flag set to 0: 36/36 wrappers
Task flag set to 1: 36/36 wrappers
Epoch 4/5 | Batch 1073/2000 | Step 7073 | BCE 0.165472 | FTC 1.726857 | Total 1.892329
Task flag set to 0: 36/36 wrappers
Task flag set to 1: 36/36 wrappers
Epoch 4/5 | Batch 1074/2000 | Step 7074 | BCE 0.085888 | FTC 1.818427 | Total 1.904315
Task flag set to 0: 36/36 wrappers
Task flag set to 1: 36/36 wrappers
Epoch 4/5 | Batch 1075/2000 | Step 7075 | BCE 0.173697 | FTC 2.027547 | Total 2.201243
Task flag set to 0: 36/36 wrappers
Task flag set to 1: 36/36 wrappers
Epoch 4/5 | Batch 1076/2000 | Step 7076 | BCE 0.042714 | FTC 1.434195 | Total 1.476910
Task flag set to 0: 36/36 wrappers
Task flag set to 1: 36/36 wrappers
Epoch 4/5 | Batch 1077/2000 | Step 7077 | BCE 0.134075 | FTC 1.408801 | Total 1.542876
Task flag set to 0: 36/36 wrappers
Task flag set to 1: 36/36 wrappers
Epoch 4/5 | Batch 1078/2000 | Step 7078 | BCE 0.203521 | FTC 1.595660 | Total 1.799182
Task flag set to 0: 36/36 wrappers
Task flag set to 1: 36/36 wrappers
Epoch 4/5 | Batch 1079/2000 | Step 7079 | BCE 0.212741 | FTC 1.481095 | Total 1.693836
Task flag set to 0: 36/36 wrappers
Task flag set to 1: 36/36 wrappers
Epoch 4/5 | Batch 1080/2000 | Step 7080 | BCE 0.183222 | FTC 1.636469 | Total 1.819690
Task flag set to 0: 36/36 wrappers
Task flag set to 1: 36/36 wrappers
Epoch 4/5 | Batch 1081/2000 | Step 7081 | BCE 0.051055 | FTC 1.693209 | Total 1.744264
Task flag set to 0: 36/36 wrappers
Task flag set to 1: 36/36 wrappers
Epoch 4/5 | Batch 1082/2000 | Step 7082 | BCE 0.074124 | FTC 1.998406 | Total 2.072530
Task flag set to 0: 36/36 wrappers
Task flag set to 1: 36/36 wrappers
Epoch 4/5 | Batch 1083/2000 | Step 7083 | BCE 0.023432 | FTC 1.453760 | Total 1.477192
Task flag set to 0: 36/36 wrappers
Task flag set to 1: 36/36 wrappers
Epoch 4/5 | Batch 1084/2000 | Step 7084 | BCE 0.880634 | FTC 1.872581 | Total 2.753215
Task flag set to 0: 36/36 wrappers
Task flag set to 1: 36/36 wrappers
Epoch 4/5 | Batch 1085/2000 | Step 7085 | BCE 0.097429 | FTC 1.323983 | Total 1.421412
Task flag set to 0: 36/36 wrappers
Task flag set to 1: 36/36 wrappers
Epoch 4/5 | Batch 1086/2000 | Step 7086 | BCE 1.170046 | FTC 1.881359 | Total 3.051405
Task flag set to 0: 36/36 wrappers
Task flag set to 1: 36/36 wrappers
Epoch 4/5 | Batch 1087/2000 | Step 7087 | BCE 1.265182 | FTC 1.680088 | Total 2.945270
Task flag set to 0: 36/36 wrappers
Task flag set to 1: 36/36 wrappers
Epoch 4/5 | Batch 1088/2000 | Step 7088 | BCE 0.043547 | FTC 1.473659 | Total 1.517206
Task flag set to 0: 36/36 wrappers
Task flag set to 1: 36/36 wrappers
Epoch 4/5 | Batch 1089/2000 | Step 7089 | BCE 0.710088 | FTC 1.863062 | Total 2.573150
Task flag set to 0: 36/36 wrappers
Task flag set to 1: 36/36 wrappers
Epoch 4/5 | Batch 1090/2000 | Step 7090 | BCE 0.039914 | FTC 1.525867 | Total 1.565781
Task flag set to 0: 36/36 wrappers
Task flag set to 1: 36/36 wrappers
Epoch 4/5 | Batch 1091/2000 | Step 7091 | BCE 0.617810 | FTC 1.685358 | Total 2.303168
Task flag set to 0: 36/36 wrappers
Task flag set to 1: 36/36 wrappers
Epoch 4/5 | Batch 1092/2000 | Step 7092 | BCE 1.405264 | FTC 1.922825 | Total 3.328089
Task flag set to 0: 36/36 wrappers
Task flag set to 1: 36/36 wrappers
Epoch 4/5 | Batch 1093/2000 | Step 7093 | BCE 0.145277 | FTC 1.425421 | Total 1.570698
Task flag set to 0: 36/36 wrappers
Task flag set to 1: 36/36 wrappers
Epoch 4/5 | Batch 1094/2000 | Step 7094 | BCE 1.298882 | FTC 1.944117 | Total 3.242999
Task flag set to 0: 36/36 wrappers
Task flag set to 1: 36/36 wrappers
Epoch 4/5 | Batch 1095/2000 | Step 7095 | BCE 0.274274 | FTC 1.670778 | Total 1.945052
Task flag set to 0: 36/36 wrappers
Task flag set to 1: 36/36 wrappers
Epoch 4/5 | Batch 1096/2000 | Step 7096 | BCE 0.065741 | FTC 1.647728 | Total 1.713470
Task flag set to 0: 36/36 wrappers
Task flag set to 1: 36/36 wrappers
Epoch 4/5 | Batch 1097/2000 | Step 7097 | BCE 1.435254 | FTC 1.831523 | Total 3.266777
Task flag set to 0: 36/36 wrappers
Task flag set to 1: 36/36 wrappers
Epoch 4/5 | Batch 1098/2000 | Step 7098 | BCE 0.212950 | FTC 1.579629 | Total 1.792579
Task flag set to 0: 36/36 wrappers
Task flag set to 1: 36/36 wrappers
Epoch 4/5 | Batch 1099/2000 | Step 7099 | BCE 0.178830 | FTC 1.470340 | Total 1.649171
Task flag set to 0: 36/36 wrappers
Task flag set to 1: 36/36 wrappers
Epoch 4/5 | Batch 1100/2000 | Step 7100 | BCE 0.275262 | FTC 1.625974 | Total 1.901236
Task flag set to 0: 36/36 wrappers
Task flag set to 1: 36/36 wrappers
Epoch 4/5 | Batch 1101/2000 | Step 7101 | BCE 0.009077 | FTC 1.276805 | Total 1.285882
Task flag set to 0: 36/36 wrappers
Task flag set to 1: 36/36 wrappers
Epoch 4/5 | Batch 1102/2000 | Step 7102 | BCE 0.394543 | FTC 1.867258 | Total 2.261801
Task flag set to 0: 36/36 wrappers
Task flag set to 1: 36/36 wrappers
Epoch 4/5 | Batch 1103/2000 | Step 7103 | BCE 0.920536 | FTC 2.018396 | Total 2.938932
Task flag set to 0: 36/36 wrappers
Task flag set to 1: 36/36 wrappers
Epoch 4/5 | Batch 1104/2000 | Step 7104 | BCE 0.187017 | FTC 1.449752 | Total 1.636769
Task flag set to 0: 36/36 wrappers
Task flag set to 1: 36/36 wrappers
Epoch 4/5 | Batch 1105/2000 | Step 7105 | BCE 0.674622 | FTC 1.488773 | Total 2.163395
Task flag set to 0: 36/36 wrappers
Task flag set to 1: 36/36 wrappers
Epoch 4/5 | Batch 1106/2000 | Step 7106 | BCE 1.032087 | FTC 1.902722 | Total 2.934809
Task flag set to 0: 36/36 wrappers
Task flag set to 1: 36/36 wrappers
Epoch 4/5 | Batch 1107/2000 | Step 7107 | BCE 0.817717 | FTC 2.349723 | Total 3.167440
Task flag set to 0: 36/36 wrappers
Task flag set to 1: 36/36 wrappers
Epoch 4/5 | Batch 1108/2000 | Step 7108 | BCE 0.327631 | FTC 1.255917 | Total 1.583549
Task flag set to 0: 36/36 wrappers
Task flag set to 1: 36/36 wrappers
Epoch 4/5 | Batch 1109/2000 | Step 7109 | BCE 0.083253 | FTC 1.470543 | Total 1.553796
Task flag set to 0: 36/36 wrappers
Task flag set to 1: 36/36 wrappers
Epoch 4/5 | Batch 1110/2000 | Step 7110 | BCE 0.929258 | FTC 1.164650 | Total 2.093908
Task flag set to 0: 36/36 wrappers
Task flag set to 1: 36/36 wrappers
Epoch 4/5 | Batch 1111/2000 | Step 7111 | BCE 0.133978 | FTC 1.482764 | Total 1.616742
Task flag set to 0: 36/36 wrappers
Task flag set to 1: 36/36 wrappers
Epoch 4/5 | Batch 1112/2000 | Step 7112 | BCE 0.381133 | FTC 1.627221 | Total 2.008354
Task flag set to 0: 36/36 wrappers
Task flag set to 1: 36/36 wrappers
Epoch 4/5 | Batch 1113/2000 | Step 7113 | BCE 0.160643 | FTC 1.783893 | Total 1.944536
Task flag set to 0: 36/36 wrappers
Task flag set to 1: 36/36 wrappers
Epoch 4/5 | Batch 1114/2000 | Step 7114 | BCE 0.590465 | FTC 0.740794 | Total 1.331259
Task flag set to 0: 36/36 wrappers
Task flag set to 1: 36/36 wrappers
Epoch 4/5 | Batch 1115/2000 | Step 7115 | BCE 0.528621 | FTC 1.783046 | Total 2.311667
Task flag set to 0: 36/36 wrappers
Task flag set to 1: 36/36 wrappers
Epoch 4/5 | Batch 1116/2000 | Step 7116 | BCE 0.388268 | FTC 0.589500 | Total 0.977768
Task flag set to 0: 36/36 wrappers
Task flag set to 1: 36/36 wrappers
Epoch 4/5 | Batch 1117/2000 | Step 7117 | BCE 0.399633 | FTC 1.761969 | Total 2.161602
Task flag set to 0: 36/36 wrappers
Task flag set to 1: 36/36 wrappers
Epoch 4/5 | Batch 1118/2000 | Step 7118 | BCE 0.791674 | FTC 1.405313 | Total 2.196987
Task flag set to 0: 36/36 wrappers
Task flag set to 1: 36/36 wrappers
Epoch 4/5 | Batch 1119/2000 | Step 7119 | BCE 0.567709 | FTC 1.900625 | Total 2.468334
Task flag set to 0: 36/36 wrappers
Task flag set to 1: 36/36 wrappers
Epoch 4/5 | Batch 1120/2000 | Step 7120 | BCE 1.110306 | FTC 1.767876 | Total 2.878183
Task flag set to 0: 36/36 wrappers
Task flag set to 1: 36/36 wrappers
Epoch 4/5 | Batch 1121/2000 | Step 7121 | BCE 0.325126 | FTC 1.840494 | Total 2.165620
Task flag set to 0: 36/36 wrappers
Task flag set to 1: 36/36 wrappers
Epoch 4/5 | Batch 1122/2000 | Step 7122 | BCE 0.215396 | FTC 1.581300 | Total 1.796695
Task flag set to 0: 36/36 wrappers
Task flag set to 1: 36/36 wrappers
Epoch 4/5 | Batch 1123/2000 | Step 7123 | BCE 0.137138 | FTC 1.821153 | Total 1.958291
Task flag set to 0: 36/36 wrappers
Task flag set to 1: 36/36 wrappers
Epoch 4/5 | Batch 1124/2000 | Step 7124 | BCE 0.213744 | FTC 1.193101 | Total 1.406844
Task flag set to 0: 36/36 wrappers
Task flag set to 1: 36/36 wrappers
Epoch 4/5 | Batch 1125/2000 | Step 7125 | BCE 0.505531 | FTC 1.134429 | Total 1.639960
Task flag set to 0: 36/36 wrappers
Task flag set to 1: 36/36 wrappers
Epoch 4/5 | Batch 1126/2000 | Step 7126 | BCE 0.493664 | FTC 1.810828 | Total 2.304492
Task flag set to 0: 36/36 wrappers
Task flag set to 1: 36/36 wrappers
Epoch 4/5 | Batch 1127/2000 | Step 7127 | BCE 0.577364 | FTC 1.917435 | Total 2.494800
Task flag set to 0: 36/36 wrappers
Task flag set to 1: 36/36 wrappers
Epoch 4/5 | Batch 1128/2000 | Step 7128 | BCE 0.263779 | FTC 1.713562 | Total 1.977341
Task flag set to 0: 36/36 wrappers
Task flag set to 1: 36/36 wrappers
Epoch 4/5 | Batch 1129/2000 | Step 7129 | BCE 0.312128 | FTC 1.666602 | Total 1.978729
Task flag set to 0: 36/36 wrappers
Task flag set to 1: 36/36 wrappers
Epoch 4/5 | Batch 1130/2000 | Step 7130 | BCE 0.771619 | FTC 1.394810 | Total 2.166429
Task flag set to 0: 36/36 wrappers
Task flag set to 1: 36/36 wrappers
Epoch 4/5 | Batch 1131/2000 | Step 7131 | BCE 0.083861 | FTC 1.629001 | Total 1.712862
Task flag set to 0: 36/36 wrappers
Task flag set to 1: 36/36 wrappers
Epoch 4/5 | Batch 1132/2000 | Step 7132 | BCE 0.138973 | FTC 1.681778 | Total 1.820751
Task flag set to 0: 36/36 wrappers
Task flag set to 1: 36/36 wrappers
Epoch 4/5 | Batch 1133/2000 | Step 7133 | BCE 1.392659 | FTC 1.882828 | Total 3.275487
Task flag set to 0: 36/36 wrappers
Task flag set to 1: 36/36 wrappers
Epoch 4/5 | Batch 1134/2000 | Step 7134 | BCE 0.467174 | FTC 1.832454 | Total 2.299627
Task flag set to 0: 36/36 wrappers
Task flag set to 1: 36/36 wrappers
Epoch 4/5 | Batch 1135/2000 | Step 7135 | BCE 0.557107 | FTC 1.970503 | Total 2.527610
Task flag set to 0: 36/36 wrappers
Task flag set to 1: 36/36 wrappers
Epoch 4/5 | Batch 1136/2000 | Step 7136 | BCE 0.083713 | FTC 1.445294 | Total 1.529007
Task flag set to 0: 36/36 wrappers
Task flag set to 1: 36/36 wrappers
Epoch 4/5 | Batch 1137/2000 | Step 7137 | BCE 0.332262 | FTC 1.696563 | Total 2.028825
Task flag set to 0: 36/36 wrappers
Task flag set to 1: 36/36 wrappers
Epoch 4/5 | Batch 1138/2000 | Step 7138 | BCE 0.388407 | FTC 1.874073 | Total 2.262479
Task flag set to 0: 36/36 wrappers
Task flag set to 1: 36/36 wrappers
Epoch 4/5 | Batch 1139/2000 | Step 7139 | BCE 0.124293 | FTC 1.538912 | Total 1.663205
Task flag set to 0: 36/36 wrappers
Task flag set to 1: 36/36 wrappers
Epoch 4/5 | Batch 1140/2000 | Step 7140 | BCE 0.295612 | FTC 1.613884 | Total 1.909496
Task flag set to 0: 36/36 wrappers
Task flag set to 1: 36/36 wrappers
Epoch 4/5 | Batch 1141/2000 | Step 7141 | BCE 0.073474 | FTC 1.790841 | Total 1.864315
Task flag set to 0: 36/36 wrappers
Task flag set to 1: 36/36 wrappers
Epoch 4/5 | Batch 1142/2000 | Step 7142 | BCE 1.661532 | FTC 2.003859 | Total 3.665391
Task flag set to 0: 36/36 wrappers
Task flag set to 1: 36/36 wrappers
Epoch 4/5 | Batch 1143/2000 | Step 7143 | BCE 1.063907 | FTC 2.337409 | Total 3.401317
Task flag set to 0: 36/36 wrappers
Task flag set to 1: 36/36 wrappers
Epoch 4/5 | Batch 1144/2000 | Step 7144 | BCE 0.708686 | FTC 1.486091 | Total 2.194778
Task flag set to 0: 36/36 wrappers
Task flag set to 1: 36/36 wrappers
Epoch 4/5 | Batch 1145/2000 | Step 7145 | BCE 1.346522 | FTC 1.761677 | Total 3.108198
Task flag set to 0: 36/36 wrappers
Task flag set to 1: 36/36 wrappers
Epoch 4/5 | Batch 1146/2000 | Step 7146 | BCE 0.062816 | FTC 1.429238 | Total 1.492054
Task flag set to 0: 36/36 wrappers
Task flag set to 1: 36/36 wrappers
Epoch 4/5 | Batch 1147/2000 | Step 7147 | BCE 1.182149 | FTC 1.697794 | Total 2.879943
Task flag set to 0: 36/36 wrappers
Task flag set to 1: 36/36 wrappers
Epoch 4/5 | Batch 1148/2000 | Step 7148 | BCE 1.226414 | FTC 0.842022 | Total 2.068437
Task flag set to 0: 36/36 wrappers
Task flag set to 1: 36/36 wrappers
Epoch 4/5 | Batch 1149/2000 | Step 7149 | BCE 0.778674 | FTC 1.264348 | Total 2.043022
Task flag set to 0: 36/36 wrappers
Task flag set to 1: 36/36 wrappers
Epoch 4/5 | Batch 1150/2000 | Step 7150 | BCE 0.147244 | FTC 1.559872 | Total 1.707117
Task flag set to 0: 36/36 wrappers
Task flag set to 1: 36/36 wrappers
Epoch 4/5 | Batch 1151/2000 | Step 7151 | BCE 0.303484 | FTC 1.982181 | Total 2.285665
Task flag set to 0: 36/36 wrappers
Task flag set to 1: 36/36 wrappers
Epoch 4/5 | Batch 1152/2000 | Step 7152 | BCE 0.605351 | FTC 1.610926 | Total 2.216278
Task flag set to 0: 36/36 wrappers
Task flag set to 1: 36/36 wrappers
Epoch 4/5 | Batch 1153/2000 | Step 7153 | BCE 0.109338 | FTC 1.686882 | Total 1.796220
Task flag set to 0: 36/36 wrappers
Task flag set to 1: 36/36 wrappers
Epoch 4/5 | Batch 1154/2000 | Step 7154 | BCE 0.480259 | FTC 1.220641 | Total 1.700900
Task flag set to 0: 36/36 wrappers
Task flag set to 1: 36/36 wrappers
Epoch 4/5 | Batch 1155/2000 | Step 7155 | BCE 0.114897 | FTC 1.379900 | Total 1.494798
Task flag set to 0: 36/36 wrappers
Task flag set to 1: 36/36 wrappers
Epoch 4/5 | Batch 1156/2000 | Step 7156 | BCE 0.606832 | FTC 1.650816 | Total 2.257648
Task flag set to 0: 36/36 wrappers
Task flag set to 1: 36/36 wrappers
Epoch 4/5 | Batch 1157/2000 | Step 7157 | BCE 0.523473 | FTC 1.255202 | Total 1.778674
Task flag set to 0: 36/36 wrappers
Task flag set to 1: 36/36 wrappers
Epoch 4/5 | Batch 1158/2000 | Step 7158 | BCE 0.174121 | FTC 1.435279 | Total 1.609400
Task flag set to 0: 36/36 wrappers
Task flag set to 1: 36/36 wrappers
Epoch 4/5 | Batch 1159/2000 | Step 7159 | BCE 0.170323 | FTC 1.391613 | Total 1.561935
Task flag set to 0: 36/36 wrappers
Task flag set to 1: 36/36 wrappers
Epoch 4/5 | Batch 1160/2000 | Step 7160 | BCE 0.277951 | FTC 1.694163 | Total 1.972114
Task flag set to 0: 36/36 wrappers
Task flag set to 1: 36/36 wrappers
Epoch 4/5 | Batch 1161/2000 | Step 7161 | BCE 0.244903 | FTC 1.626302 | Total 1.871204
Task flag set to 0: 36/36 wrappers
Task flag set to 1: 36/36 wrappers
Epoch 4/5 | Batch 1162/2000 | Step 7162 | BCE 0.701970 | FTC 1.472286 | Total 2.174256
Task flag set to 0: 36/36 wrappers
Task flag set to 1: 36/36 wrappers
Epoch 4/5 | Batch 1163/2000 | Step 7163 | BCE 0.346049 | FTC 1.317845 | Total 1.663894
Task flag set to 0: 36/36 wrappers
Task flag set to 1: 36/36 wrappers
Epoch 4/5 | Batch 1164/2000 | Step 7164 | BCE 0.114828 | FTC 2.062386 | Total 2.177214
Task flag set to 0: 36/36 wrappers
Task flag set to 1: 36/36 wrappers
Epoch 4/5 | Batch 1165/2000 | Step 7165 | BCE 0.162788 | FTC 1.806541 | Total 1.969330
Task flag set to 0: 36/36 wrappers
Task flag set to 1: 36/36 wrappers
Epoch 4/5 | Batch 1166/2000 | Step 7166 | BCE 0.949085 | FTC 1.055706 | Total 2.004790
Task flag set to 0: 36/36 wrappers
Task flag set to 1: 36/36 wrappers
Epoch 4/5 | Batch 1167/2000 | Step 7167 | BCE 0.327589 | FTC 2.020053 | Total 2.347642
Task flag set to 0: 36/36 wrappers
Task flag set to 1: 36/36 wrappers
Epoch 4/5 | Batch 1168/2000 | Step 7168 | BCE 0.145071 | FTC 1.765568 | Total 1.910639
Task flag set to 0: 36/36 wrappers
Task flag set to 1: 36/36 wrappers
Epoch 4/5 | Batch 1169/2000 | Step 7169 | BCE 0.172743 | FTC 1.947131 | Total 2.119875
Task flag set to 0: 36/36 wrappers
Task flag set to 1: 36/36 wrappers
Epoch 4/5 | Batch 1170/2000 | Step 7170 | BCE 0.167326 | FTC 1.273015 | Total 1.440341
Task flag set to 0: 36/36 wrappers
Task flag set to 1: 36/36 wrappers
Epoch 4/5 | Batch 1171/2000 | Step 7171 | BCE 0.147147 | FTC 1.641892 | Total 1.789040
Task flag set to 0: 36/36 wrappers
Task flag set to 1: 36/36 wrappers
Epoch 4/5 | Batch 1172/2000 | Step 7172 | BCE 0.110482 | FTC 1.562780 | Total 1.673262
Task flag set to 0: 36/36 wrappers
Task flag set to 1: 36/36 wrappers
Epoch 4/5 | Batch 1173/2000 | Step 7173 | BCE 0.162311 | FTC 1.054917 | Total 1.217228
Task flag set to 0: 36/36 wrappers
Task flag set to 1: 36/36 wrappers
Epoch 4/5 | Batch 1174/2000 | Step 7174 | BCE 0.065001 | FTC 1.407430 | Total 1.472431
Task flag set to 0: 36/36 wrappers
Task flag set to 1: 36/36 wrappers
Epoch 4/5 | Batch 1175/2000 | Step 7175 | BCE 0.402974 | FTC 1.461563 | Total 1.864537
Task flag set to 0: 36/36 wrappers
Task flag set to 1: 36/36 wrappers
Epoch 4/5 | Batch 1176/2000 | Step 7176 | BCE 0.969986 | FTC 1.188255 | Total 2.158241
Task flag set to 0: 36/36 wrappers
Task flag set to 1: 36/36 wrappers
Epoch 4/5 | Batch 1177/2000 | Step 7177 | BCE 0.046461 | FTC 1.809258 | Total 1.855719
Task flag set to 0: 36/36 wrappers
Task flag set to 1: 36/36 wrappers
Epoch 4/5 | Batch 1178/2000 | Step 7178 | BCE 0.208745 | FTC 1.618119 | Total 1.826863
Task flag set to 0: 36/36 wrappers
Task flag set to 1: 36/36 wrappers
Epoch 4/5 | Batch 1179/2000 | Step 7179 | BCE 0.286785 | FTC 1.684445 | Total 1.971230
Task flag set to 0: 36/36 wrappers
Task flag set to 1: 36/36 wrappers
Epoch 4/5 | Batch 1180/2000 | Step 7180 | BCE 0.400353 | FTC 1.656320 | Total 2.056673
Task flag set to 0: 36/36 wrappers
Task flag set to 1: 36/36 wrappers
Epoch 4/5 | Batch 1181/2000 | Step 7181 | BCE 0.168116 | FTC 1.700755 | Total 1.868871
Task flag set to 0: 36/36 wrappers
Task flag set to 1: 36/36 wrappers
Epoch 4/5 | Batch 1182/2000 | Step 7182 | BCE 0.153861 | FTC 1.928833 | Total 2.082694
Task flag set to 0: 36/36 wrappers
Task flag set to 1: 36/36 wrappers
Epoch 4/5 | Batch 1183/2000 | Step 7183 | BCE 0.123135 | FTC 1.250319 | Total 1.373454
Task flag set to 0: 36/36 wrappers
Task flag set to 1: 36/36 wrappers
Epoch 4/5 | Batch 1184/2000 | Step 7184 | BCE 0.357952 | FTC 1.408157 | Total 1.766109
Task flag set to 0: 36/36 wrappers
Task flag set to 1: 36/36 wrappers
Epoch 4/5 | Batch 1185/2000 | Step 7185 | BCE 0.040697 | FTC 1.641824 | Total 1.682521
Task flag set to 0: 36/36 wrappers
Task flag set to 1: 36/36 wrappers
Epoch 4/5 | Batch 1186/2000 | Step 7186 | BCE 0.168000 | FTC 2.038923 | Total 2.206922
Task flag set to 0: 36/36 wrappers
Task flag set to 1: 36/36 wrappers
Epoch 4/5 | Batch 1187/2000 | Step 7187 | BCE 0.013878 | FTC 1.414815 | Total 1.428693
Task flag set to 0: 36/36 wrappers
Task flag set to 1: 36/36 wrappers
Epoch 4/5 | Batch 1188/2000 | Step 7188 | BCE 1.168425 | FTC 1.567195 | Total 2.735619
Task flag set to 0: 36/36 wrappers
Task flag set to 1: 36/36 wrappers
Epoch 4/5 | Batch 1189/2000 | Step 7189 | BCE 0.916916 | FTC 1.663788 | Total 2.580704
Task flag set to 0: 36/36 wrappers
Task flag set to 1: 36/36 wrappers
Epoch 4/5 | Batch 1190/2000 | Step 7190 | BCE 0.109881 | FTC 1.679775 | Total 1.789657
Task flag set to 0: 36/36 wrappers
Task flag set to 1: 36/36 wrappers
Epoch 4/5 | Batch 1191/2000 | Step 7191 | BCE 0.169667 | FTC 1.724311 | Total 1.893978
Task flag set to 0: 36/36 wrappers
Task flag set to 1: 36/36 wrappers
Epoch 4/5 | Batch 1192/2000 | Step 7192 | BCE 1.278198 | FTC 1.871236 | Total 3.149434
Task flag set to 0: 36/36 wrappers
Task flag set to 1: 36/36 wrappers
Epoch 4/5 | Batch 1193/2000 | Step 7193 | BCE 0.715176 | FTC 1.591898 | Total 2.307073
Task flag set to 0: 36/36 wrappers
Task flag set to 1: 36/36 wrappers
Epoch 4/5 | Batch 1194/2000 | Step 7194 | BCE 0.038901 | FTC 1.062734 | Total 1.101635
Task flag set to 0: 36/36 wrappers
Task flag set to 1: 36/36 wrappers
Epoch 4/5 | Batch 1195/2000 | Step 7195 | BCE 0.831523 | FTC 1.602667 | Total 2.434190
Task flag set to 0: 36/36 wrappers
Task flag set to 1: 36/36 wrappers
Epoch 4/5 | Batch 1196/2000 | Step 7196 | BCE 0.515902 | FTC 1.346312 | Total 1.862214
Task flag set to 0: 36/36 wrappers
Task flag set to 1: 36/36 wrappers
Epoch 4/5 | Batch 1197/2000 | Step 7197 | BCE 0.146134 | FTC 1.274989 | Total 1.421123
Task flag set to 0: 36/36 wrappers
Task flag set to 1: 36/36 wrappers
Epoch 4/5 | Batch 1198/2000 | Step 7198 | BCE 0.416310 | FTC 1.710199 | Total 2.126508
Task flag set to 0: 36/36 wrappers
Task flag set to 1: 36/36 wrappers
Epoch 4/5 | Batch 1199/2000 | Step 7199 | BCE 0.191124 | FTC 1.932615 | Total 2.123738
Task flag set to 0: 36/36 wrappers
Task flag set to 1: 36/36 wrappers
Epoch 4/5 | Batch 1200/2000 | Step 7200 | BCE 0.985866 | FTC 1.728978 | Total 2.714844
Task flag set to 0: 36/36 wrappers
Task flag set to 1: 36/36 wrappers
Epoch 4/5 | Batch 1201/2000 | Step 7201 | BCE 1.222361 | FTC 2.077976 | Total 3.300337
Task flag set to 0: 36/36 wrappers
Task flag set to 1: 36/36 wrappers
Epoch 4/5 | Batch 1202/2000 | Step 7202 | BCE 0.390551 | FTC 1.025577 | Total 1.416128
Task flag set to 0: 36/36 wrappers
Task flag set to 1: 36/36 wrappers
Epoch 4/5 | Batch 1203/2000 | Step 7203 | BCE 0.148974 | FTC 1.630667 | Total 1.779641
Task flag set to 0: 36/36 wrappers
Task flag set to 1: 36/36 wrappers
Epoch 4/5 | Batch 1204/2000 | Step 7204 | BCE 0.112378 | FTC 1.538146 | Total 1.650524
Task flag set to 0: 36/36 wrappers
Task flag set to 1: 36/36 wrappers
Epoch 4/5 | Batch 1205/2000 | Step 7205 | BCE 0.135452 | FTC 1.546295 | Total 1.681747
Task flag set to 0: 36/36 wrappers
Task flag set to 1: 36/36 wrappers
Epoch 4/5 | Batch 1206/2000 | Step 7206 | BCE 0.439544 | FTC 1.614370 | Total 2.053914
Task flag set to 0: 36/36 wrappers
Task flag set to 1: 36/36 wrappers
Epoch 4/5 | Batch 1207/2000 | Step 7207 | BCE 0.531825 | FTC 1.512619 | Total 2.044444
Task flag set to 0: 36/36 wrappers
Task flag set to 1: 36/36 wrappers
Epoch 4/5 | Batch 1208/2000 | Step 7208 | BCE 1.486019 | FTC 1.417265 | Total 2.903285
Task flag set to 0: 36/36 wrappers
Task flag set to 1: 36/36 wrappers
Epoch 4/5 | Batch 1209/2000 | Step 7209 | BCE 0.193318 | FTC 1.427054 | Total 1.620371
Task flag set to 0: 36/36 wrappers
Task flag set to 1: 36/36 wrappers
Epoch 4/5 | Batch 1210/2000 | Step 7210 | BCE 0.372861 | FTC 2.109751 | Total 2.482612
Task flag set to 0: 36/36 wrappers
Task flag set to 1: 36/36 wrappers
Epoch 4/5 | Batch 1211/2000 | Step 7211 | BCE 0.472931 | FTC 1.229948 | Total 1.702880
Task flag set to 0: 36/36 wrappers
Task flag set to 1: 36/36 wrappers
Epoch 4/5 | Batch 1212/2000 | Step 7212 | BCE 0.087862 | FTC 1.803616 | Total 1.891478
Task flag set to 0: 36/36 wrappers
Task flag set to 1: 36/36 wrappers
Epoch 4/5 | Batch 1213/2000 | Step 7213 | BCE 0.425234 | FTC 1.672114 | Total 2.097347
Task flag set to 0: 36/36 wrappers
Task flag set to 1: 36/36 wrappers
Epoch 4/5 | Batch 1214/2000 | Step 7214 | BCE 0.305410 | FTC 0.879429 | Total 1.184839
Task flag set to 0: 36/36 wrappers
Task flag set to 1: 36/36 wrappers
Epoch 4/5 | Batch 1215/2000 | Step 7215 | BCE 0.095283 | FTC 1.929351 | Total 2.024634
Task flag set to 0: 36/36 wrappers
Task flag set to 1: 36/36 wrappers
Epoch 4/5 | Batch 1216/2000 | Step 7216 | BCE 0.172185 | FTC 1.818794 | Total 1.990979
Task flag set to 0: 36/36 wrappers
Task flag set to 1: 36/36 wrappers
Epoch 4/5 | Batch 1217/2000 | Step 7217 | BCE 0.706207 | FTC 1.305959 | Total 2.012166
Task flag set to 0: 36/36 wrappers
Task flag set to 1: 36/36 wrappers
Epoch 4/5 | Batch 1218/2000 | Step 7218 | BCE 0.646708 | FTC 2.031294 | Total 2.678002
Task flag set to 0: 36/36 wrappers
Task flag set to 1: 36/36 wrappers
Epoch 4/5 | Batch 1219/2000 | Step 7219 | BCE 0.145916 | FTC 1.577103 | Total 1.723019
Task flag set to 0: 36/36 wrappers
Task flag set to 1: 36/36 wrappers
Epoch 4/5 | Batch 1220/2000 | Step 7220 | BCE 0.220277 | FTC 1.167162 | Total 1.387439
Task flag set to 0: 36/36 wrappers
Task flag set to 1: 36/36 wrappers
Epoch 4/5 | Batch 1221/2000 | Step 7221 | BCE 0.033458 | FTC 1.408472 | Total 1.441930
Task flag set to 0: 36/36 wrappers
Task flag set to 1: 36/36 wrappers
Epoch 4/5 | Batch 1222/2000 | Step 7222 | BCE 0.711235 | FTC 1.594224 | Total 2.305459
Task flag set to 0: 36/36 wrappers
Task flag set to 1: 36/36 wrappers
Epoch 4/5 | Batch 1223/2000 | Step 7223 | BCE 0.519945 | FTC 0.914633 | Total 1.434579
Task flag set to 0: 36/36 wrappers
Task flag set to 1: 36/36 wrappers
Epoch 4/5 | Batch 1224/2000 | Step 7224 | BCE 0.371375 | FTC 1.843846 | Total 2.215221
Task flag set to 0: 36/36 wrappers
Task flag set to 1: 36/36 wrappers
Epoch 4/5 | Batch 1225/2000 | Step 7225 | BCE 0.071162 | FTC 1.923605 | Total 1.994767
Task flag set to 0: 36/36 wrappers
Task flag set to 1: 36/36 wrappers
Epoch 4/5 | Batch 1226/2000 | Step 7226 | BCE 0.254778 | FTC 1.966581 | Total 2.221359
Task flag set to 0: 36/36 wrappers
Task flag set to 1: 36/36 wrappers
Epoch 4/5 | Batch 1227/2000 | Step 7227 | BCE 0.160677 | FTC 1.718322 | Total 1.878999
Task flag set to 0: 36/36 wrappers
Task flag set to 1: 36/36 wrappers
Epoch 4/5 | Batch 1228/2000 | Step 7228 | BCE 0.549045 | FTC 1.612222 | Total 2.161267
Task flag set to 0: 36/36 wrappers
Task flag set to 1: 36/36 wrappers
Epoch 4/5 | Batch 1229/2000 | Step 7229 | BCE 0.414675 | FTC 1.644682 | Total 2.059357
Task flag set to 0: 36/36 wrappers
Task flag set to 1: 36/36 wrappers
Epoch 4/5 | Batch 1230/2000 | Step 7230 | BCE 0.084468 | FTC 1.615802 | Total 1.700270
Task flag set to 0: 36/36 wrappers
Task flag set to 1: 36/36 wrappers
Epoch 4/5 | Batch 1231/2000 | Step 7231 | BCE 0.151461 | FTC 1.739943 | Total 1.891404
Task flag set to 0: 36/36 wrappers
Task flag set to 1: 36/36 wrappers
Epoch 4/5 | Batch 1232/2000 | Step 7232 | BCE 0.314095 | FTC 0.914757 | Total 1.228852
Task flag set to 0: 36/36 wrappers
Task flag set to 1: 36/36 wrappers
Epoch 4/5 | Batch 1233/2000 | Step 7233 | BCE 0.747697 | FTC 1.584718 | Total 2.332415
Task flag set to 0: 36/36 wrappers
Task flag set to 1: 36/36 wrappers
Epoch 4/5 | Batch 1234/2000 | Step 7234 | BCE 0.249511 | FTC 1.671266 | Total 1.920777
Task flag set to 0: 36/36 wrappers
Task flag set to 1: 36/36 wrappers
Epoch 4/5 | Batch 1235/2000 | Step 7235 | BCE 0.225869 | FTC 1.776874 | Total 2.002743
Task flag set to 0: 36/36 wrappers
Task flag set to 1: 36/36 wrappers
Epoch 4/5 | Batch 1236/2000 | Step 7236 | BCE 2.511856 | FTC 2.040148 | Total 4.552004
Task flag set to 0: 36/36 wrappers
Task flag set to 1: 36/36 wrappers
Epoch 4/5 | Batch 1237/2000 | Step 7237 | BCE 0.226862 | FTC 1.560740 | Total 1.787602
Task flag set to 0: 36/36 wrappers
Task flag set to 1: 36/36 wrappers
Epoch 4/5 | Batch 1238/2000 | Step 7238 | BCE 0.248537 | FTC 1.835418 | Total 2.083955
Task flag set to 0: 36/36 wrappers
Task flag set to 1: 36/36 wrappers
Epoch 4/5 | Batch 1239/2000 | Step 7239 | BCE 0.161837 | FTC 1.629555 | Total 1.791392
Task flag set to 0: 36/36 wrappers
Task flag set to 1: 36/36 wrappers
Epoch 4/5 | Batch 1240/2000 | Step 7240 | BCE 0.773899 | FTC 1.417361 | Total 2.191261
Task flag set to 0: 36/36 wrappers
Task flag set to 1: 36/36 wrappers
Epoch 4/5 | Batch 1241/2000 | Step 7241 | BCE 0.392311 | FTC 1.733940 | Total 2.126251
Task flag set to 0: 36/36 wrappers
Task flag set to 1: 36/36 wrappers
Epoch 4/5 | Batch 1242/2000 | Step 7242 | BCE 0.155569 | FTC 1.585488 | Total 1.741057
Task flag set to 0: 36/36 wrappers
Task flag set to 1: 36/36 wrappers
Epoch 4/5 | Batch 1243/2000 | Step 7243 | BCE 0.206575 | FTC 1.859891 | Total 2.066467
Task flag set to 0: 36/36 wrappers
Task flag set to 1: 36/36 wrappers
Epoch 4/5 | Batch 1244/2000 | Step 7244 | BCE 0.452070 | FTC 1.833297 | Total 2.285366
Task flag set to 0: 36/36 wrappers
Task flag set to 1: 36/36 wrappers
Epoch 4/5 | Batch 1245/2000 | Step 7245 | BCE 0.192213 | FTC 1.604818 | Total 1.797031
Task flag set to 0: 36/36 wrappers
Task flag set to 1: 36/36 wrappers
Epoch 4/5 | Batch 1246/2000 | Step 7246 | BCE 0.360252 | FTC 1.821052 | Total 2.181304
Task flag set to 0: 36/36 wrappers
Task flag set to 1: 36/36 wrappers
Epoch 4/5 | Batch 1247/2000 | Step 7247 | BCE 0.325941 | FTC 1.320287 | Total 1.646228
Task flag set to 0: 36/36 wrappers
Task flag set to 1: 36/36 wrappers
Epoch 4/5 | Batch 1248/2000 | Step 7248 | BCE 0.057567 | FTC 1.171397 | Total 1.228964
Task flag set to 0: 36/36 wrappers
Task flag set to 1: 36/36 wrappers
Epoch 4/5 | Batch 1249/2000 | Step 7249 | BCE 0.298556 | FTC 1.450882 | Total 1.749438
Task flag set to 0: 36/36 wrappers
Task flag set to 1: 36/36 wrappers
Epoch 4/5 | Batch 1250/2000 | Step 7250 | BCE 0.390640 | FTC 1.626276 | Total 2.016916
Task flag set to 0: 36/36 wrappers
Task flag set to 1: 36/36 wrappers
Epoch 4/5 | Batch 1251/2000 | Step 7251 | BCE 0.103731 | FTC 1.688675 | Total 1.792407
Task flag set to 0: 36/36 wrappers
Task flag set to 1: 36/36 wrappers
Epoch 4/5 | Batch 1252/2000 | Step 7252 | BCE 0.080085 | FTC 1.398330 | Total 1.478415
Task flag set to 0: 36/36 wrappers
Task flag set to 1: 36/36 wrappers
Epoch 4/5 | Batch 1253/2000 | Step 7253 | BCE 0.472380 | FTC 1.934552 | Total 2.406932
Task flag set to 0: 36/36 wrappers
Task flag set to 1: 36/36 wrappers
Epoch 4/5 | Batch 1254/2000 | Step 7254 | BCE 0.261304 | FTC 1.337227 | Total 1.598530
Task flag set to 0: 36/36 wrappers
Task flag set to 1: 36/36 wrappers
Epoch 4/5 | Batch 1255/2000 | Step 7255 | BCE 0.294152 | FTC 0.985842 | Total 1.279994
Task flag set to 0: 36/36 wrappers
Task flag set to 1: 36/36 wrappers
Epoch 4/5 | Batch 1256/2000 | Step 7256 | BCE 0.958050 | FTC 1.664728 | Total 2.622778
Task flag set to 0: 36/36 wrappers
Task flag set to 1: 36/36 wrappers
Epoch 4/5 | Batch 1257/2000 | Step 7257 | BCE 0.239479 | FTC 1.662483 | Total 1.901962
Task flag set to 0: 36/36 wrappers
Task flag set to 1: 36/36 wrappers
Epoch 4/5 | Batch 1258/2000 | Step 7258 | BCE 0.123865 | FTC 1.280629 | Total 1.404494
Task flag set to 0: 36/36 wrappers
Task flag set to 1: 36/36 wrappers
Epoch 4/5 | Batch 1259/2000 | Step 7259 | BCE 0.035447 | FTC 1.253241 | Total 1.288688
Task flag set to 0: 36/36 wrappers
Task flag set to 1: 36/36 wrappers
Epoch 4/5 | Batch 1260/2000 | Step 7260 | BCE 0.174101 | FTC 1.473984 | Total 1.648085
Task flag set to 0: 36/36 wrappers
Task flag set to 1: 36/36 wrappers
Epoch 4/5 | Batch 1261/2000 | Step 7261 | BCE 0.548811 | FTC 1.232723 | Total 1.781534
Task flag set to 0: 36/36 wrappers
Task flag set to 1: 36/36 wrappers
Epoch 4/5 | Batch 1262/2000 | Step 7262 | BCE 0.088669 | FTC 1.758303 | Total 1.846972
Task flag set to 0: 36/36 wrappers
Task flag set to 1: 36/36 wrappers
Epoch 4/5 | Batch 1263/2000 | Step 7263 | BCE 0.023933 | FTC 1.378505 | Total 1.402438
Task flag set to 0: 36/36 wrappers
Task flag set to 1: 36/36 wrappers
Epoch 4/5 | Batch 1264/2000 | Step 7264 | BCE 0.693754 | FTC 1.306998 | Total 2.000752
Task flag set to 0: 36/36 wrappers
Task flag set to 1: 36/36 wrappers
Epoch 4/5 | Batch 1265/2000 | Step 7265 | BCE 0.036664 | FTC 1.572001 | Total 1.608665
Task flag set to 0: 36/36 wrappers
Task flag set to 1: 36/36 wrappers
Epoch 4/5 | Batch 1266/2000 | Step 7266 | BCE 0.065467 | FTC 1.988976 | Total 2.054444
Task flag set to 0: 36/36 wrappers
Task flag set to 1: 36/36 wrappers
Epoch 4/5 | Batch 1267/2000 | Step 7267 | BCE 0.624488 | FTC 1.507372 | Total 2.131860
Task flag set to 0: 36/36 wrappers
Task flag set to 1: 36/36 wrappers
Epoch 4/5 | Batch 1268/2000 | Step 7268 | BCE 0.413618 | FTC 1.552816 | Total 1.966434
Task flag set to 0: 36/36 wrappers
Task flag set to 1: 36/36 wrappers
Epoch 4/5 | Batch 1269/2000 | Step 7269 | BCE 0.231649 | FTC 1.432229 | Total 1.663878
Task flag set to 0: 36/36 wrappers
Task flag set to 1: 36/36 wrappers
Epoch 4/5 | Batch 1270/2000 | Step 7270 | BCE 0.921408 | FTC 1.718764 | Total 2.640171
Task flag set to 0: 36/36 wrappers
Task flag set to 1: 36/36 wrappers
Epoch 4/5 | Batch 1271/2000 | Step 7271 | BCE 0.030188 | FTC 1.352688 | Total 1.382876
Task flag set to 0: 36/36 wrappers
Task flag set to 1: 36/36 wrappers
Epoch 4/5 | Batch 1272/2000 | Step 7272 | BCE 0.590909 | FTC 1.256749 | Total 1.847657
Task flag set to 0: 36/36 wrappers
Task flag set to 1: 36/36 wrappers
Epoch 4/5 | Batch 1273/2000 | Step 7273 | BCE 0.097467 | FTC 1.999187 | Total 2.096654
Task flag set to 0: 36/36 wrappers
Task flag set to 1: 36/36 wrappers
Epoch 4/5 | Batch 1274/2000 | Step 7274 | BCE 0.125701 | FTC 1.192488 | Total 1.318189
Task flag set to 0: 36/36 wrappers
Task flag set to 1: 36/36 wrappers
Epoch 4/5 | Batch 1275/2000 | Step 7275 | BCE 0.123910 | FTC 1.457681 | Total 1.581592
Task flag set to 0: 36/36 wrappers
Task flag set to 1: 36/36 wrappers
Epoch 4/5 | Batch 1276/2000 | Step 7276 | BCE 0.021733 | FTC 1.903137 | Total 1.924870
Task flag set to 0: 36/36 wrappers
Task flag set to 1: 36/36 wrappers
Epoch 4/5 | Batch 1277/2000 | Step 7277 | BCE 0.066238 | FTC 1.682246 | Total 1.748483
Task flag set to 0: 36/36 wrappers
Task flag set to 1: 36/36 wrappers
Epoch 4/5 | Batch 1278/2000 | Step 7278 | BCE 2.080853 | FTC 1.988573 | Total 4.069426
Task flag set to 0: 36/36 wrappers
Task flag set to 1: 36/36 wrappers
Epoch 4/5 | Batch 1279/2000 | Step 7279 | BCE 0.130650 | FTC 1.268788 | Total 1.399438
Task flag set to 0: 36/36 wrappers
Task flag set to 1: 36/36 wrappers
Epoch 4/5 | Batch 1280/2000 | Step 7280 | BCE 0.031857 | FTC 1.411326 | Total 1.443183
Task flag set to 0: 36/36 wrappers
Task flag set to 1: 36/36 wrappers
Epoch 4/5 | Batch 1281/2000 | Step 7281 | BCE 0.666131 | FTC 1.282749 | Total 1.948881
Task flag set to 0: 36/36 wrappers
Task flag set to 1: 36/36 wrappers
Epoch 4/5 | Batch 1282/2000 | Step 7282 | BCE 0.339065 | FTC 1.667814 | Total 2.006879
Task flag set to 0: 36/36 wrappers
Task flag set to 1: 36/36 wrappers
Epoch 4/5 | Batch 1283/2000 | Step 7283 | BCE 0.367029 | FTC 1.758322 | Total 2.125350
Task flag set to 0: 36/36 wrappers
Task flag set to 1: 36/36 wrappers
Epoch 4/5 | Batch 1284/2000 | Step 7284 | BCE 0.668772 | FTC 1.176324 | Total 1.845096
Task flag set to 0: 36/36 wrappers
Task flag set to 1: 36/36 wrappers
Epoch 4/5 | Batch 1285/2000 | Step 7285 | BCE 0.208682 | FTC 1.679577 | Total 1.888259
Task flag set to 0: 36/36 wrappers
Task flag set to 1: 36/36 wrappers
Epoch 4/5 | Batch 1286/2000 | Step 7286 | BCE 0.366985 | FTC 1.292255 | Total 1.659240
Task flag set to 0: 36/36 wrappers
Task flag set to 1: 36/36 wrappers
Epoch 4/5 | Batch 1287/2000 | Step 7287 | BCE 0.876094 | FTC 1.570638 | Total 2.446732
Task flag set to 0: 36/36 wrappers
Task flag set to 1: 36/36 wrappers
Epoch 4/5 | Batch 1288/2000 | Step 7288 | BCE 0.436405 | FTC 1.094437 | Total 1.530843
Task flag set to 0: 36/36 wrappers
Task flag set to 1: 36/36 wrappers
Epoch 4/5 | Batch 1289/2000 | Step 7289 | BCE 0.045197 | FTC 1.231643 | Total 1.276840
Task flag set to 0: 36/36 wrappers
Task flag set to 1: 36/36 wrappers
Epoch 4/5 | Batch 1290/2000 | Step 7290 | BCE 0.528422 | FTC 1.646477 | Total 2.174899
Task flag set to 0: 36/36 wrappers
Task flag set to 1: 36/36 wrappers
Epoch 4/5 | Batch 1291/2000 | Step 7291 | BCE 0.411160 | FTC 1.971670 | Total 2.382830
Task flag set to 0: 36/36 wrappers
Task flag set to 1: 36/36 wrappers
Epoch 4/5 | Batch 1292/2000 | Step 7292 | BCE 0.346410 | FTC 1.202047 | Total 1.548457
Task flag set to 0: 36/36 wrappers
Task flag set to 1: 36/36 wrappers
Epoch 4/5 | Batch 1293/2000 | Step 7293 | BCE 0.212401 | FTC 1.212360 | Total 1.424761
Task flag set to 0: 36/36 wrappers
Task flag set to 1: 36/36 wrappers
Epoch 4/5 | Batch 1294/2000 | Step 7294 | BCE 0.607932 | FTC 1.898310 | Total 2.506243
Task flag set to 0: 36/36 wrappers
Task flag set to 1: 36/36 wrappers
Epoch 4/5 | Batch 1295/2000 | Step 7295 | BCE 0.058340 | FTC 1.407103 | Total 1.465443
Task flag set to 0: 36/36 wrappers
Task flag set to 1: 36/36 wrappers
Epoch 4/5 | Batch 1296/2000 | Step 7296 | BCE 0.509630 | FTC 2.063705 | Total 2.573336
Task flag set to 0: 36/36 wrappers
Task flag set to 1: 36/36 wrappers
Epoch 4/5 | Batch 1297/2000 | Step 7297 | BCE 0.106196 | FTC 1.729256 | Total 1.835452
Task flag set to 0: 36/36 wrappers
Task flag set to 1: 36/36 wrappers
Epoch 4/5 | Batch 1298/2000 | Step 7298 | BCE 0.188863 | FTC 1.349830 | Total 1.538693
Task flag set to 0: 36/36 wrappers
Task flag set to 1: 36/36 wrappers
Epoch 4/5 | Batch 1299/2000 | Step 7299 | BCE 0.451803 | FTC 1.711182 | Total 2.162985
Task flag set to 0: 36/36 wrappers
Task flag set to 1: 36/36 wrappers
Epoch 4/5 | Batch 1300/2000 | Step 7300 | BCE 0.092376 | FTC 1.354076 | Total 1.446451
Task flag set to 0: 36/36 wrappers
Task flag set to 1: 36/36 wrappers
Epoch 4/5 | Batch 1301/2000 | Step 7301 | BCE 0.311803 | FTC 1.926327 | Total 2.238129
Task flag set to 0: 36/36 wrappers
Task flag set to 1: 36/36 wrappers
Epoch 4/5 | Batch 1302/2000 | Step 7302 | BCE 0.368232 | FTC 1.513639 | Total 1.881871
Task flag set to 0: 36/36 wrappers
Task flag set to 1: 36/36 wrappers
Epoch 4/5 | Batch 1303/2000 | Step 7303 | BCE 0.419723 | FTC 1.740982 | Total 2.160706
Task flag set to 0: 36/36 wrappers
Task flag set to 1: 36/36 wrappers
Epoch 4/5 | Batch 1304/2000 | Step 7304 | BCE 0.555560 | FTC 1.998727 | Total 2.554286
Task flag set to 0: 36/36 wrappers
Task flag set to 1: 36/36 wrappers
Epoch 4/5 | Batch 1305/2000 | Step 7305 | BCE 1.327525 | FTC 2.225188 | Total 3.552713
Task flag set to 0: 36/36 wrappers
Task flag set to 1: 36/36 wrappers
Epoch 4/5 | Batch 1306/2000 | Step 7306 | BCE 0.234886 | FTC 1.731567 | Total 1.966453
Task flag set to 0: 36/36 wrappers
Task flag set to 1: 36/36 wrappers
Epoch 4/5 | Batch 1307/2000 | Step 7307 | BCE 0.257355 | FTC 1.405968 | Total 1.663323
Task flag set to 0: 36/36 wrappers
Task flag set to 1: 36/36 wrappers
Epoch 4/5 | Batch 1308/2000 | Step 7308 | BCE 0.071514 | FTC 1.703704 | Total 1.775218
Task flag set to 0: 36/36 wrappers
Task flag set to 1: 36/36 wrappers
Epoch 4/5 | Batch 1309/2000 | Step 7309 | BCE 1.054824 | FTC 1.861272 | Total 2.916096
Task flag set to 0: 36/36 wrappers
Task flag set to 1: 36/36 wrappers
Epoch 4/5 | Batch 1310/2000 | Step 7310 | BCE 0.160252 | FTC 1.392772 | Total 1.553023
Task flag set to 0: 36/36 wrappers
Task flag set to 1: 36/36 wrappers
Epoch 4/5 | Batch 1311/2000 | Step 7311 | BCE 0.043515 | FTC 1.930579 | Total 1.974094
Task flag set to 0: 36/36 wrappers
Task flag set to 1: 36/36 wrappers
Epoch 4/5 | Batch 1312/2000 | Step 7312 | BCE 0.476599 | FTC 1.791591 | Total 2.268189
Task flag set to 0: 36/36 wrappers
Task flag set to 1: 36/36 wrappers
Epoch 4/5 | Batch 1313/2000 | Step 7313 | BCE 0.401978 | FTC 0.953690 | Total 1.355668
Task flag set to 0: 36/36 wrappers
Task flag set to 1: 36/36 wrappers
Epoch 4/5 | Batch 1314/2000 | Step 7314 | BCE 0.051771 | FTC 1.569112 | Total 1.620883
Task flag set to 0: 36/36 wrappers
Task flag set to 1: 36/36 wrappers
Epoch 4/5 | Batch 1315/2000 | Step 7315 | BCE 1.608604 | FTC 1.463237 | Total 3.071841
Task flag set to 0: 36/36 wrappers
Task flag set to 1: 36/36 wrappers
Epoch 4/5 | Batch 1316/2000 | Step 7316 | BCE 0.122192 | FTC 1.909760 | Total 2.031952
Task flag set to 0: 36/36 wrappers
Task flag set to 1: 36/36 wrappers
Epoch 4/5 | Batch 1317/2000 | Step 7317 | BCE 0.212889 | FTC 1.340834 | Total 1.553723
Task flag set to 0: 36/36 wrappers
Task flag set to 1: 36/36 wrappers
Epoch 4/5 | Batch 1318/2000 | Step 7318 | BCE 1.273364 | FTC 1.930600 | Total 3.203964
Task flag set to 0: 36/36 wrappers
Task flag set to 1: 36/36 wrappers
Epoch 4/5 | Batch 1319/2000 | Step 7319 | BCE 0.510813 | FTC 1.939481 | Total 2.450294
Task flag set to 0: 36/36 wrappers
Task flag set to 1: 36/36 wrappers
Epoch 4/5 | Batch 1320/2000 | Step 7320 | BCE 0.136286 | FTC 1.298041 | Total 1.434326
Task flag set to 0: 36/36 wrappers
Task flag set to 1: 36/36 wrappers
Epoch 4/5 | Batch 1321/2000 | Step 7321 | BCE 1.498083 | FTC 1.737561 | Total 3.235644
Task flag set to 0: 36/36 wrappers
Task flag set to 1: 36/36 wrappers
Epoch 4/5 | Batch 1322/2000 | Step 7322 | BCE 0.509555 | FTC 1.639267 | Total 2.148822
Task flag set to 0: 36/36 wrappers
Task flag set to 1: 36/36 wrappers
Epoch 4/5 | Batch 1323/2000 | Step 7323 | BCE 0.067225 | FTC 1.269630 | Total 1.336856
Task flag set to 0: 36/36 wrappers
Task flag set to 1: 36/36 wrappers
Epoch 4/5 | Batch 1324/2000 | Step 7324 | BCE 0.090262 | FTC 1.646580 | Total 1.736843
Task flag set to 0: 36/36 wrappers
Task flag set to 1: 36/36 wrappers
Epoch 4/5 | Batch 1325/2000 | Step 7325 | BCE 0.115854 | FTC 1.798695 | Total 1.914549
Task flag set to 0: 36/36 wrappers
Task flag set to 1: 36/36 wrappers
Epoch 4/5 | Batch 1326/2000 | Step 7326 | BCE 0.255288 | FTC 1.648571 | Total 1.903859
Task flag set to 0: 36/36 wrappers
Task flag set to 1: 36/36 wrappers
Epoch 4/5 | Batch 1327/2000 | Step 7327 | BCE 0.062469 | FTC 1.624137 | Total 1.686607
Task flag set to 0: 36/36 wrappers
Task flag set to 1: 36/36 wrappers
Epoch 4/5 | Batch 1328/2000 | Step 7328 | BCE 0.347576 | FTC 1.809708 | Total 2.157284
Task flag set to 0: 36/36 wrappers
Task flag set to 1: 36/36 wrappers
Epoch 4/5 | Batch 1329/2000 | Step 7329 | BCE 0.044273 | FTC 1.635971 | Total 1.680244
Task flag set to 0: 36/36 wrappers
Task flag set to 1: 36/36 wrappers
Epoch 4/5 | Batch 1330/2000 | Step 7330 | BCE 0.028683 | FTC 2.077598 | Total 2.106281
Task flag set to 0: 36/36 wrappers
Task flag set to 1: 36/36 wrappers
Epoch 4/5 | Batch 1331/2000 | Step 7331 | BCE 0.110333 | FTC 1.507425 | Total 1.617758
Task flag set to 0: 36/36 wrappers
Task flag set to 1: 36/36 wrappers
Epoch 4/5 | Batch 1332/2000 | Step 7332 | BCE 0.375648 | FTC 1.615999 | Total 1.991648
Task flag set to 0: 36/36 wrappers
Task flag set to 1: 36/36 wrappers
Epoch 4/5 | Batch 1333/2000 | Step 7333 | BCE 0.752263 | FTC 1.680909 | Total 2.433172
Task flag set to 0: 36/36 wrappers
Task flag set to 1: 36/36 wrappers
Epoch 4/5 | Batch 1334/2000 | Step 7334 | BCE 0.090689 | FTC 1.506504 | Total 1.597193
Task flag set to 0: 36/36 wrappers
Task flag set to 1: 36/36 wrappers
Epoch 4/5 | Batch 1335/2000 | Step 7335 | BCE 0.055996 | FTC 1.893382 | Total 1.949378
Task flag set to 0: 36/36 wrappers
Task flag set to 1: 36/36 wrappers
Epoch 4/5 | Batch 1336/2000 | Step 7336 | BCE 0.761960 | FTC 1.474367 | Total 2.236326
Task flag set to 0: 36/36 wrappers
Task flag set to 1: 36/36 wrappers
Epoch 4/5 | Batch 1337/2000 | Step 7337 | BCE 0.928151 | FTC 2.020162 | Total 2.948313
Task flag set to 0: 36/36 wrappers
Task flag set to 1: 36/36 wrappers
Epoch 4/5 | Batch 1338/2000 | Step 7338 | BCE 0.286657 | FTC 1.832406 | Total 2.119063
Task flag set to 0: 36/36 wrappers
Task flag set to 1: 36/36 wrappers
Epoch 4/5 | Batch 1339/2000 | Step 7339 | BCE 0.316308 | FTC 1.761537 | Total 2.077845
Task flag set to 0: 36/36 wrappers
Task flag set to 1: 36/36 wrappers
Epoch 4/5 | Batch 1340/2000 | Step 7340 | BCE 1.899351 | FTC 2.370923 | Total 4.270273
Task flag set to 0: 36/36 wrappers
Task flag set to 1: 36/36 wrappers
Epoch 4/5 | Batch 1341/2000 | Step 7341 | BCE 0.062781 | FTC 1.652567 | Total 1.715348
Task flag set to 0: 36/36 wrappers
Task flag set to 1: 36/36 wrappers
Epoch 4/5 | Batch 1342/2000 | Step 7342 | BCE 1.704926 | FTC 1.827451 | Total 3.532377
Task flag set to 0: 36/36 wrappers
Task flag set to 1: 36/36 wrappers
Epoch 4/5 | Batch 1343/2000 | Step 7343 | BCE 0.092193 | FTC 1.350700 | Total 1.442893
Task flag set to 0: 36/36 wrappers
Task flag set to 1: 36/36 wrappers
Epoch 4/5 | Batch 1344/2000 | Step 7344 | BCE 1.013369 | FTC 1.628170 | Total 2.641540
Task flag set to 0: 36/36 wrappers
Task flag set to 1: 36/36 wrappers
Epoch 4/5 | Batch 1345/2000 | Step 7345 | BCE 0.075315 | FTC 1.410359 | Total 1.485673
Task flag set to 0: 36/36 wrappers
Task flag set to 1: 36/36 wrappers
Epoch 4/5 | Batch 1346/2000 | Step 7346 | BCE 0.073816 | FTC 1.586683 | Total 1.660499
Task flag set to 0: 36/36 wrappers
Task flag set to 1: 36/36 wrappers
Epoch 4/5 | Batch 1347/2000 | Step 7347 | BCE 0.110970 | FTC 1.627441 | Total 1.738412
Task flag set to 0: 36/36 wrappers
Task flag set to 1: 36/36 wrappers
Epoch 4/5 | Batch 1348/2000 | Step 7348 | BCE 0.995228 | FTC 1.608726 | Total 2.603954
Task flag set to 0: 36/36 wrappers
Task flag set to 1: 36/36 wrappers
Epoch 4/5 | Batch 1349/2000 | Step 7349 | BCE 0.394289 | FTC 1.960444 | Total 2.354733
Task flag set to 0: 36/36 wrappers
Task flag set to 1: 36/36 wrappers
Epoch 4/5 | Batch 1350/2000 | Step 7350 | BCE 0.249157 | FTC 1.163600 | Total 1.412757
Task flag set to 0: 36/36 wrappers
Task flag set to 1: 36/36 wrappers
Epoch 4/5 | Batch 1351/2000 | Step 7351 | BCE 1.331450 | FTC 1.159928 | Total 2.491378
Task flag set to 0: 36/36 wrappers
Task flag set to 1: 36/36 wrappers
Epoch 4/5 | Batch 1352/2000 | Step 7352 | BCE 0.852365 | FTC 1.564118 | Total 2.416483
Task flag set to 0: 36/36 wrappers
Task flag set to 1: 36/36 wrappers
Epoch 4/5 | Batch 1353/2000 | Step 7353 | BCE 0.203897 | FTC 1.153759 | Total 1.357656
Task flag set to 0: 36/36 wrappers
Task flag set to 1: 36/36 wrappers
Epoch 4/5 | Batch 1354/2000 | Step 7354 | BCE 0.256429 | FTC 1.818999 | Total 2.075427
Task flag set to 0: 36/36 wrappers
Task flag set to 1: 36/36 wrappers
Epoch 4/5 | Batch 1355/2000 | Step 7355 | BCE 0.486166 | FTC 1.590880 | Total 2.077045
Task flag set to 0: 36/36 wrappers
Task flag set to 1: 36/36 wrappers
Epoch 4/5 | Batch 1356/2000 | Step 7356 | BCE 0.066160 | FTC 1.221866 | Total 1.288026
Task flag set to 0: 36/36 wrappers
Task flag set to 1: 36/36 wrappers
Epoch 4/5 | Batch 1357/2000 | Step 7357 | BCE 1.393645 | FTC 1.199306 | Total 2.592951
Task flag set to 0: 36/36 wrappers
Task flag set to 1: 36/36 wrappers
Epoch 4/5 | Batch 1358/2000 | Step 7358 | BCE 0.236782 | FTC 1.731149 | Total 1.967930
Task flag set to 0: 36/36 wrappers
Task flag set to 1: 36/36 wrappers
Epoch 4/5 | Batch 1359/2000 | Step 7359 | BCE 0.498272 | FTC 1.346556 | Total 1.844828
Task flag set to 0: 36/36 wrappers
Task flag set to 1: 36/36 wrappers
Epoch 4/5 | Batch 1360/2000 | Step 7360 | BCE 0.258345 | FTC 0.978068 | Total 1.236413
Task flag set to 0: 36/36 wrappers
Task flag set to 1: 36/36 wrappers
Epoch 4/5 | Batch 1361/2000 | Step 7361 | BCE 0.248152 | FTC 1.128011 | Total 1.376162
Task flag set to 0: 36/36 wrappers
Task flag set to 1: 36/36 wrappers
Epoch 4/5 | Batch 1362/2000 | Step 7362 | BCE 0.404297 | FTC 1.683888 | Total 2.088185
Task flag set to 0: 36/36 wrappers
Task flag set to 1: 36/36 wrappers
Epoch 4/5 | Batch 1363/2000 | Step 7363 | BCE 0.357185 | FTC 2.188650 | Total 2.545835
Task flag set to 0: 36/36 wrappers
Task flag set to 1: 36/36 wrappers
Epoch 4/5 | Batch 1364/2000 | Step 7364 | BCE 0.509758 | FTC 1.352321 | Total 1.862079
Task flag set to 0: 36/36 wrappers
Task flag set to 1: 36/36 wrappers
Epoch 4/5 | Batch 1365/2000 | Step 7365 | BCE 0.423372 | FTC 2.031410 | Total 2.454782
Task flag set to 0: 36/36 wrappers
Task flag set to 1: 36/36 wrappers
Epoch 4/5 | Batch 1366/2000 | Step 7366 | BCE 0.415790 | FTC 1.648808 | Total 2.064598
Task flag set to 0: 36/36 wrappers
Task flag set to 1: 36/36 wrappers
Epoch 4/5 | Batch 1367/2000 | Step 7367 | BCE 0.600045 | FTC 1.380732 | Total 1.980777
Task flag set to 0: 36/36 wrappers
Task flag set to 1: 36/36 wrappers
Epoch 4/5 | Batch 1368/2000 | Step 7368 | BCE 0.153406 | FTC 2.118679 | Total 2.272085
Task flag set to 0: 36/36 wrappers
Task flag set to 1: 36/36 wrappers
Epoch 4/5 | Batch 1369/2000 | Step 7369 | BCE 0.487192 | FTC 1.713052 | Total 2.200245
Task flag set to 0: 36/36 wrappers
Task flag set to 1: 36/36 wrappers
Epoch 4/5 | Batch 1370/2000 | Step 7370 | BCE 0.593740 | FTC 1.785043 | Total 2.378783
Task flag set to 0: 36/36 wrappers
Task flag set to 1: 36/36 wrappers
Epoch 4/5 | Batch 1371/2000 | Step 7371 | BCE 0.176388 | FTC 1.438614 | Total 1.615001
Task flag set to 0: 36/36 wrappers
Task flag set to 1: 36/36 wrappers
Epoch 4/5 | Batch 1372/2000 | Step 7372 | BCE 0.960809 | FTC 1.627239 | Total 2.588048
Task flag set to 0: 36/36 wrappers
Task flag set to 1: 36/36 wrappers
Epoch 4/5 | Batch 1373/2000 | Step 7373 | BCE 1.224806 | FTC 1.856383 | Total 3.081189
Task flag set to 0: 36/36 wrappers
Task flag set to 1: 36/36 wrappers
Epoch 4/5 | Batch 1374/2000 | Step 7374 | BCE 0.194463 | FTC 1.863234 | Total 2.057697
Task flag set to 0: 36/36 wrappers
Task flag set to 1: 36/36 wrappers
Epoch 4/5 | Batch 1375/2000 | Step 7375 | BCE 0.161786 | FTC 1.827002 | Total 1.988788
Task flag set to 0: 36/36 wrappers
Task flag set to 1: 36/36 wrappers
Epoch 4/5 | Batch 1376/2000 | Step 7376 | BCE 0.137312 | FTC 1.305901 | Total 1.443213
Task flag set to 0: 36/36 wrappers
Task flag set to 1: 36/36 wrappers
Epoch 4/5 | Batch 1377/2000 | Step 7377 | BCE 0.480416 | FTC 2.249532 | Total 2.729949
Task flag set to 0: 36/36 wrappers
Task flag set to 1: 36/36 wrappers
Epoch 4/5 | Batch 1378/2000 | Step 7378 | BCE 0.523333 | FTC 1.755591 | Total 2.278924
Task flag set to 0: 36/36 wrappers
Task flag set to 1: 36/36 wrappers
Epoch 4/5 | Batch 1379/2000 | Step 7379 | BCE 0.300349 | FTC 0.724158 | Total 1.024507
Task flag set to 0: 36/36 wrappers
Task flag set to 1: 36/36 wrappers
Epoch 4/5 | Batch 1380/2000 | Step 7380 | BCE 0.602145 | FTC 1.790621 | Total 2.392766
Task flag set to 0: 36/36 wrappers
Task flag set to 1: 36/36 wrappers
Epoch 4/5 | Batch 1381/2000 | Step 7381 | BCE 1.474677 | FTC 1.787885 | Total 3.262562
Task flag set to 0: 36/36 wrappers
Task flag set to 1: 36/36 wrappers
Epoch 4/5 | Batch 1382/2000 | Step 7382 | BCE 1.353851 | FTC 1.528229 | Total 2.882080
Task flag set to 0: 36/36 wrappers
Task flag set to 1: 36/36 wrappers
Epoch 4/5 | Batch 1383/2000 | Step 7383 | BCE 0.039915 | FTC 1.569483 | Total 1.609398
Task flag set to 0: 36/36 wrappers
Task flag set to 1: 36/36 wrappers
Epoch 4/5 | Batch 1384/2000 | Step 7384 | BCE 0.052903 | FTC 2.561794 | Total 2.614697
Task flag set to 0: 36/36 wrappers
Task flag set to 1: 36/36 wrappers
Epoch 4/5 | Batch 1385/2000 | Step 7385 | BCE 0.142877 | FTC 1.706063 | Total 1.848940
Task flag set to 0: 36/36 wrappers
Task flag set to 1: 36/36 wrappers
Epoch 4/5 | Batch 1386/2000 | Step 7386 | BCE 0.169013 | FTC 1.871912 | Total 2.040925
Task flag set to 0: 36/36 wrappers
Task flag set to 1: 36/36 wrappers
Epoch 4/5 | Batch 1387/2000 | Step 7387 | BCE 0.117915 | FTC 1.882113 | Total 2.000028
Task flag set to 0: 36/36 wrappers
Task flag set to 1: 36/36 wrappers
Epoch 4/5 | Batch 1388/2000 | Step 7388 | BCE 0.691385 | FTC 1.234571 | Total 1.925956
Task flag set to 0: 36/36 wrappers
Task flag set to 1: 36/36 wrappers
Epoch 4/5 | Batch 1389/2000 | Step 7389 | BCE 0.291644 | FTC 2.090784 | Total 2.382428
Task flag set to 0: 36/36 wrappers
Task flag set to 1: 36/36 wrappers
Epoch 4/5 | Batch 1390/2000 | Step 7390 | BCE 0.207465 | FTC 1.915480 | Total 2.122945
Task flag set to 0: 36/36 wrappers
Task flag set to 1: 36/36 wrappers
Epoch 4/5 | Batch 1391/2000 | Step 7391 | BCE 0.132587 | FTC 2.153507 | Total 2.286093
Task flag set to 0: 36/36 wrappers
Task flag set to 1: 36/36 wrappers
Epoch 4/5 | Batch 1392/2000 | Step 7392 | BCE 0.403066 | FTC 1.600228 | Total 2.003294
Task flag set to 0: 36/36 wrappers
Task flag set to 1: 36/36 wrappers
Epoch 4/5 | Batch 1393/2000 | Step 7393 | BCE 0.226237 | FTC 1.459451 | Total 1.685688
Task flag set to 0: 36/36 wrappers
Task flag set to 1: 36/36 wrappers
Epoch 4/5 | Batch 1394/2000 | Step 7394 | BCE 0.432152 | FTC 1.518250 | Total 1.950402
Task flag set to 0: 36/36 wrappers
Task flag set to 1: 36/36 wrappers
Epoch 4/5 | Batch 1395/2000 | Step 7395 | BCE 0.929778 | FTC 1.893540 | Total 2.823318
Task flag set to 0: 36/36 wrappers
Task flag set to 1: 36/36 wrappers
Epoch 4/5 | Batch 1396/2000 | Step 7396 | BCE 0.128100 | FTC 1.497559 | Total 1.625659
Task flag set to 0: 36/36 wrappers
Task flag set to 1: 36/36 wrappers
Epoch 4/5 | Batch 1397/2000 | Step 7397 | BCE 0.064529 | FTC 1.553331 | Total 1.617859
Task flag set to 0: 36/36 wrappers
Task flag set to 1: 36/36 wrappers
Epoch 4/5 | Batch 1398/2000 | Step 7398 | BCE 0.170304 | FTC 2.024924 | Total 2.195228
Task flag set to 0: 36/36 wrappers
Task flag set to 1: 36/36 wrappers
Epoch 4/5 | Batch 1399/2000 | Step 7399 | BCE 0.147600 | FTC 1.430161 | Total 1.577760
Task flag set to 0: 36/36 wrappers
Task flag set to 1: 36/36 wrappers
Epoch 4/5 | Batch 1400/2000 | Step 7400 | BCE 0.287315 | FTC 1.805435 | Total 2.092749
Task flag set to 0: 36/36 wrappers
Task flag set to 1: 36/36 wrappers
Epoch 4/5 | Batch 1401/2000 | Step 7401 | BCE 0.149384 | FTC 1.782247 | Total 1.931631
Task flag set to 0: 36/36 wrappers
Task flag set to 1: 36/36 wrappers
Epoch 4/5 | Batch 1402/2000 | Step 7402 | BCE 0.139453 | FTC 1.644722 | Total 1.784175
Task flag set to 0: 36/36 wrappers
Task flag set to 1: 36/36 wrappers
Epoch 4/5 | Batch 1403/2000 | Step 7403 | BCE 0.489687 | FTC 1.432112 | Total 1.921799
Task flag set to 0: 36/36 wrappers
Task flag set to 1: 36/36 wrappers
Epoch 4/5 | Batch 1404/2000 | Step 7404 | BCE 0.162760 | FTC 1.890861 | Total 2.053621
Task flag set to 0: 36/36 wrappers
Task flag set to 1: 36/36 wrappers
Epoch 4/5 | Batch 1405/2000 | Step 7405 | BCE 0.694065 | FTC 1.566627 | Total 2.260692
Task flag set to 0: 36/36 wrappers
Task flag set to 1: 36/36 wrappers
Epoch 4/5 | Batch 1406/2000 | Step 7406 | BCE 0.053921 | FTC 1.569694 | Total 1.623615
Task flag set to 0: 36/36 wrappers
Task flag set to 1: 36/36 wrappers
Epoch 4/5 | Batch 1407/2000 | Step 7407 | BCE 0.194492 | FTC 1.516524 | Total 1.711016
Task flag set to 0: 36/36 wrappers
Task flag set to 1: 36/36 wrappers
Epoch 4/5 | Batch 1408/2000 | Step 7408 | BCE 0.088079 | FTC 1.267409 | Total 1.355488
Task flag set to 0: 36/36 wrappers
Task flag set to 1: 36/36 wrappers
Epoch 4/5 | Batch 1409/2000 | Step 7409 | BCE 0.156583 | FTC 1.497653 | Total 1.654236
Task flag set to 0: 36/36 wrappers
Task flag set to 1: 36/36 wrappers
Epoch 4/5 | Batch 1410/2000 | Step 7410 | BCE 1.409782 | FTC 1.789306 | Total 3.199088
Task flag set to 0: 36/36 wrappers
Task flag set to 1: 36/36 wrappers
Epoch 4/5 | Batch 1411/2000 | Step 7411 | BCE 0.105027 | FTC 1.592425 | Total 1.697452
Task flag set to 0: 36/36 wrappers
Task flag set to 1: 36/36 wrappers
Epoch 4/5 | Batch 1412/2000 | Step 7412 | BCE 0.201797 | FTC 1.547497 | Total 1.749293
Task flag set to 0: 36/36 wrappers
Task flag set to 1: 36/36 wrappers
Epoch 4/5 | Batch 1413/2000 | Step 7413 | BCE 0.062400 | FTC 1.582983 | Total 1.645383
Task flag set to 0: 36/36 wrappers
Task flag set to 1: 36/36 wrappers
Epoch 4/5 | Batch 1414/2000 | Step 7414 | BCE 1.122490 | FTC 1.679031 | Total 2.801521
Task flag set to 0: 36/36 wrappers
Task flag set to 1: 36/36 wrappers
Epoch 4/5 | Batch 1415/2000 | Step 7415 | BCE 0.642525 | FTC 1.653440 | Total 2.295964
Task flag set to 0: 36/36 wrappers
Task flag set to 1: 36/36 wrappers
Epoch 4/5 | Batch 1416/2000 | Step 7416 | BCE 0.056293 | FTC 1.672591 | Total 1.728884
Task flag set to 0: 36/36 wrappers
Task flag set to 1: 36/36 wrappers
Epoch 4/5 | Batch 1417/2000 | Step 7417 | BCE 0.231456 | FTC 1.962265 | Total 2.193721
Task flag set to 0: 36/36 wrappers
Task flag set to 1: 36/36 wrappers
Epoch 4/5 | Batch 1418/2000 | Step 7418 | BCE 0.811531 | FTC 1.576283 | Total 2.387814
Task flag set to 0: 36/36 wrappers
Task flag set to 1: 36/36 wrappers
Epoch 4/5 | Batch 1419/2000 | Step 7419 | BCE 0.299766 | FTC 1.353663 | Total 1.653429
Task flag set to 0: 36/36 wrappers
Task flag set to 1: 36/36 wrappers
Epoch 4/5 | Batch 1420/2000 | Step 7420 | BCE 0.147539 | FTC 1.534238 | Total 1.681777
Task flag set to 0: 36/36 wrappers
Task flag set to 1: 36/36 wrappers
Epoch 4/5 | Batch 1421/2000 | Step 7421 | BCE 0.110452 | FTC 1.591451 | Total 1.701903
Task flag set to 0: 36/36 wrappers
Task flag set to 1: 36/36 wrappers
Epoch 4/5 | Batch 1422/2000 | Step 7422 | BCE 0.625553 | FTC 1.569521 | Total 2.195074
Task flag set to 0: 36/36 wrappers
Task flag set to 1: 36/36 wrappers
Epoch 4/5 | Batch 1423/2000 | Step 7423 | BCE 0.126589 | FTC 1.428099 | Total 1.554687
Task flag set to 0: 36/36 wrappers
Task flag set to 1: 36/36 wrappers
Epoch 4/5 | Batch 1424/2000 | Step 7424 | BCE 0.057280 | FTC 1.479441 | Total 1.536721
Task flag set to 0: 36/36 wrappers
Task flag set to 1: 36/36 wrappers
Epoch 4/5 | Batch 1425/2000 | Step 7425 | BCE 1.165585 | FTC 1.395953 | Total 2.561538
Task flag set to 0: 36/36 wrappers
Task flag set to 1: 36/36 wrappers
Epoch 4/5 | Batch 1426/2000 | Step 7426 | BCE 1.095420 | FTC 1.810135 | Total 2.905555
Task flag set to 0: 36/36 wrappers
Task flag set to 1: 36/36 wrappers
Epoch 4/5 | Batch 1427/2000 | Step 7427 | BCE 0.508819 | FTC 1.303437 | Total 1.812256
Task flag set to 0: 36/36 wrappers
Task flag set to 1: 36/36 wrappers
Epoch 4/5 | Batch 1428/2000 | Step 7428 | BCE 0.230374 | FTC 1.449565 | Total 1.679939
Task flag set to 0: 36/36 wrappers
Task flag set to 1: 36/36 wrappers
Epoch 4/5 | Batch 1429/2000 | Step 7429 | BCE 0.158633 | FTC 1.724413 | Total 1.883045
Task flag set to 0: 36/36 wrappers
Task flag set to 1: 36/36 wrappers
Epoch 4/5 | Batch 1430/2000 | Step 7430 | BCE 0.245906 | FTC 1.615307 | Total 1.861213
Task flag set to 0: 36/36 wrappers
Task flag set to 1: 36/36 wrappers
Epoch 4/5 | Batch 1431/2000 | Step 7431 | BCE 0.405991 | FTC 1.330215 | Total 1.736206
Task flag set to 0: 36/36 wrappers
Task flag set to 1: 36/36 wrappers
Epoch 4/5 | Batch 1432/2000 | Step 7432 | BCE 0.084578 | FTC 1.507816 | Total 1.592394
Task flag set to 0: 36/36 wrappers
Task flag set to 1: 36/36 wrappers
Epoch 4/5 | Batch 1433/2000 | Step 7433 | BCE 0.384008 | FTC 1.740062 | Total 2.124069
Task flag set to 0: 36/36 wrappers
Task flag set to 1: 36/36 wrappers
Epoch 4/5 | Batch 1434/2000 | Step 7434 | BCE 0.046896 | FTC 1.230757 | Total 1.277653
Task flag set to 0: 36/36 wrappers
Task flag set to 1: 36/36 wrappers
Epoch 4/5 | Batch 1435/2000 | Step 7435 | BCE 0.701949 | FTC 1.289431 | Total 1.991381
Task flag set to 0: 36/36 wrappers
Task flag set to 1: 36/36 wrappers
Epoch 4/5 | Batch 1436/2000 | Step 7436 | BCE 0.098039 | FTC 1.795247 | Total 1.893285
Task flag set to 0: 36/36 wrappers
Task flag set to 1: 36/36 wrappers
Epoch 4/5 | Batch 1437/2000 | Step 7437 | BCE 0.707213 | FTC 1.394423 | Total 2.101636
Task flag set to 0: 36/36 wrappers
Task flag set to 1: 36/36 wrappers
Epoch 4/5 | Batch 1438/2000 | Step 7438 | BCE 0.122593 | FTC 1.877928 | Total 2.000521
Task flag set to 0: 36/36 wrappers
Task flag set to 1: 36/36 wrappers
Epoch 4/5 | Batch 1439/2000 | Step 7439 | BCE 0.623129 | FTC 1.182728 | Total 1.805857
Task flag set to 0: 36/36 wrappers
Task flag set to 1: 36/36 wrappers
Epoch 4/5 | Batch 1440/2000 | Step 7440 | BCE 0.133069 | FTC 1.755738 | Total 1.888807
Task flag set to 0: 36/36 wrappers
Task flag set to 1: 36/36 wrappers
Epoch 4/5 | Batch 1441/2000 | Step 7441 | BCE 0.207204 | FTC 1.063737 | Total 1.270941
Task flag set to 0: 36/36 wrappers
Task flag set to 1: 36/36 wrappers
Epoch 4/5 | Batch 1442/2000 | Step 7442 | BCE 0.491007 | FTC 1.686161 | Total 2.177168
Task flag set to 0: 36/36 wrappers
Task flag set to 1: 36/36 wrappers
Epoch 4/5 | Batch 1443/2000 | Step 7443 | BCE 0.070700 | FTC 1.688922 | Total 1.759622
Task flag set to 0: 36/36 wrappers
Task flag set to 1: 36/36 wrappers
Epoch 4/5 | Batch 1444/2000 | Step 7444 | BCE 0.551697 | FTC 1.229524 | Total 1.781222
Task flag set to 0: 36/36 wrappers
Task flag set to 1: 36/36 wrappers
Epoch 4/5 | Batch 1445/2000 | Step 7445 | BCE 0.173701 | FTC 1.480831 | Total 1.654533
Task flag set to 0: 36/36 wrappers
Task flag set to 1: 36/36 wrappers
Epoch 4/5 | Batch 1446/2000 | Step 7446 | BCE 0.466428 | FTC 1.175268 | Total 1.641695
Task flag set to 0: 36/36 wrappers
Task flag set to 1: 36/36 wrappers
Epoch 4/5 | Batch 1447/2000 | Step 7447 | BCE 0.327992 | FTC 1.487794 | Total 1.815786
Task flag set to 0: 36/36 wrappers
Task flag set to 1: 36/36 wrappers
Epoch 4/5 | Batch 1448/2000 | Step 7448 | BCE 0.350244 | FTC 1.215541 | Total 1.565785
Task flag set to 0: 36/36 wrappers
Task flag set to 1: 36/36 wrappers
Epoch 4/5 | Batch 1449/2000 | Step 7449 | BCE 0.990255 | FTC 1.446136 | Total 2.436391
Task flag set to 0: 36/36 wrappers
Task flag set to 1: 36/36 wrappers
Epoch 4/5 | Batch 1450/2000 | Step 7450 | BCE 0.400532 | FTC 1.897366 | Total 2.297898
Task flag set to 0: 36/36 wrappers
Task flag set to 1: 36/36 wrappers
Epoch 4/5 | Batch 1451/2000 | Step 7451 | BCE 0.341959 | FTC 1.937176 | Total 2.279135
Task flag set to 0: 36/36 wrappers
Task flag set to 1: 36/36 wrappers
Epoch 4/5 | Batch 1452/2000 | Step 7452 | BCE 0.324193 | FTC 1.624408 | Total 1.948601
Task flag set to 0: 36/36 wrappers
Task flag set to 1: 36/36 wrappers
Epoch 4/5 | Batch 1453/2000 | Step 7453 | BCE 0.191004 | FTC 1.477283 | Total 1.668287
Task flag set to 0: 36/36 wrappers
Task flag set to 1: 36/36 wrappers
Epoch 4/5 | Batch 1454/2000 | Step 7454 | BCE 0.398168 | FTC 0.970702 | Total 1.368870
Task flag set to 0: 36/36 wrappers
Task flag set to 1: 36/36 wrappers
Epoch 4/5 | Batch 1455/2000 | Step 7455 | BCE 0.121070 | FTC 1.447428 | Total 1.568498
Task flag set to 0: 36/36 wrappers
Task flag set to 1: 36/36 wrappers
Epoch 4/5 | Batch 1456/2000 | Step 7456 | BCE 0.320793 | FTC 1.400728 | Total 1.721521
Task flag set to 0: 36/36 wrappers
Task flag set to 1: 36/36 wrappers
Epoch 4/5 | Batch 1457/2000 | Step 7457 | BCE 1.350749 | FTC 1.740316 | Total 3.091065
Task flag set to 0: 36/36 wrappers
Task flag set to 1: 36/36 wrappers
Epoch 4/5 | Batch 1458/2000 | Step 7458 | BCE 0.095918 | FTC 1.458924 | Total 1.554842
Task flag set to 0: 36/36 wrappers
Task flag set to 1: 36/36 wrappers
Epoch 4/5 | Batch 1459/2000 | Step 7459 | BCE 0.377737 | FTC 1.186875 | Total 1.564613
Task flag set to 0: 36/36 wrappers
Task flag set to 1: 36/36 wrappers
Epoch 4/5 | Batch 1460/2000 | Step 7460 | BCE 0.765376 | FTC 1.651981 | Total 2.417357
Task flag set to 0: 36/36 wrappers
Task flag set to 1: 36/36 wrappers
Epoch 4/5 | Batch 1461/2000 | Step 7461 | BCE 0.077265 | FTC 1.815514 | Total 1.892778
Task flag set to 0: 36/36 wrappers
Task flag set to 1: 36/36 wrappers
Epoch 4/5 | Batch 1462/2000 | Step 7462 | BCE 0.126816 | FTC 1.521256 | Total 1.648073
Task flag set to 0: 36/36 wrappers
Task flag set to 1: 36/36 wrappers
Epoch 4/5 | Batch 1463/2000 | Step 7463 | BCE 1.007615 | FTC 1.747566 | Total 2.755181
Task flag set to 0: 36/36 wrappers
Task flag set to 1: 36/36 wrappers
Epoch 4/5 | Batch 1464/2000 | Step 7464 | BCE 0.137797 | FTC 1.908233 | Total 2.046030
Task flag set to 0: 36/36 wrappers
Task flag set to 1: 36/36 wrappers
Epoch 4/5 | Batch 1465/2000 | Step 7465 | BCE 0.205800 | FTC 1.197953 | Total 1.403752
Task flag set to 0: 36/36 wrappers
Task flag set to 1: 36/36 wrappers
Epoch 4/5 | Batch 1466/2000 | Step 7466 | BCE 0.278574 | FTC 1.714454 | Total 1.993028
Task flag set to 0: 36/36 wrappers
Task flag set to 1: 36/36 wrappers
Epoch 4/5 | Batch 1467/2000 | Step 7467 | BCE 0.099951 | FTC 1.543181 | Total 1.643131
Task flag set to 0: 36/36 wrappers
Task flag set to 1: 36/36 wrappers
Epoch 4/5 | Batch 1468/2000 | Step 7468 | BCE 0.119610 | FTC 1.553612 | Total 1.673222
Task flag set to 0: 36/36 wrappers
Task flag set to 1: 36/36 wrappers
Epoch 4/5 | Batch 1469/2000 | Step 7469 | BCE 0.113785 | FTC 2.090878 | Total 2.204663
Task flag set to 0: 36/36 wrappers
Task flag set to 1: 36/36 wrappers
Epoch 4/5 | Batch 1470/2000 | Step 7470 | BCE 0.125045 | FTC 1.420038 | Total 1.545083
Task flag set to 0: 36/36 wrappers
Task flag set to 1: 36/36 wrappers
Epoch 4/5 | Batch 1471/2000 | Step 7471 | BCE 0.687738 | FTC 1.423766 | Total 2.111504
Task flag set to 0: 36/36 wrappers
Task flag set to 1: 36/36 wrappers
Epoch 4/5 | Batch 1472/2000 | Step 7472 | BCE 0.788877 | FTC 1.323258 | Total 2.112135
Task flag set to 0: 36/36 wrappers
Task flag set to 1: 36/36 wrappers
Epoch 4/5 | Batch 1473/2000 | Step 7473 | BCE 0.194915 | FTC 1.590847 | Total 1.785762
Task flag set to 0: 36/36 wrappers
Task flag set to 1: 36/36 wrappers
Epoch 4/5 | Batch 1474/2000 | Step 7474 | BCE 0.140735 | FTC 1.699373 | Total 1.840108
Task flag set to 0: 36/36 wrappers
Task flag set to 1: 36/36 wrappers
Epoch 4/5 | Batch 1475/2000 | Step 7475 | BCE 0.813248 | FTC 1.495055 | Total 2.308303
Task flag set to 0: 36/36 wrappers
Task flag set to 1: 36/36 wrappers
Epoch 4/5 | Batch 1476/2000 | Step 7476 | BCE 0.081074 | FTC 1.165221 | Total 1.246296
Task flag set to 0: 36/36 wrappers
Task flag set to 1: 36/36 wrappers
Epoch 4/5 | Batch 1477/2000 | Step 7477 | BCE 0.209401 | FTC 1.980261 | Total 2.189662
Task flag set to 0: 36/36 wrappers
Task flag set to 1: 36/36 wrappers
Epoch 4/5 | Batch 1478/2000 | Step 7478 | BCE 0.080116 | FTC 1.291022 | Total 1.371138
Task flag set to 0: 36/36 wrappers
Task flag set to 1: 36/36 wrappers
Epoch 4/5 | Batch 1479/2000 | Step 7479 | BCE 0.814078 | FTC 1.813648 | Total 2.627726
Task flag set to 0: 36/36 wrappers
Task flag set to 1: 36/36 wrappers
Epoch 4/5 | Batch 1480/2000 | Step 7480 | BCE 0.110663 | FTC 1.662887 | Total 1.773550
Task flag set to 0: 36/36 wrappers
Task flag set to 1: 36/36 wrappers
Epoch 4/5 | Batch 1481/2000 | Step 7481 | BCE 0.527857 | FTC 1.612662 | Total 2.140519
Task flag set to 0: 36/36 wrappers
Task flag set to 1: 36/36 wrappers
Epoch 4/5 | Batch 1482/2000 | Step 7482 | BCE 0.444342 | FTC 0.973897 | Total 1.418240
Task flag set to 0: 36/36 wrappers
Task flag set to 1: 36/36 wrappers
Epoch 4/5 | Batch 1483/2000 | Step 7483 | BCE 0.461507 | FTC 1.215621 | Total 1.677128
Task flag set to 0: 36/36 wrappers
Task flag set to 1: 36/36 wrappers
Epoch 4/5 | Batch 1484/2000 | Step 7484 | BCE 0.446040 | FTC 1.477533 | Total 1.923572
Task flag set to 0: 36/36 wrappers
Task flag set to 1: 36/36 wrappers
Epoch 4/5 | Batch 1485/2000 | Step 7485 | BCE 0.106929 | FTC 1.891605 | Total 1.998535
Task flag set to 0: 36/36 wrappers
Task flag set to 1: 36/36 wrappers
Epoch 4/5 | Batch 1486/2000 | Step 7486 | BCE 0.461126 | FTC 1.440638 | Total 1.901765
Task flag set to 0: 36/36 wrappers
Task flag set to 1: 36/36 wrappers
Epoch 4/5 | Batch 1487/2000 | Step 7487 | BCE 0.369900 | FTC 1.569082 | Total 1.938982
Task flag set to 0: 36/36 wrappers
Task flag set to 1: 36/36 wrappers
Epoch 4/5 | Batch 1488/2000 | Step 7488 | BCE 0.251553 | FTC 1.675946 | Total 1.927499
Task flag set to 0: 36/36 wrappers
Task flag set to 1: 36/36 wrappers
Epoch 4/5 | Batch 1489/2000 | Step 7489 | BCE 0.626680 | FTC 1.313533 | Total 1.940213
Task flag set to 0: 36/36 wrappers
Task flag set to 1: 36/36 wrappers
Epoch 4/5 | Batch 1490/2000 | Step 7490 | BCE 0.263448 | FTC 1.852263 | Total 2.115711
Task flag set to 0: 36/36 wrappers
Task flag set to 1: 36/36 wrappers
Epoch 4/5 | Batch 1491/2000 | Step 7491 | BCE 0.429524 | FTC 2.024631 | Total 2.454155
Task flag set to 0: 36/36 wrappers
Task flag set to 1: 36/36 wrappers
Epoch 4/5 | Batch 1492/2000 | Step 7492 | BCE 0.218384 | FTC 0.947690 | Total 1.166073
Task flag set to 0: 36/36 wrappers
Task flag set to 1: 36/36 wrappers
Epoch 4/5 | Batch 1493/2000 | Step 7493 | BCE 0.691801 | FTC 1.526174 | Total 2.217974
Task flag set to 0: 36/36 wrappers
Task flag set to 1: 36/36 wrappers
Epoch 4/5 | Batch 1494/2000 | Step 7494 | BCE 0.184401 | FTC 1.547551 | Total 1.731951
Task flag set to 0: 36/36 wrappers
Task flag set to 1: 36/36 wrappers
Epoch 4/5 | Batch 1495/2000 | Step 7495 | BCE 0.195805 | FTC 1.586104 | Total 1.781909
Task flag set to 0: 36/36 wrappers
Task flag set to 1: 36/36 wrappers
Epoch 4/5 | Batch 1496/2000 | Step 7496 | BCE 0.618781 | FTC 1.501486 | Total 2.120266
Task flag set to 0: 36/36 wrappers
Task flag set to 1: 36/36 wrappers
Epoch 4/5 | Batch 1497/2000 | Step 7497 | BCE 0.452421 | FTC 1.478399 | Total 1.930820
Task flag set to 0: 36/36 wrappers
Task flag set to 1: 36/36 wrappers
Epoch 4/5 | Batch 1498/2000 | Step 7498 | BCE 0.185210 | FTC 1.601294 | Total 1.786504
Task flag set to 0: 36/36 wrappers
Task flag set to 1: 36/36 wrappers
Epoch 4/5 | Batch 1499/2000 | Step 7499 | BCE 0.482545 | FTC 1.620742 | Total 2.103287
Task flag set to 0: 36/36 wrappers
Task flag set to 1: 36/36 wrappers
Epoch 4/5 | Batch 1500/2000 | Step 7500 | BCE 0.724235 | FTC 0.538873 | Total 1.263108
Task flag set to 0: 36/36 wrappers
Task flag set to 1: 36/36 wrappers
Epoch 4/5 | Batch 1501/2000 | Step 7501 | BCE 0.314840 | FTC 1.780367 | Total 2.095207
Task flag set to 0: 36/36 wrappers
Task flag set to 1: 36/36 wrappers
Epoch 4/5 | Batch 1502/2000 | Step 7502 | BCE 0.233387 | FTC 1.154338 | Total 1.387725
Task flag set to 0: 36/36 wrappers
Task flag set to 1: 36/36 wrappers
Epoch 4/5 | Batch 1503/2000 | Step 7503 | BCE 0.414140 | FTC 2.187796 | Total 2.601935
Task flag set to 0: 36/36 wrappers
Task flag set to 1: 36/36 wrappers
Epoch 4/5 | Batch 1504/2000 | Step 7504 | BCE 0.811991 | FTC 0.907424 | Total 1.719414
Task flag set to 0: 36/36 wrappers
Task flag set to 1: 36/36 wrappers
Epoch 4/5 | Batch 1505/2000 | Step 7505 | BCE 0.491695 | FTC 1.461031 | Total 1.952726
Task flag set to 0: 36/36 wrappers
Task flag set to 1: 36/36 wrappers
Epoch 4/5 | Batch 1506/2000 | Step 7506 | BCE 0.718742 | FTC 1.582219 | Total 2.300961
Task flag set to 0: 36/36 wrappers
Task flag set to 1: 36/36 wrappers
Epoch 4/5 | Batch 1507/2000 | Step 7507 | BCE 1.139732 | FTC 1.268927 | Total 2.408659
Task flag set to 0: 36/36 wrappers
Task flag set to 1: 36/36 wrappers
Epoch 4/5 | Batch 1508/2000 | Step 7508 | BCE 0.600022 | FTC 0.521125 | Total 1.121147
Task flag set to 0: 36/36 wrappers
Task flag set to 1: 36/36 wrappers
Epoch 4/5 | Batch 1509/2000 | Step 7509 | BCE 0.088038 | FTC 1.379915 | Total 1.467953
Task flag set to 0: 36/36 wrappers
Task flag set to 1: 36/36 wrappers
Epoch 4/5 | Batch 1510/2000 | Step 7510 | BCE 0.783662 | FTC 1.301878 | Total 2.085540
Task flag set to 0: 36/36 wrappers
Task flag set to 1: 36/36 wrappers
Epoch 4/5 | Batch 1511/2000 | Step 7511 | BCE 0.591297 | FTC 2.104825 | Total 2.696122
Task flag set to 0: 36/36 wrappers
Task flag set to 1: 36/36 wrappers
Epoch 4/5 | Batch 1512/2000 | Step 7512 | BCE 0.538204 | FTC 1.965842 | Total 2.504045
Task flag set to 0: 36/36 wrappers
Task flag set to 1: 36/36 wrappers
Epoch 4/5 | Batch 1513/2000 | Step 7513 | BCE 0.542597 | FTC 1.386311 | Total 1.928909
Task flag set to 0: 36/36 wrappers
Task flag set to 1: 36/36 wrappers
Epoch 4/5 | Batch 1514/2000 | Step 7514 | BCE 1.273530 | FTC 1.674450 | Total 2.947981
Task flag set to 0: 36/36 wrappers
Task flag set to 1: 36/36 wrappers
Epoch 4/5 | Batch 1515/2000 | Step 7515 | BCE 0.370310 | FTC 1.298923 | Total 1.669233
Task flag set to 0: 36/36 wrappers
Task flag set to 1: 36/36 wrappers
Epoch 4/5 | Batch 1516/2000 | Step 7516 | BCE 0.098446 | FTC 1.589428 | Total 1.687873
Task flag set to 0: 36/36 wrappers
Task flag set to 1: 36/36 wrappers
Epoch 4/5 | Batch 1517/2000 | Step 7517 | BCE 0.494476 | FTC 2.156238 | Total 2.650714
Task flag set to 0: 36/36 wrappers
Task flag set to 1: 36/36 wrappers
Epoch 4/5 | Batch 1518/2000 | Step 7518 | BCE 0.503165 | FTC 2.424250 | Total 2.927415
Task flag set to 0: 36/36 wrappers
Task flag set to 1: 36/36 wrappers
Epoch 4/5 | Batch 1519/2000 | Step 7519 | BCE 0.886496 | FTC 2.298627 | Total 3.185123
Task flag set to 0: 36/36 wrappers
Task flag set to 1: 36/36 wrappers
Epoch 4/5 | Batch 1520/2000 | Step 7520 | BCE 0.213547 | FTC 1.643687 | Total 1.857234
Task flag set to 0: 36/36 wrappers
Task flag set to 1: 36/36 wrappers
Epoch 4/5 | Batch 1521/2000 | Step 7521 | BCE 0.929216 | FTC 1.624858 | Total 2.554073
Task flag set to 0: 36/36 wrappers
Task flag set to 1: 36/36 wrappers
Epoch 4/5 | Batch 1522/2000 | Step 7522 | BCE 0.690365 | FTC 1.983415 | Total 2.673780
Task flag set to 0: 36/36 wrappers
Task flag set to 1: 36/36 wrappers
Epoch 4/5 | Batch 1523/2000 | Step 7523 | BCE 0.101909 | FTC 1.821354 | Total 1.923264
Task flag set to 0: 36/36 wrappers
Task flag set to 1: 36/36 wrappers
Epoch 4/5 | Batch 1524/2000 | Step 7524 | BCE 0.822956 | FTC 1.790373 | Total 2.613329
Task flag set to 0: 36/36 wrappers
Task flag set to 1: 36/36 wrappers
Epoch 4/5 | Batch 1525/2000 | Step 7525 | BCE 0.188545 | FTC 2.035954 | Total 2.224499
Task flag set to 0: 36/36 wrappers
Task flag set to 1: 36/36 wrappers
Epoch 4/5 | Batch 1526/2000 | Step 7526 | BCE 1.305353 | FTC 1.243864 | Total 2.549218
Task flag set to 0: 36/36 wrappers
Task flag set to 1: 36/36 wrappers
Epoch 4/5 | Batch 1527/2000 | Step 7527 | BCE 0.141035 | FTC 1.670936 | Total 1.811971
Task flag set to 0: 36/36 wrappers
Task flag set to 1: 36/36 wrappers
Epoch 4/5 | Batch 1528/2000 | Step 7528 | BCE 0.339255 | FTC 1.849627 | Total 2.188882
Task flag set to 0: 36/36 wrappers
Task flag set to 1: 36/36 wrappers
Epoch 4/5 | Batch 1529/2000 | Step 7529 | BCE 0.451031 | FTC 2.079428 | Total 2.530458
Task flag set to 0: 36/36 wrappers
Task flag set to 1: 36/36 wrappers
Epoch 4/5 | Batch 1530/2000 | Step 7530 | BCE 0.027948 | FTC 1.858768 | Total 1.886716
Task flag set to 0: 36/36 wrappers
Task flag set to 1: 36/36 wrappers
Epoch 4/5 | Batch 1531/2000 | Step 7531 | BCE 0.070113 | FTC 1.914437 | Total 1.984550
Task flag set to 0: 36/36 wrappers
Task flag set to 1: 36/36 wrappers
Epoch 4/5 | Batch 1532/2000 | Step 7532 | BCE 0.109232 | FTC 1.201020 | Total 1.310251
Task flag set to 0: 36/36 wrappers
Task flag set to 1: 36/36 wrappers
Epoch 4/5 | Batch 1533/2000 | Step 7533 | BCE 0.367022 | FTC 1.329748 | Total 1.696771
Task flag set to 0: 36/36 wrappers
Task flag set to 1: 36/36 wrappers
Epoch 4/5 | Batch 1534/2000 | Step 7534 | BCE 0.472503 | FTC 1.185901 | Total 1.658404
Task flag set to 0: 36/36 wrappers
Task flag set to 1: 36/36 wrappers
Epoch 4/5 | Batch 1535/2000 | Step 7535 | BCE 0.158458 | FTC 1.327714 | Total 1.486172
Task flag set to 0: 36/36 wrappers
Task flag set to 1: 36/36 wrappers
Epoch 4/5 | Batch 1536/2000 | Step 7536 | BCE 0.038381 | FTC 1.441125 | Total 1.479506
Task flag set to 0: 36/36 wrappers
Task flag set to 1: 36/36 wrappers
Epoch 4/5 | Batch 1537/2000 | Step 7537 | BCE 0.192506 | FTC 1.596905 | Total 1.789411
Task flag set to 0: 36/36 wrappers
Task flag set to 1: 36/36 wrappers
Epoch 4/5 | Batch 1538/2000 | Step 7538 | BCE 0.645292 | FTC 1.592143 | Total 2.237436
Task flag set to 0: 36/36 wrappers
Task flag set to 1: 36/36 wrappers
Epoch 4/5 | Batch 1539/2000 | Step 7539 | BCE 0.081014 | FTC 1.424568 | Total 1.505582
Task flag set to 0: 36/36 wrappers
Task flag set to 1: 36/36 wrappers
Epoch 4/5 | Batch 1540/2000 | Step 7540 | BCE 0.476348 | FTC 1.817407 | Total 2.293755
Task flag set to 0: 36/36 wrappers
Task flag set to 1: 36/36 wrappers
Epoch 4/5 | Batch 1541/2000 | Step 7541 | BCE 0.135344 | FTC 1.864306 | Total 1.999650
Task flag set to 0: 36/36 wrappers
Task flag set to 1: 36/36 wrappers
Epoch 4/5 | Batch 1542/2000 | Step 7542 | BCE 0.377646 | FTC 1.196963 | Total 1.574609
Task flag set to 0: 36/36 wrappers
Task flag set to 1: 36/36 wrappers
Epoch 4/5 | Batch 1543/2000 | Step 7543 | BCE 0.272608 | FTC 1.310691 | Total 1.583299
Task flag set to 0: 36/36 wrappers
Task flag set to 1: 36/36 wrappers
Epoch 4/5 | Batch 1544/2000 | Step 7544 | BCE 0.710484 | FTC 1.764352 | Total 2.474835
Task flag set to 0: 36/36 wrappers
Task flag set to 1: 36/36 wrappers
Epoch 4/5 | Batch 1545/2000 | Step 7545 | BCE 0.094457 | FTC 1.656044 | Total 1.750501
Task flag set to 0: 36/36 wrappers
Task flag set to 1: 36/36 wrappers
Epoch 4/5 | Batch 1546/2000 | Step 7546 | BCE 0.215450 | FTC 1.497341 | Total 1.712791
Task flag set to 0: 36/36 wrappers
Task flag set to 1: 36/36 wrappers
Epoch 4/5 | Batch 1547/2000 | Step 7547 | BCE 1.007508 | FTC 1.656422 | Total 2.663930
Task flag set to 0: 36/36 wrappers
Task flag set to 1: 36/36 wrappers
Epoch 4/5 | Batch 1548/2000 | Step 7548 | BCE 0.113666 | FTC 1.319018 | Total 1.432685
Task flag set to 0: 36/36 wrappers
Task flag set to 1: 36/36 wrappers
Epoch 4/5 | Batch 1549/2000 | Step 7549 | BCE 1.120268 | FTC 1.903616 | Total 3.023884
Task flag set to 0: 36/36 wrappers
Task flag set to 1: 36/36 wrappers
Epoch 4/5 | Batch 1550/2000 | Step 7550 | BCE 0.592842 | FTC 1.832377 | Total 2.425219
Task flag set to 0: 36/36 wrappers
Task flag set to 1: 36/36 wrappers
Epoch 4/5 | Batch 1551/2000 | Step 7551 | BCE 0.052769 | FTC 1.391609 | Total 1.444378
Task flag set to 0: 36/36 wrappers
Task flag set to 1: 36/36 wrappers
Epoch 4/5 | Batch 1552/2000 | Step 7552 | BCE 0.042926 | FTC 1.471480 | Total 1.514405
Task flag set to 0: 36/36 wrappers
Task flag set to 1: 36/36 wrappers
Epoch 4/5 | Batch 1553/2000 | Step 7553 | BCE 0.027076 | FTC 1.435796 | Total 1.462873
Task flag set to 0: 36/36 wrappers
Task flag set to 1: 36/36 wrappers
Epoch 4/5 | Batch 1554/2000 | Step 7554 | BCE 0.078382 | FTC 1.314040 | Total 1.392423
Task flag set to 0: 36/36 wrappers
Task flag set to 1: 36/36 wrappers
Epoch 4/5 | Batch 1555/2000 | Step 7555 | BCE 0.139086 | FTC 1.617303 | Total 1.756389
Task flag set to 0: 36/36 wrappers
Task flag set to 1: 36/36 wrappers
Epoch 4/5 | Batch 1556/2000 | Step 7556 | BCE 0.091433 | FTC 1.620642 | Total 1.712075
Task flag set to 0: 36/36 wrappers
Task flag set to 1: 36/36 wrappers
Epoch 4/5 | Batch 1557/2000 | Step 7557 | BCE 0.086666 | FTC 1.613489 | Total 1.700154
Task flag set to 0: 36/36 wrappers
Task flag set to 1: 36/36 wrappers
Epoch 4/5 | Batch 1558/2000 | Step 7558 | BCE 0.366322 | FTC 1.674671 | Total 2.040993
Task flag set to 0: 36/36 wrappers
Task flag set to 1: 36/36 wrappers
Epoch 4/5 | Batch 1559/2000 | Step 7559 | BCE 0.984705 | FTC 1.635580 | Total 2.620285
Task flag set to 0: 36/36 wrappers
Task flag set to 1: 36/36 wrappers
Epoch 4/5 | Batch 1560/2000 | Step 7560 | BCE 0.124558 | FTC 1.823130 | Total 1.947688
Task flag set to 0: 36/36 wrappers
Task flag set to 1: 36/36 wrappers
Epoch 4/5 | Batch 1561/2000 | Step 7561 | BCE 0.678183 | FTC 1.644698 | Total 2.322881
Task flag set to 0: 36/36 wrappers
Task flag set to 1: 36/36 wrappers
Epoch 4/5 | Batch 1562/2000 | Step 7562 | BCE 0.761700 | FTC 1.731030 | Total 2.492730
Task flag set to 0: 36/36 wrappers
Task flag set to 1: 36/36 wrappers
Epoch 4/5 | Batch 1563/2000 | Step 7563 | BCE 0.107289 | FTC 1.727911 | Total 1.835200
Task flag set to 0: 36/36 wrappers
Task flag set to 1: 36/36 wrappers
Epoch 4/5 | Batch 1564/2000 | Step 7564 | BCE 0.263943 | FTC 1.466176 | Total 1.730119
Task flag set to 0: 36/36 wrappers
Task flag set to 1: 36/36 wrappers
Epoch 4/5 | Batch 1565/2000 | Step 7565 | BCE 0.027150 | FTC 1.515943 | Total 1.543093
Task flag set to 0: 36/36 wrappers
Task flag set to 1: 36/36 wrappers
Epoch 4/5 | Batch 1566/2000 | Step 7566 | BCE 0.824534 | FTC 1.622399 | Total 2.446932
Task flag set to 0: 36/36 wrappers
Task flag set to 1: 36/36 wrappers
Epoch 4/5 | Batch 1567/2000 | Step 7567 | BCE 0.080688 | FTC 1.719610 | Total 1.800299
Task flag set to 0: 36/36 wrappers
Task flag set to 1: 36/36 wrappers
Epoch 4/5 | Batch 1568/2000 | Step 7568 | BCE 0.198925 | FTC 1.322729 | Total 1.521654
Task flag set to 0: 36/36 wrappers
Task flag set to 1: 36/36 wrappers
Epoch 4/5 | Batch 1569/2000 | Step 7569 | BCE 1.364389 | FTC 1.501962 | Total 2.866351
Task flag set to 0: 36/36 wrappers
Task flag set to 1: 36/36 wrappers
Epoch 4/5 | Batch 1570/2000 | Step 7570 | BCE 1.058653 | FTC 0.944009 | Total 2.002661
Task flag set to 0: 36/36 wrappers
Task flag set to 1: 36/36 wrappers
Epoch 4/5 | Batch 1571/2000 | Step 7571 | BCE 0.804773 | FTC 1.317781 | Total 2.122554
Task flag set to 0: 36/36 wrappers
Task flag set to 1: 36/36 wrappers
Epoch 4/5 | Batch 1572/2000 | Step 7572 | BCE 0.130053 | FTC 1.365322 | Total 1.495376
Task flag set to 0: 36/36 wrappers
Task flag set to 1: 36/36 wrappers
Epoch 4/5 | Batch 1573/2000 | Step 7573 | BCE 0.196627 | FTC 1.528316 | Total 1.724942
Task flag set to 0: 36/36 wrappers
Task flag set to 1: 36/36 wrappers
Epoch 4/5 | Batch 1574/2000 | Step 7574 | BCE 0.510076 | FTC 1.388194 | Total 1.898271
Task flag set to 0: 36/36 wrappers
Task flag set to 1: 36/36 wrappers
Epoch 4/5 | Batch 1575/2000 | Step 7575 | BCE 0.247449 | FTC 1.530552 | Total 1.778001
Task flag set to 0: 36/36 wrappers
Task flag set to 1: 36/36 wrappers
Epoch 4/5 | Batch 1576/2000 | Step 7576 | BCE 0.086056 | FTC 1.407049 | Total 1.493105
Task flag set to 0: 36/36 wrappers
Task flag set to 1: 36/36 wrappers
Epoch 4/5 | Batch 1577/2000 | Step 7577 | BCE 0.467772 | FTC 1.018613 | Total 1.486384
Task flag set to 0: 36/36 wrappers
Task flag set to 1: 36/36 wrappers
Epoch 4/5 | Batch 1578/2000 | Step 7578 | BCE 0.405819 | FTC 2.020007 | Total 2.425826
Task flag set to 0: 36/36 wrappers
Task flag set to 1: 36/36 wrappers
Epoch 4/5 | Batch 1579/2000 | Step 7579 | BCE 0.085265 | FTC 1.791053 | Total 1.876318
Task flag set to 0: 36/36 wrappers
Task flag set to 1: 36/36 wrappers
Epoch 4/5 | Batch 1580/2000 | Step 7580 | BCE 0.327316 | FTC 1.685423 | Total 2.012738
Task flag set to 0: 36/36 wrappers
Task flag set to 1: 36/36 wrappers
Epoch 4/5 | Batch 1581/2000 | Step 7581 | BCE 0.437387 | FTC 1.522293 | Total 1.959680
Task flag set to 0: 36/36 wrappers
Task flag set to 1: 36/36 wrappers
Epoch 4/5 | Batch 1582/2000 | Step 7582 | BCE 0.583165 | FTC 1.857316 | Total 2.440480
Task flag set to 0: 36/36 wrappers
Task flag set to 1: 36/36 wrappers
Epoch 4/5 | Batch 1583/2000 | Step 7583 | BCE 0.301555 | FTC 1.557193 | Total 1.858748
Task flag set to 0: 36/36 wrappers
Task flag set to 1: 36/36 wrappers
Epoch 4/5 | Batch 1584/2000 | Step 7584 | BCE 0.239654 | FTC 1.767891 | Total 2.007545
Task flag set to 0: 36/36 wrappers
Task flag set to 1: 36/36 wrappers
Epoch 4/5 | Batch 1585/2000 | Step 7585 | BCE 0.743924 | FTC 1.948128 | Total 2.692052
Task flag set to 0: 36/36 wrappers
Task flag set to 1: 36/36 wrappers
Epoch 4/5 | Batch 1586/2000 | Step 7586 | BCE 1.508379 | FTC 1.794080 | Total 3.302459
Task flag set to 0: 36/36 wrappers
Task flag set to 1: 36/36 wrappers
Epoch 4/5 | Batch 1587/2000 | Step 7587 | BCE 0.699575 | FTC 1.769393 | Total 2.468968
Task flag set to 0: 36/36 wrappers
Task flag set to 1: 36/36 wrappers
Epoch 4/5 | Batch 1588/2000 | Step 7588 | BCE 0.055582 | FTC 1.461262 | Total 1.516844
Task flag set to 0: 36/36 wrappers
Task flag set to 1: 36/36 wrappers
Epoch 4/5 | Batch 1589/2000 | Step 7589 | BCE 0.239701 | FTC 1.220290 | Total 1.459991
Task flag set to 0: 36/36 wrappers
Task flag set to 1: 36/36 wrappers
Epoch 4/5 | Batch 1590/2000 | Step 7590 | BCE 0.146049 | FTC 1.531983 | Total 1.678032
Task flag set to 0: 36/36 wrappers
Task flag set to 1: 36/36 wrappers
Epoch 4/5 | Batch 1591/2000 | Step 7591 | BCE 0.636381 | FTC 1.445046 | Total 2.081428
Task flag set to 0: 36/36 wrappers
Task flag set to 1: 36/36 wrappers
Epoch 4/5 | Batch 1592/2000 | Step 7592 | BCE 0.466530 | FTC 1.446648 | Total 1.913178
Task flag set to 0: 36/36 wrappers
Task flag set to 1: 36/36 wrappers
Epoch 4/5 | Batch 1593/2000 | Step 7593 | BCE 0.210408 | FTC 1.885319 | Total 2.095726
Task flag set to 0: 36/36 wrappers
Task flag set to 1: 36/36 wrappers
Epoch 4/5 | Batch 1594/2000 | Step 7594 | BCE 0.704799 | FTC 1.246265 | Total 1.951064
Task flag set to 0: 36/36 wrappers
Task flag set to 1: 36/36 wrappers
Epoch 4/5 | Batch 1595/2000 | Step 7595 | BCE 0.281160 | FTC 1.853609 | Total 2.134769
Task flag set to 0: 36/36 wrappers
Task flag set to 1: 36/36 wrappers
Epoch 4/5 | Batch 1596/2000 | Step 7596 | BCE 0.587889 | FTC 1.488590 | Total 2.076479
Task flag set to 0: 36/36 wrappers
Task flag set to 1: 36/36 wrappers
Epoch 4/5 | Batch 1597/2000 | Step 7597 | BCE 0.341352 | FTC 1.894388 | Total 2.235740
Task flag set to 0: 36/36 wrappers
Task flag set to 1: 36/36 wrappers
Epoch 4/5 | Batch 1598/2000 | Step 7598 | BCE 0.014666 | FTC 1.378179 | Total 1.392845
Task flag set to 0: 36/36 wrappers
Task flag set to 1: 36/36 wrappers
Epoch 4/5 | Batch 1599/2000 | Step 7599 | BCE 0.528970 | FTC 1.200327 | Total 1.729297
Task flag set to 0: 36/36 wrappers
Task flag set to 1: 36/36 wrappers
Epoch 4/5 | Batch 1600/2000 | Step 7600 | BCE 0.363700 | FTC 1.679994 | Total 2.043694
Task flag set to 0: 36/36 wrappers
Task flag set to 1: 36/36 wrappers
Epoch 4/5 | Batch 1601/2000 | Step 7601 | BCE 0.611175 | FTC 1.619169 | Total 2.230345
Task flag set to 0: 36/36 wrappers
Task flag set to 1: 36/36 wrappers
Epoch 4/5 | Batch 1602/2000 | Step 7602 | BCE 0.067848 | FTC 1.720451 | Total 1.788299
Task flag set to 0: 36/36 wrappers
Task flag set to 1: 36/36 wrappers
Epoch 4/5 | Batch 1603/2000 | Step 7603 | BCE 0.603137 | FTC 1.194170 | Total 1.797307
Task flag set to 0: 36/36 wrappers
Task flag set to 1: 36/36 wrappers
Epoch 4/5 | Batch 1604/2000 | Step 7604 | BCE 0.855124 | FTC 1.316793 | Total 2.171917
Task flag set to 0: 36/36 wrappers
Task flag set to 1: 36/36 wrappers
Epoch 4/5 | Batch 1605/2000 | Step 7605 | BCE 2.321971 | FTC 2.162093 | Total 4.484064
Task flag set to 0: 36/36 wrappers
Task flag set to 1: 36/36 wrappers
Epoch 4/5 | Batch 1606/2000 | Step 7606 | BCE 0.223039 | FTC 0.787712 | Total 1.010751
Task flag set to 0: 36/36 wrappers
Task flag set to 1: 36/36 wrappers
Epoch 4/5 | Batch 1607/2000 | Step 7607 | BCE 0.076896 | FTC 1.584093 | Total 1.660989
Task flag set to 0: 36/36 wrappers
Task flag set to 1: 36/36 wrappers
Epoch 4/5 | Batch 1608/2000 | Step 7608 | BCE 0.244067 | FTC 1.738198 | Total 1.982265
Task flag set to 0: 36/36 wrappers
Task flag set to 1: 36/36 wrappers
Epoch 4/5 | Batch 1609/2000 | Step 7609 | BCE 0.238370 | FTC 1.717928 | Total 1.956298
Task flag set to 0: 36/36 wrappers
Task flag set to 1: 36/36 wrappers
Epoch 4/5 | Batch 1610/2000 | Step 7610 | BCE 0.551536 | FTC 1.416614 | Total 1.968150
Task flag set to 0: 36/36 wrappers
Task flag set to 1: 36/36 wrappers
Epoch 4/5 | Batch 1611/2000 | Step 7611 | BCE 0.398214 | FTC 1.959901 | Total 2.358114
Task flag set to 0: 36/36 wrappers
Task flag set to 1: 36/36 wrappers
Epoch 4/5 | Batch 1612/2000 | Step 7612 | BCE 0.366845 | FTC 1.243741 | Total 1.610585
Task flag set to 0: 36/36 wrappers
Task flag set to 1: 36/36 wrappers
Epoch 4/5 | Batch 1613/2000 | Step 7613 | BCE 0.337822 | FTC 2.164814 | Total 2.502635
Task flag set to 0: 36/36 wrappers
Task flag set to 1: 36/36 wrappers
Epoch 4/5 | Batch 1614/2000 | Step 7614 | BCE 0.301336 | FTC 1.003320 | Total 1.304656
Task flag set to 0: 36/36 wrappers
Task flag set to 1: 36/36 wrappers
Epoch 4/5 | Batch 1615/2000 | Step 7615 | BCE 0.098292 | FTC 1.365049 | Total 1.463341
Task flag set to 0: 36/36 wrappers
Task flag set to 1: 36/36 wrappers
Epoch 4/5 | Batch 1616/2000 | Step 7616 | BCE 0.200349 | FTC 1.589509 | Total 1.789858
Task flag set to 0: 36/36 wrappers
Task flag set to 1: 36/36 wrappers
Epoch 4/5 | Batch 1617/2000 | Step 7617 | BCE 0.509239 | FTC 1.457355 | Total 1.966594
Task flag set to 0: 36/36 wrappers
Task flag set to 1: 36/36 wrappers
Epoch 4/5 | Batch 1618/2000 | Step 7618 | BCE 0.253321 | FTC 1.919994 | Total 2.173314
Task flag set to 0: 36/36 wrappers
Task flag set to 1: 36/36 wrappers
Epoch 4/5 | Batch 1619/2000 | Step 7619 | BCE 0.519489 | FTC 1.260318 | Total 1.779806
Task flag set to 0: 36/36 wrappers
Task flag set to 1: 36/36 wrappers
Epoch 4/5 | Batch 1620/2000 | Step 7620 | BCE 0.774135 | FTC 1.623167 | Total 2.397301
Task flag set to 0: 36/36 wrappers
Task flag set to 1: 36/36 wrappers
Epoch 4/5 | Batch 1621/2000 | Step 7621 | BCE 0.772983 | FTC 1.207840 | Total 1.980823
Task flag set to 0: 36/36 wrappers
Task flag set to 1: 36/36 wrappers
Epoch 4/5 | Batch 1622/2000 | Step 7622 | BCE 0.163770 | FTC 1.475051 | Total 1.638821
Task flag set to 0: 36/36 wrappers
Task flag set to 1: 36/36 wrappers
Epoch 4/5 | Batch 1623/2000 | Step 7623 | BCE 0.035107 | FTC 1.899989 | Total 1.935096
Task flag set to 0: 36/36 wrappers
Task flag set to 1: 36/36 wrappers
Epoch 4/5 | Batch 1624/2000 | Step 7624 | BCE 0.119724 | FTC 0.780359 | Total 0.900082
Task flag set to 0: 36/36 wrappers
Task flag set to 1: 36/36 wrappers
Epoch 4/5 | Batch 1625/2000 | Step 7625 | BCE 0.648411 | FTC 1.553730 | Total 2.202141
Task flag set to 0: 36/36 wrappers
Task flag set to 1: 36/36 wrappers
Epoch 4/5 | Batch 1626/2000 | Step 7626 | BCE 0.242380 | FTC 1.399104 | Total 1.641484
Task flag set to 0: 36/36 wrappers
Task flag set to 1: 36/36 wrappers
Epoch 4/5 | Batch 1627/2000 | Step 7627 | BCE 0.486266 | FTC 2.082604 | Total 2.568870
Task flag set to 0: 36/36 wrappers
Task flag set to 1: 36/36 wrappers
Epoch 4/5 | Batch 1628/2000 | Step 7628 | BCE 0.186100 | FTC 1.214943 | Total 1.401043
Task flag set to 0: 36/36 wrappers
Task flag set to 1: 36/36 wrappers
Epoch 4/5 | Batch 1629/2000 | Step 7629 | BCE 0.203385 | FTC 1.538026 | Total 1.741411
Task flag set to 0: 36/36 wrappers
Task flag set to 1: 36/36 wrappers
Epoch 4/5 | Batch 1630/2000 | Step 7630 | BCE 0.195578 | FTC 1.882880 | Total 2.078458
Task flag set to 0: 36/36 wrappers
Task flag set to 1: 36/36 wrappers
Epoch 4/5 | Batch 1631/2000 | Step 7631 | BCE 0.468420 | FTC 0.834827 | Total 1.303247
Task flag set to 0: 36/36 wrappers
Task flag set to 1: 36/36 wrappers
Epoch 4/5 | Batch 1632/2000 | Step 7632 | BCE 0.071705 | FTC 1.887609 | Total 1.959314
Task flag set to 0: 36/36 wrappers
Task flag set to 1: 36/36 wrappers
Epoch 4/5 | Batch 1633/2000 | Step 7633 | BCE 0.134808 | FTC 1.488963 | Total 1.623772
Task flag set to 0: 36/36 wrappers
Task flag set to 1: 36/36 wrappers
Epoch 4/5 | Batch 1634/2000 | Step 7634 | BCE 0.277001 | FTC 1.298208 | Total 1.575210
Task flag set to 0: 36/36 wrappers
Task flag set to 1: 36/36 wrappers
Epoch 4/5 | Batch 1635/2000 | Step 7635 | BCE 0.585982 | FTC 1.304163 | Total 1.890145
Task flag set to 0: 36/36 wrappers
Task flag set to 1: 36/36 wrappers
Epoch 4/5 | Batch 1636/2000 | Step 7636 | BCE 1.162491 | FTC 1.801111 | Total 2.963602
Task flag set to 0: 36/36 wrappers
Task flag set to 1: 36/36 wrappers
Epoch 4/5 | Batch 1637/2000 | Step 7637 | BCE 0.545122 | FTC 1.526435 | Total 2.071557
Task flag set to 0: 36/36 wrappers
Task flag set to 1: 36/36 wrappers
Epoch 4/5 | Batch 1638/2000 | Step 7638 | BCE 0.211532 | FTC 2.159331 | Total 2.370863
Task flag set to 0: 36/36 wrappers
Task flag set to 1: 36/36 wrappers
Epoch 4/5 | Batch 1639/2000 | Step 7639 | BCE 0.326521 | FTC 1.214202 | Total 1.540723
Task flag set to 0: 36/36 wrappers
Task flag set to 1: 36/36 wrappers
Epoch 4/5 | Batch 1640/2000 | Step 7640 | BCE 0.134072 | FTC 1.860545 | Total 1.994617
Task flag set to 0: 36/36 wrappers
Task flag set to 1: 36/36 wrappers
Epoch 4/5 | Batch 1641/2000 | Step 7641 | BCE 0.297917 | FTC 1.023322 | Total 1.321239
Task flag set to 0: 36/36 wrappers
Task flag set to 1: 36/36 wrappers
Epoch 4/5 | Batch 1642/2000 | Step 7642 | BCE 0.715358 | FTC 1.315535 | Total 2.030893
Task flag set to 0: 36/36 wrappers
Task flag set to 1: 36/36 wrappers
Epoch 4/5 | Batch 1643/2000 | Step 7643 | BCE 0.077849 | FTC 1.640913 | Total 1.718762
Task flag set to 0: 36/36 wrappers
Task flag set to 1: 36/36 wrappers
Epoch 4/5 | Batch 1644/2000 | Step 7644 | BCE 0.447228 | FTC 1.834432 | Total 2.281660
Task flag set to 0: 36/36 wrappers
Task flag set to 1: 36/36 wrappers
Epoch 4/5 | Batch 1645/2000 | Step 7645 | BCE 0.447186 | FTC 1.768893 | Total 2.216079
Task flag set to 0: 36/36 wrappers
Task flag set to 1: 36/36 wrappers
Epoch 4/5 | Batch 1646/2000 | Step 7646 | BCE 0.569481 | FTC 1.618912 | Total 2.188393
Task flag set to 0: 36/36 wrappers
Task flag set to 1: 36/36 wrappers
Epoch 4/5 | Batch 1647/2000 | Step 7647 | BCE 0.504645 | FTC 1.576977 | Total 2.081623
Task flag set to 0: 36/36 wrappers
Task flag set to 1: 36/36 wrappers
Epoch 4/5 | Batch 1648/2000 | Step 7648 | BCE 0.087672 | FTC 1.666905 | Total 1.754577
Task flag set to 0: 36/36 wrappers
Task flag set to 1: 36/36 wrappers
Epoch 4/5 | Batch 1649/2000 | Step 7649 | BCE 0.213954 | FTC 1.877854 | Total 2.091808
Task flag set to 0: 36/36 wrappers
Task flag set to 1: 36/36 wrappers
Epoch 4/5 | Batch 1650/2000 | Step 7650 | BCE 0.519104 | FTC 1.154062 | Total 1.673166
Task flag set to 0: 36/36 wrappers
Task flag set to 1: 36/36 wrappers
Epoch 4/5 | Batch 1651/2000 | Step 7651 | BCE 0.254419 | FTC 1.329850 | Total 1.584269
Task flag set to 0: 36/36 wrappers
Task flag set to 1: 36/36 wrappers
Epoch 4/5 | Batch 1652/2000 | Step 7652 | BCE 0.436637 | FTC 1.340530 | Total 1.777167
Task flag set to 0: 36/36 wrappers
Task flag set to 1: 36/36 wrappers
Epoch 4/5 | Batch 1653/2000 | Step 7653 | BCE 0.141913 | FTC 1.375998 | Total 1.517911
Task flag set to 0: 36/36 wrappers
Task flag set to 1: 36/36 wrappers
Epoch 4/5 | Batch 1654/2000 | Step 7654 | BCE 0.044396 | FTC 1.273706 | Total 1.318102
Task flag set to 0: 36/36 wrappers
Task flag set to 1: 36/36 wrappers
Epoch 4/5 | Batch 1655/2000 | Step 7655 | BCE 0.952449 | FTC 1.237669 | Total 2.190118
Task flag set to 0: 36/36 wrappers
Task flag set to 1: 36/36 wrappers
Epoch 4/5 | Batch 1656/2000 | Step 7656 | BCE 0.110549 | FTC 1.422788 | Total 1.533337
Task flag set to 0: 36/36 wrappers
Task flag set to 1: 36/36 wrappers
Epoch 4/5 | Batch 1657/2000 | Step 7657 | BCE 0.290218 | FTC 0.841475 | Total 1.131693
Task flag set to 0: 36/36 wrappers
Task flag set to 1: 36/36 wrappers
Epoch 4/5 | Batch 1658/2000 | Step 7658 | BCE 0.139252 | FTC 1.735396 | Total 1.874648
Task flag set to 0: 36/36 wrappers
Task flag set to 1: 36/36 wrappers
Epoch 4/5 | Batch 1659/2000 | Step 7659 | BCE 0.224074 | FTC 1.448345 | Total 1.672419
Task flag set to 0: 36/36 wrappers
Task flag set to 1: 36/36 wrappers
Epoch 4/5 | Batch 1660/2000 | Step 7660 | BCE 0.121477 | FTC 1.614247 | Total 1.735724
Task flag set to 0: 36/36 wrappers
Task flag set to 1: 36/36 wrappers
Epoch 4/5 | Batch 1661/2000 | Step 7661 | BCE 0.022674 | FTC 1.416046 | Total 1.438720
Task flag set to 0: 36/36 wrappers
Task flag set to 1: 36/36 wrappers
Epoch 4/5 | Batch 1662/2000 | Step 7662 | BCE 1.073651 | FTC 1.876596 | Total 2.950247
Task flag set to 0: 36/36 wrappers
Task flag set to 1: 36/36 wrappers
Epoch 4/5 | Batch 1663/2000 | Step 7663 | BCE 0.465026 | FTC 1.249997 | Total 1.715023
Task flag set to 0: 36/36 wrappers
Task flag set to 1: 36/36 wrappers
Epoch 4/5 | Batch 1664/2000 | Step 7664 | BCE 0.412113 | FTC 1.361476 | Total 1.773589
Task flag set to 0: 36/36 wrappers
Task flag set to 1: 36/36 wrappers
Epoch 4/5 | Batch 1665/2000 | Step 7665 | BCE 0.182109 | FTC 1.778116 | Total 1.960225
Task flag set to 0: 36/36 wrappers
Task flag set to 1: 36/36 wrappers
Epoch 4/5 | Batch 1666/2000 | Step 7666 | BCE 0.201687 | FTC 1.963276 | Total 2.164963
Task flag set to 0: 36/36 wrappers
Task flag set to 1: 36/36 wrappers
Epoch 4/5 | Batch 1667/2000 | Step 7667 | BCE 0.152383 | FTC 1.955256 | Total 2.107639
Task flag set to 0: 36/36 wrappers
Task flag set to 1: 36/36 wrappers
Epoch 4/5 | Batch 1668/2000 | Step 7668 | BCE 0.897509 | FTC 1.566222 | Total 2.463731
Task flag set to 0: 36/36 wrappers
Task flag set to 1: 36/36 wrappers
Epoch 4/5 | Batch 1669/2000 | Step 7669 | BCE 0.148593 | FTC 1.800431 | Total 1.949024
Task flag set to 0: 36/36 wrappers
Task flag set to 1: 36/36 wrappers
Epoch 4/5 | Batch 1670/2000 | Step 7670 | BCE 1.079034 | FTC 1.812871 | Total 2.891905
Task flag set to 0: 36/36 wrappers
Task flag set to 1: 36/36 wrappers
Epoch 4/5 | Batch 1671/2000 | Step 7671 | BCE 0.722846 | FTC 1.304683 | Total 2.027529
Task flag set to 0: 36/36 wrappers
Task flag set to 1: 36/36 wrappers
Epoch 4/5 | Batch 1672/2000 | Step 7672 | BCE 0.846032 | FTC 0.860075 | Total 1.706108
Task flag set to 0: 36/36 wrappers
Task flag set to 1: 36/36 wrappers
Epoch 4/5 | Batch 1673/2000 | Step 7673 | BCE 0.292238 | FTC 1.684068 | Total 1.976305
Task flag set to 0: 36/36 wrappers
Task flag set to 1: 36/36 wrappers
Epoch 4/5 | Batch 1674/2000 | Step 7674 | BCE 0.846017 | FTC 1.119548 | Total 1.965565
Task flag set to 0: 36/36 wrappers
Task flag set to 1: 36/36 wrappers
Epoch 4/5 | Batch 1675/2000 | Step 7675 | BCE 0.327227 | FTC 1.247036 | Total 1.574263
Task flag set to 0: 36/36 wrappers
Task flag set to 1: 36/36 wrappers
Epoch 4/5 | Batch 1676/2000 | Step 7676 | BCE 0.439761 | FTC 1.505057 | Total 1.944819
Task flag set to 0: 36/36 wrappers
Task flag set to 1: 36/36 wrappers
Epoch 4/5 | Batch 1677/2000 | Step 7677 | BCE 0.327117 | FTC 1.828126 | Total 2.155243
Task flag set to 0: 36/36 wrappers
Task flag set to 1: 36/36 wrappers
Epoch 4/5 | Batch 1678/2000 | Step 7678 | BCE 0.035699 | FTC 1.826533 | Total 1.862232
Task flag set to 0: 36/36 wrappers
Task flag set to 1: 36/36 wrappers
Epoch 4/5 | Batch 1679/2000 | Step 7679 | BCE 0.190806 | FTC 1.185329 | Total 1.376135
Task flag set to 0: 36/36 wrappers
Task flag set to 1: 36/36 wrappers
Epoch 4/5 | Batch 1680/2000 | Step 7680 | BCE 0.116338 | FTC 1.646923 | Total 1.763261
Task flag set to 0: 36/36 wrappers
Task flag set to 1: 36/36 wrappers
Epoch 4/5 | Batch 1681/2000 | Step 7681 | BCE 0.532755 | FTC 2.046940 | Total 2.579695
Task flag set to 0: 36/36 wrappers
Task flag set to 1: 36/36 wrappers
Epoch 4/5 | Batch 1682/2000 | Step 7682 | BCE 0.392111 | FTC 2.092402 | Total 2.484513
Task flag set to 0: 36/36 wrappers
Task flag set to 1: 36/36 wrappers
Epoch 4/5 | Batch 1683/2000 | Step 7683 | BCE 0.306450 | FTC 1.697103 | Total 2.003553
Task flag set to 0: 36/36 wrappers
Task flag set to 1: 36/36 wrappers
Epoch 4/5 | Batch 1684/2000 | Step 7684 | BCE 0.407205 | FTC 0.873874 | Total 1.281079
Task flag set to 0: 36/36 wrappers
Task flag set to 1: 36/36 wrappers
Epoch 4/5 | Batch 1685/2000 | Step 7685 | BCE 0.139291 | FTC 1.411044 | Total 1.550336
Task flag set to 0: 36/36 wrappers
Task flag set to 1: 36/36 wrappers
Epoch 4/5 | Batch 1686/2000 | Step 7686 | BCE 0.263959 | FTC 1.272862 | Total 1.536821
Task flag set to 0: 36/36 wrappers
Task flag set to 1: 36/36 wrappers
Epoch 4/5 | Batch 1687/2000 | Step 7687 | BCE 0.051568 | FTC 1.633571 | Total 1.685139
Task flag set to 0: 36/36 wrappers
Task flag set to 1: 36/36 wrappers
Epoch 4/5 | Batch 1688/2000 | Step 7688 | BCE 0.321583 | FTC 1.854305 | Total 2.175888
Task flag set to 0: 36/36 wrappers
Task flag set to 1: 36/36 wrappers
Epoch 4/5 | Batch 1689/2000 | Step 7689 | BCE 0.197009 | FTC 1.477346 | Total 1.674355
Task flag set to 0: 36/36 wrappers
Task flag set to 1: 36/36 wrappers
Epoch 4/5 | Batch 1690/2000 | Step 7690 | BCE 0.217668 | FTC 1.773959 | Total 1.991627
Task flag set to 0: 36/36 wrappers
Task flag set to 1: 36/36 wrappers
Epoch 4/5 | Batch 1691/2000 | Step 7691 | BCE 0.444445 | FTC 1.306888 | Total 1.751333
Task flag set to 0: 36/36 wrappers
Task flag set to 1: 36/36 wrappers
Epoch 4/5 | Batch 1692/2000 | Step 7692 | BCE 0.216030 | FTC 1.732565 | Total 1.948595
Task flag set to 0: 36/36 wrappers
Task flag set to 1: 36/36 wrappers
Epoch 4/5 | Batch 1693/2000 | Step 7693 | BCE 0.181519 | FTC 1.790368 | Total 1.971887
Task flag set to 0: 36/36 wrappers
Task flag set to 1: 36/36 wrappers
Epoch 4/5 | Batch 1694/2000 | Step 7694 | BCE 0.029024 | FTC 1.458370 | Total 1.487394
Task flag set to 0: 36/36 wrappers
Task flag set to 1: 36/36 wrappers
Epoch 4/5 | Batch 1695/2000 | Step 7695 | BCE 0.040042 | FTC 1.569890 | Total 1.609932
Task flag set to 0: 36/36 wrappers
Task flag set to 1: 36/36 wrappers
Epoch 4/5 | Batch 1696/2000 | Step 7696 | BCE 0.070854 | FTC 1.353914 | Total 1.424768
Task flag set to 0: 36/36 wrappers
Task flag set to 1: 36/36 wrappers
Epoch 4/5 | Batch 1697/2000 | Step 7697 | BCE 0.339060 | FTC 1.557599 | Total 1.896659
Task flag set to 0: 36/36 wrappers
Task flag set to 1: 36/36 wrappers
Epoch 4/5 | Batch 1698/2000 | Step 7698 | BCE 0.116345 | FTC 1.457904 | Total 1.574249
Task flag set to 0: 36/36 wrappers
Task flag set to 1: 36/36 wrappers
Epoch 4/5 | Batch 1699/2000 | Step 7699 | BCE 0.152868 | FTC 1.499634 | Total 1.652501
Task flag set to 0: 36/36 wrappers
Task flag set to 1: 36/36 wrappers
Epoch 4/5 | Batch 1700/2000 | Step 7700 | BCE 1.573421 | FTC 1.703457 | Total 3.276878
Task flag set to 0: 36/36 wrappers
Task flag set to 1: 36/36 wrappers
Epoch 4/5 | Batch 1701/2000 | Step 7701 | BCE 1.180951 | FTC 1.755775 | Total 2.936727
Task flag set to 0: 36/36 wrappers
Task flag set to 1: 36/36 wrappers
Epoch 4/5 | Batch 1702/2000 | Step 7702 | BCE 0.053924 | FTC 1.779273 | Total 1.833196
Task flag set to 0: 36/36 wrappers
Task flag set to 1: 36/36 wrappers
Epoch 4/5 | Batch 1703/2000 | Step 7703 | BCE 0.076239 | FTC 1.584041 | Total 1.660280
Task flag set to 0: 36/36 wrappers
Task flag set to 1: 36/36 wrappers
Epoch 4/5 | Batch 1704/2000 | Step 7704 | BCE 0.224633 | FTC 1.435326 | Total 1.659959
Task flag set to 0: 36/36 wrappers
Task flag set to 1: 36/36 wrappers
Epoch 4/5 | Batch 1705/2000 | Step 7705 | BCE 0.783491 | FTC 1.424875 | Total 2.208366
Task flag set to 0: 36/36 wrappers
Task flag set to 1: 36/36 wrappers
Epoch 4/5 | Batch 1706/2000 | Step 7706 | BCE 0.311350 | FTC 1.995121 | Total 2.306471
Task flag set to 0: 36/36 wrappers
Task flag set to 1: 36/36 wrappers
Epoch 4/5 | Batch 1707/2000 | Step 7707 | BCE 0.109100 | FTC 1.632034 | Total 1.741134
Task flag set to 0: 36/36 wrappers
Task flag set to 1: 36/36 wrappers
Epoch 4/5 | Batch 1708/2000 | Step 7708 | BCE 0.116070 | FTC 1.357801 | Total 1.473871
Task flag set to 0: 36/36 wrappers
Task flag set to 1: 36/36 wrappers
Epoch 4/5 | Batch 1709/2000 | Step 7709 | BCE 0.738690 | FTC 1.624868 | Total 2.363558
Task flag set to 0: 36/36 wrappers
Task flag set to 1: 36/36 wrappers
Epoch 4/5 | Batch 1710/2000 | Step 7710 | BCE 0.126324 | FTC 1.643625 | Total 1.769949
Task flag set to 0: 36/36 wrappers
Task flag set to 1: 36/36 wrappers
Epoch 4/5 | Batch 1711/2000 | Step 7711 | BCE 0.691750 | FTC 1.698817 | Total 2.390566
Task flag set to 0: 36/36 wrappers
Task flag set to 1: 36/36 wrappers
Epoch 4/5 | Batch 1712/2000 | Step 7712 | BCE 0.057677 | FTC 1.590282 | Total 1.647959
Task flag set to 0: 36/36 wrappers
Task flag set to 1: 36/36 wrappers
Epoch 4/5 | Batch 1713/2000 | Step 7713 | BCE 0.123084 | FTC 1.565632 | Total 1.688716
Task flag set to 0: 36/36 wrappers
Task flag set to 1: 36/36 wrappers
Epoch 4/5 | Batch 1714/2000 | Step 7714 | BCE 0.993007 | FTC 1.692881 | Total 2.685888
Task flag set to 0: 36/36 wrappers
Task flag set to 1: 36/36 wrappers
Epoch 4/5 | Batch 1715/2000 | Step 7715 | BCE 0.029582 | FTC 1.420911 | Total 1.450493
Task flag set to 0: 36/36 wrappers
Task flag set to 1: 36/36 wrappers
Epoch 4/5 | Batch 1716/2000 | Step 7716 | BCE 0.214716 | FTC 1.974048 | Total 2.188763
Task flag set to 0: 36/36 wrappers
Task flag set to 1: 36/36 wrappers
Epoch 4/5 | Batch 1717/2000 | Step 7717 | BCE 0.510909 | FTC 1.527503 | Total 2.038411
Task flag set to 0: 36/36 wrappers
Task flag set to 1: 36/36 wrappers
Epoch 4/5 | Batch 1718/2000 | Step 7718 | BCE 0.097755 | FTC 1.585442 | Total 1.683197
Task flag set to 0: 36/36 wrappers
Task flag set to 1: 36/36 wrappers
Epoch 4/5 | Batch 1719/2000 | Step 7719 | BCE 0.166964 | FTC 1.774341 | Total 1.941306
Task flag set to 0: 36/36 wrappers
Task flag set to 1: 36/36 wrappers
Epoch 4/5 | Batch 1720/2000 | Step 7720 | BCE 0.397304 | FTC 1.132275 | Total 1.529579
Task flag set to 0: 36/36 wrappers
Task flag set to 1: 36/36 wrappers
Epoch 4/5 | Batch 1721/2000 | Step 7721 | BCE 0.598176 | FTC 1.710710 | Total 2.308886
Task flag set to 0: 36/36 wrappers
Task flag set to 1: 36/36 wrappers
Epoch 4/5 | Batch 1722/2000 | Step 7722 | BCE 0.476633 | FTC 1.573901 | Total 2.050534
Task flag set to 0: 36/36 wrappers
Task flag set to 1: 36/36 wrappers
Epoch 4/5 | Batch 1723/2000 | Step 7723 | BCE 0.434735 | FTC 1.239834 | Total 1.674569
Task flag set to 0: 36/36 wrappers
Task flag set to 1: 36/36 wrappers
Epoch 4/5 | Batch 1724/2000 | Step 7724 | BCE 0.576189 | FTC 1.423300 | Total 1.999489
Task flag set to 0: 36/36 wrappers
Task flag set to 1: 36/36 wrappers
Epoch 4/5 | Batch 1725/2000 | Step 7725 | BCE 0.613652 | FTC 1.373699 | Total 1.987351
Task flag set to 0: 36/36 wrappers
Task flag set to 1: 36/36 wrappers
Epoch 4/5 | Batch 1726/2000 | Step 7726 | BCE 0.184591 | FTC 1.571616 | Total 1.756207
Task flag set to 0: 36/36 wrappers
Task flag set to 1: 36/36 wrappers
Epoch 4/5 | Batch 1727/2000 | Step 7727 | BCE 0.756317 | FTC 1.531232 | Total 2.287549
Task flag set to 0: 36/36 wrappers
Task flag set to 1: 36/36 wrappers
Epoch 4/5 | Batch 1728/2000 | Step 7728 | BCE 0.308356 | FTC 1.646865 | Total 1.955222
Task flag set to 0: 36/36 wrappers
Task flag set to 1: 36/36 wrappers
Epoch 4/5 | Batch 1729/2000 | Step 7729 | BCE 0.823230 | FTC 1.692431 | Total 2.515661
Task flag set to 0: 36/36 wrappers
Task flag set to 1: 36/36 wrappers
Epoch 4/5 | Batch 1730/2000 | Step 7730 | BCE 0.585844 | FTC 1.482380 | Total 2.068224
Task flag set to 0: 36/36 wrappers
Task flag set to 1: 36/36 wrappers
Epoch 4/5 | Batch 1731/2000 | Step 7731 | BCE 0.025178 | FTC 1.441653 | Total 1.466831
Task flag set to 0: 36/36 wrappers
Task flag set to 1: 36/36 wrappers
Epoch 4/5 | Batch 1732/2000 | Step 7732 | BCE 0.230898 | FTC 1.650954 | Total 1.881853
Task flag set to 0: 36/36 wrappers
Task flag set to 1: 36/36 wrappers
Epoch 4/5 | Batch 1733/2000 | Step 7733 | BCE 0.069464 | FTC 1.458968 | Total 1.528432
Task flag set to 0: 36/36 wrappers
Task flag set to 1: 36/36 wrappers
Epoch 4/5 | Batch 1734/2000 | Step 7734 | BCE 1.371725 | FTC 2.208246 | Total 3.579971
Task flag set to 0: 36/36 wrappers
Task flag set to 1: 36/36 wrappers
Epoch 4/5 | Batch 1735/2000 | Step 7735 | BCE 0.092226 | FTC 1.333815 | Total 1.426041
Task flag set to 0: 36/36 wrappers
Task flag set to 1: 36/36 wrappers
Epoch 4/5 | Batch 1736/2000 | Step 7736 | BCE 0.123882 | FTC 1.020120 | Total 1.144001
Task flag set to 0: 36/36 wrappers
Task flag set to 1: 36/36 wrappers
Epoch 4/5 | Batch 1737/2000 | Step 7737 | BCE 0.078792 | FTC 1.642205 | Total 1.720998
Task flag set to 0: 36/36 wrappers
Task flag set to 1: 36/36 wrappers
Epoch 4/5 | Batch 1738/2000 | Step 7738 | BCE 0.046566 | FTC 1.464287 | Total 1.510853
Task flag set to 0: 36/36 wrappers
Task flag set to 1: 36/36 wrappers
Epoch 4/5 | Batch 1739/2000 | Step 7739 | BCE 0.190309 | FTC 1.701479 | Total 1.891788
Task flag set to 0: 36/36 wrappers
Task flag set to 1: 36/36 wrappers
Epoch 4/5 | Batch 1740/2000 | Step 7740 | BCE 0.023776 | FTC 1.660031 | Total 1.683807
Task flag set to 0: 36/36 wrappers
Task flag set to 1: 36/36 wrappers
Epoch 4/5 | Batch 1741/2000 | Step 7741 | BCE 0.095604 | FTC 1.684088 | Total 1.779692
Task flag set to 0: 36/36 wrappers
Task flag set to 1: 36/36 wrappers
Epoch 4/5 | Batch 1742/2000 | Step 7742 | BCE 0.075517 | FTC 1.462570 | Total 1.538087
Task flag set to 0: 36/36 wrappers
Task flag set to 1: 36/36 wrappers
Epoch 4/5 | Batch 1743/2000 | Step 7743 | BCE 1.027993 | FTC 1.590574 | Total 2.618567
Task flag set to 0: 36/36 wrappers
Task flag set to 1: 36/36 wrappers
Epoch 4/5 | Batch 1744/2000 | Step 7744 | BCE 0.114503 | FTC 1.525046 | Total 1.639549
Task flag set to 0: 36/36 wrappers
Task flag set to 1: 36/36 wrappers
Epoch 4/5 | Batch 1745/2000 | Step 7745 | BCE 0.685798 | FTC 1.412984 | Total 2.098782
Task flag set to 0: 36/36 wrappers
Task flag set to 1: 36/36 wrappers
Epoch 4/5 | Batch 1746/2000 | Step 7746 | BCE 0.549541 | FTC 1.160116 | Total 1.709656
Task flag set to 0: 36/36 wrappers
Task flag set to 1: 36/36 wrappers
Epoch 4/5 | Batch 1747/2000 | Step 7747 | BCE 0.176006 | FTC 1.805680 | Total 1.981686
Task flag set to 0: 36/36 wrappers
Task flag set to 1: 36/36 wrappers
Epoch 4/5 | Batch 1748/2000 | Step 7748 | BCE 0.041428 | FTC 1.410838 | Total 1.452266
Task flag set to 0: 36/36 wrappers
Task flag set to 1: 36/36 wrappers
Epoch 4/5 | Batch 1749/2000 | Step 7749 | BCE 0.021684 | FTC 1.639407 | Total 1.661091
Task flag set to 0: 36/36 wrappers
Task flag set to 1: 36/36 wrappers
Epoch 4/5 | Batch 1750/2000 | Step 7750 | BCE 0.213085 | FTC 1.737405 | Total 1.950490
Task flag set to 0: 36/36 wrappers
Task flag set to 1: 36/36 wrappers
Epoch 4/5 | Batch 1751/2000 | Step 7751 | BCE 0.842015 | FTC 1.776135 | Total 2.618150
Task flag set to 0: 36/36 wrappers
Task flag set to 1: 36/36 wrappers
Epoch 4/5 | Batch 1752/2000 | Step 7752 | BCE 0.304353 | FTC 1.030042 | Total 1.334395
Task flag set to 0: 36/36 wrappers
Task flag set to 1: 36/36 wrappers
Epoch 4/5 | Batch 1753/2000 | Step 7753 | BCE 0.545297 | FTC 1.144632 | Total 1.689929
Task flag set to 0: 36/36 wrappers
Task flag set to 1: 36/36 wrappers
Epoch 4/5 | Batch 1754/2000 | Step 7754 | BCE 0.129618 | FTC 1.500790 | Total 1.630408
Task flag set to 0: 36/36 wrappers
Task flag set to 1: 36/36 wrappers
Epoch 4/5 | Batch 1755/2000 | Step 7755 | BCE 0.060526 | FTC 1.379433 | Total 1.439960
Task flag set to 0: 36/36 wrappers
Task flag set to 1: 36/36 wrappers
Epoch 4/5 | Batch 1756/2000 | Step 7756 | BCE 0.495550 | FTC 1.339464 | Total 1.835014
Task flag set to 0: 36/36 wrappers
Task flag set to 1: 36/36 wrappers
Epoch 4/5 | Batch 1757/2000 | Step 7757 | BCE 0.647517 | FTC 1.416755 | Total 2.064272
Task flag set to 0: 36/36 wrappers
Task flag set to 1: 36/36 wrappers
Epoch 4/5 | Batch 1758/2000 | Step 7758 | BCE 0.236442 | FTC 0.997078 | Total 1.233520
Task flag set to 0: 36/36 wrappers
Task flag set to 1: 36/36 wrappers
Epoch 4/5 | Batch 1759/2000 | Step 7759 | BCE 0.076496 | FTC 1.540537 | Total 1.617033
Task flag set to 0: 36/36 wrappers
Task flag set to 1: 36/36 wrappers
Epoch 4/5 | Batch 1760/2000 | Step 7760 | BCE 0.074316 | FTC 1.563609 | Total 1.637925
Task flag set to 0: 36/36 wrappers
Task flag set to 1: 36/36 wrappers
Epoch 4/5 | Batch 1761/2000 | Step 7761 | BCE 0.071752 | FTC 1.058671 | Total 1.130423
Task flag set to 0: 36/36 wrappers
Task flag set to 1: 36/36 wrappers
Epoch 4/5 | Batch 1762/2000 | Step 7762 | BCE 0.390442 | FTC 2.032992 | Total 2.423434
Task flag set to 0: 36/36 wrappers
Task flag set to 1: 36/36 wrappers
Epoch 4/5 | Batch 1763/2000 | Step 7763 | BCE 1.032638 | FTC 1.391753 | Total 2.424391
Task flag set to 0: 36/36 wrappers
Task flag set to 1: 36/36 wrappers
Epoch 4/5 | Batch 1764/2000 | Step 7764 | BCE 0.051925 | FTC 1.610783 | Total 1.662709
Task flag set to 0: 36/36 wrappers
Task flag set to 1: 36/36 wrappers
Epoch 4/5 | Batch 1765/2000 | Step 7765 | BCE 0.465049 | FTC 1.217279 | Total 1.682328
Task flag set to 0: 36/36 wrappers
Task flag set to 1: 36/36 wrappers
Epoch 4/5 | Batch 1766/2000 | Step 7766 | BCE 0.227076 | FTC 1.538678 | Total 1.765754
Task flag set to 0: 36/36 wrappers
Task flag set to 1: 36/36 wrappers
Epoch 4/5 | Batch 1767/2000 | Step 7767 | BCE 0.058996 | FTC 1.320524 | Total 1.379521
Task flag set to 0: 36/36 wrappers
Task flag set to 1: 36/36 wrappers
Epoch 4/5 | Batch 1768/2000 | Step 7768 | BCE 0.749676 | FTC 1.365280 | Total 2.114955
Task flag set to 0: 36/36 wrappers
Task flag set to 1: 36/36 wrappers
Epoch 4/5 | Batch 1769/2000 | Step 7769 | BCE 0.223778 | FTC 2.239739 | Total 2.463517
Task flag set to 0: 36/36 wrappers
Task flag set to 1: 36/36 wrappers
Epoch 4/5 | Batch 1770/2000 | Step 7770 | BCE 0.821039 | FTC 2.164345 | Total 2.985385
Task flag set to 0: 36/36 wrappers
Task flag set to 1: 36/36 wrappers
Epoch 4/5 | Batch 1771/2000 | Step 7771 | BCE 0.167636 | FTC 1.685172 | Total 1.852808
Task flag set to 0: 36/36 wrappers
Task flag set to 1: 36/36 wrappers
Epoch 4/5 | Batch 1772/2000 | Step 7772 | BCE 0.859603 | FTC 1.564438 | Total 2.424041
Task flag set to 0: 36/36 wrappers
Task flag set to 1: 36/36 wrappers
Epoch 4/5 | Batch 1773/2000 | Step 7773 | BCE 0.277318 | FTC 1.123900 | Total 1.401218
Task flag set to 0: 36/36 wrappers
Task flag set to 1: 36/36 wrappers
Epoch 4/5 | Batch 1774/2000 | Step 7774 | BCE 1.547432 | FTC 1.730372 | Total 3.277804
Task flag set to 0: 36/36 wrappers
Task flag set to 1: 36/36 wrappers
Epoch 4/5 | Batch 1775/2000 | Step 7775 | BCE 0.150651 | FTC 1.541752 | Total 1.692403
Task flag set to 0: 36/36 wrappers
Task flag set to 1: 36/36 wrappers
Epoch 4/5 | Batch 1776/2000 | Step 7776 | BCE 1.314524 | FTC 1.492049 | Total 2.806572
Task flag set to 0: 36/36 wrappers
Task flag set to 1: 36/36 wrappers
Epoch 4/5 | Batch 1777/2000 | Step 7777 | BCE 0.600202 | FTC 1.369864 | Total 1.970067
Task flag set to 0: 36/36 wrappers
Task flag set to 1: 36/36 wrappers
Epoch 4/5 | Batch 1778/2000 | Step 7778 | BCE 0.163892 | FTC 1.509571 | Total 1.673463
Task flag set to 0: 36/36 wrappers
Task flag set to 1: 36/36 wrappers
Epoch 4/5 | Batch 1779/2000 | Step 7779 | BCE 0.101920 | FTC 1.868886 | Total 1.970806
Task flag set to 0: 36/36 wrappers
Task flag set to 1: 36/36 wrappers
Epoch 4/5 | Batch 1780/2000 | Step 7780 | BCE 0.569165 | FTC 1.520034 | Total 2.089199
Task flag set to 0: 36/36 wrappers
Task flag set to 1: 36/36 wrappers
Epoch 4/5 | Batch 1781/2000 | Step 7781 | BCE 0.035613 | FTC 1.696726 | Total 1.732339
Task flag set to 0: 36/36 wrappers
Task flag set to 1: 36/36 wrappers
Epoch 4/5 | Batch 1782/2000 | Step 7782 | BCE 0.530089 | FTC 1.885005 | Total 2.415094
Task flag set to 0: 36/36 wrappers
Task flag set to 1: 36/36 wrappers
Epoch 4/5 | Batch 1783/2000 | Step 7783 | BCE 0.803026 | FTC 1.665191 | Total 2.468217
Task flag set to 0: 36/36 wrappers
Task flag set to 1: 36/36 wrappers
Epoch 4/5 | Batch 1784/2000 | Step 7784 | BCE 0.052978 | FTC 1.416984 | Total 1.469962
Task flag set to 0: 36/36 wrappers
Task flag set to 1: 36/36 wrappers
Epoch 4/5 | Batch 1785/2000 | Step 7785 | BCE 0.165059 | FTC 1.421189 | Total 1.586249
Task flag set to 0: 36/36 wrappers
Task flag set to 1: 36/36 wrappers
Epoch 4/5 | Batch 1786/2000 | Step 7786 | BCE 0.030327 | FTC 1.728064 | Total 1.758391
Task flag set to 0: 36/36 wrappers
Task flag set to 1: 36/36 wrappers
Epoch 4/5 | Batch 1787/2000 | Step 7787 | BCE 0.341165 | FTC 1.841071 | Total 2.182237
Task flag set to 0: 36/36 wrappers
Task flag set to 1: 36/36 wrappers
Epoch 4/5 | Batch 1788/2000 | Step 7788 | BCE 0.112092 | FTC 1.885351 | Total 1.997444
Task flag set to 0: 36/36 wrappers
Task flag set to 1: 36/36 wrappers
Epoch 4/5 | Batch 1789/2000 | Step 7789 | BCE 0.211157 | FTC 1.510573 | Total 1.721730
Task flag set to 0: 36/36 wrappers
Task flag set to 1: 36/36 wrappers
Epoch 4/5 | Batch 1790/2000 | Step 7790 | BCE 0.169830 | FTC 1.494478 | Total 1.664308
Task flag set to 0: 36/36 wrappers
Task flag set to 1: 36/36 wrappers
Epoch 4/5 | Batch 1791/2000 | Step 7791 | BCE 0.348960 | FTC 1.500822 | Total 1.849782
Task flag set to 0: 36/36 wrappers
Task flag set to 1: 36/36 wrappers
Epoch 4/5 | Batch 1792/2000 | Step 7792 | BCE 0.245727 | FTC 1.816953 | Total 2.062680
Task flag set to 0: 36/36 wrappers
Task flag set to 1: 36/36 wrappers
Epoch 4/5 | Batch 1793/2000 | Step 7793 | BCE 0.177942 | FTC 1.888798 | Total 2.066740
Task flag set to 0: 36/36 wrappers
Task flag set to 1: 36/36 wrappers
Epoch 4/5 | Batch 1794/2000 | Step 7794 | BCE 0.180112 | FTC 1.666834 | Total 1.846946
Task flag set to 0: 36/36 wrappers
Task flag set to 1: 36/36 wrappers
Epoch 4/5 | Batch 1795/2000 | Step 7795 | BCE 0.273979 | FTC 1.758254 | Total 2.032233
Task flag set to 0: 36/36 wrappers
Task flag set to 1: 36/36 wrappers
Epoch 4/5 | Batch 1796/2000 | Step 7796 | BCE 0.594738 | FTC 1.495245 | Total 2.089983
Task flag set to 0: 36/36 wrappers
Task flag set to 1: 36/36 wrappers
Epoch 4/5 | Batch 1797/2000 | Step 7797 | BCE 0.434377 | FTC 1.421222 | Total 1.855599
Task flag set to 0: 36/36 wrappers
Task flag set to 1: 36/36 wrappers
Epoch 4/5 | Batch 1798/2000 | Step 7798 | BCE 0.027953 | FTC 1.106412 | Total 1.134365
Task flag set to 0: 36/36 wrappers
Task flag set to 1: 36/36 wrappers
Epoch 4/5 | Batch 1799/2000 | Step 7799 | BCE 0.056317 | FTC 1.597063 | Total 1.653380
Task flag set to 0: 36/36 wrappers
Task flag set to 1: 36/36 wrappers
Epoch 4/5 | Batch 1800/2000 | Step 7800 | BCE 1.521099 | FTC 2.096954 | Total 3.618053
Task flag set to 0: 36/36 wrappers
Task flag set to 1: 36/36 wrappers
Epoch 4/5 | Batch 1801/2000 | Step 7801 | BCE 0.067222 | FTC 1.677139 | Total 1.744361
Task flag set to 0: 36/36 wrappers
Task flag set to 1: 36/36 wrappers
Epoch 4/5 | Batch 1802/2000 | Step 7802 | BCE 0.097312 | FTC 1.896625 | Total 1.993937
Task flag set to 0: 36/36 wrappers
Task flag set to 1: 36/36 wrappers
Epoch 4/5 | Batch 1803/2000 | Step 7803 | BCE 0.781010 | FTC 1.789675 | Total 2.570685
Task flag set to 0: 36/36 wrappers
Task flag set to 1: 36/36 wrappers
Epoch 4/5 | Batch 1804/2000 | Step 7804 | BCE 0.039604 | FTC 1.570634 | Total 1.610238
Task flag set to 0: 36/36 wrappers
Task flag set to 1: 36/36 wrappers
Epoch 4/5 | Batch 1805/2000 | Step 7805 | BCE 0.402495 | FTC 1.831489 | Total 2.233984
Task flag set to 0: 36/36 wrappers
Task flag set to 1: 36/36 wrappers
Epoch 4/5 | Batch 1806/2000 | Step 7806 | BCE 0.139482 | FTC 1.944384 | Total 2.083865
Task flag set to 0: 36/36 wrappers
Task flag set to 1: 36/36 wrappers
Epoch 4/5 | Batch 1807/2000 | Step 7807 | BCE 1.205713 | FTC 2.150983 | Total 3.356697
Task flag set to 0: 36/36 wrappers
Task flag set to 1: 36/36 wrappers
Epoch 4/5 | Batch 1808/2000 | Step 7808 | BCE 0.536553 | FTC 1.746400 | Total 2.282953
Task flag set to 0: 36/36 wrappers
Task flag set to 1: 36/36 wrappers
Epoch 4/5 | Batch 1809/2000 | Step 7809 | BCE 0.161217 | FTC 1.642083 | Total 1.803299
Task flag set to 0: 36/36 wrappers
Task flag set to 1: 36/36 wrappers
Epoch 4/5 | Batch 1810/2000 | Step 7810 | BCE 0.453689 | FTC 1.381975 | Total 1.835664
Task flag set to 0: 36/36 wrappers
Task flag set to 1: 36/36 wrappers
Epoch 4/5 | Batch 1811/2000 | Step 7811 | BCE 1.033207 | FTC 1.792350 | Total 2.825557
Task flag set to 0: 36/36 wrappers
Task flag set to 1: 36/36 wrappers
Epoch 4/5 | Batch 1812/2000 | Step 7812 | BCE 0.610403 | FTC 1.389048 | Total 1.999451
Task flag set to 0: 36/36 wrappers
Task flag set to 1: 36/36 wrappers
Epoch 4/5 | Batch 1813/2000 | Step 7813 | BCE 0.320069 | FTC 1.760153 | Total 2.080222
Task flag set to 0: 36/36 wrappers
Task flag set to 1: 36/36 wrappers
Epoch 4/5 | Batch 1814/2000 | Step 7814 | BCE 0.114768 | FTC 1.843239 | Total 1.958007
Task flag set to 0: 36/36 wrappers
Task flag set to 1: 36/36 wrappers
Epoch 4/5 | Batch 1815/2000 | Step 7815 | BCE 0.528628 | FTC 1.408040 | Total 1.936668
Task flag set to 0: 36/36 wrappers
Task flag set to 1: 36/36 wrappers
Epoch 4/5 | Batch 1816/2000 | Step 7816 | BCE 0.107669 | FTC 1.737077 | Total 1.844747
Task flag set to 0: 36/36 wrappers
Task flag set to 1: 36/36 wrappers
Epoch 4/5 | Batch 1817/2000 | Step 7817 | BCE 0.323184 | FTC 1.460848 | Total 1.784032
Task flag set to 0: 36/36 wrappers
Task flag set to 1: 36/36 wrappers
Epoch 4/5 | Batch 1818/2000 | Step 7818 | BCE 0.439911 | FTC 1.324934 | Total 1.764845
Task flag set to 0: 36/36 wrappers
Task flag set to 1: 36/36 wrappers
Epoch 4/5 | Batch 1819/2000 | Step 7819 | BCE 0.317842 | FTC 1.722632 | Total 2.040474
Task flag set to 0: 36/36 wrappers
Task flag set to 1: 36/36 wrappers
Epoch 4/5 | Batch 1820/2000 | Step 7820 | BCE 0.404518 | FTC 1.717203 | Total 2.121721
Task flag set to 0: 36/36 wrappers
Task flag set to 1: 36/36 wrappers
Epoch 4/5 | Batch 1821/2000 | Step 7821 | BCE 0.285218 | FTC 1.622498 | Total 1.907716
Task flag set to 0: 36/36 wrappers
Task flag set to 1: 36/36 wrappers
Epoch 4/5 | Batch 1822/2000 | Step 7822 | BCE 0.249620 | FTC 1.597209 | Total 1.846829
Task flag set to 0: 36/36 wrappers
Task flag set to 1: 36/36 wrappers
Epoch 4/5 | Batch 1823/2000 | Step 7823 | BCE 0.120078 | FTC 1.356771 | Total 1.476849
Task flag set to 0: 36/36 wrappers
Task flag set to 1: 36/36 wrappers
Epoch 4/5 | Batch 1824/2000 | Step 7824 | BCE 0.360548 | FTC 1.918694 | Total 2.279242
Task flag set to 0: 36/36 wrappers
Task flag set to 1: 36/36 wrappers
Epoch 4/5 | Batch 1825/2000 | Step 7825 | BCE 0.095040 | FTC 1.680823 | Total 1.775864
Task flag set to 0: 36/36 wrappers
Task flag set to 1: 36/36 wrappers
Epoch 4/5 | Batch 1826/2000 | Step 7826 | BCE 0.055727 | FTC 1.742839 | Total 1.798566
Task flag set to 0: 36/36 wrappers
Task flag set to 1: 36/36 wrappers
Epoch 4/5 | Batch 1827/2000 | Step 7827 | BCE 0.332990 | FTC 1.818788 | Total 2.151778
Task flag set to 0: 36/36 wrappers
Task flag set to 1: 36/36 wrappers
Epoch 4/5 | Batch 1828/2000 | Step 7828 | BCE 0.340819 | FTC 1.700020 | Total 2.040839
Task flag set to 0: 36/36 wrappers
Task flag set to 1: 36/36 wrappers
Epoch 4/5 | Batch 1829/2000 | Step 7829 | BCE 0.193008 | FTC 1.617109 | Total 1.810117
Task flag set to 0: 36/36 wrappers
Task flag set to 1: 36/36 wrappers
Epoch 4/5 | Batch 1830/2000 | Step 7830 | BCE 1.065507 | FTC 1.819853 | Total 2.885360
Task flag set to 0: 36/36 wrappers
Task flag set to 1: 36/36 wrappers
Epoch 4/5 | Batch 1831/2000 | Step 7831 | BCE 1.622809 | FTC 1.531331 | Total 3.154140
Task flag set to 0: 36/36 wrappers
Task flag set to 1: 36/36 wrappers
Epoch 4/5 | Batch 1832/2000 | Step 7832 | BCE 0.055857 | FTC 1.310289 | Total 1.366146
Task flag set to 0: 36/36 wrappers
Task flag set to 1: 36/36 wrappers
Epoch 4/5 | Batch 1833/2000 | Step 7833 | BCE 0.744508 | FTC 1.133795 | Total 1.878303
Task flag set to 0: 36/36 wrappers
Task flag set to 1: 36/36 wrappers
Epoch 4/5 | Batch 1834/2000 | Step 7834 | BCE 0.027316 | FTC 1.893656 | Total 1.920972
Task flag set to 0: 36/36 wrappers
Task flag set to 1: 36/36 wrappers
Epoch 4/5 | Batch 1835/2000 | Step 7835 | BCE 0.077170 | FTC 1.394216 | Total 1.471387
Task flag set to 0: 36/36 wrappers
Task flag set to 1: 36/36 wrappers
Epoch 4/5 | Batch 1836/2000 | Step 7836 | BCE 0.081024 | FTC 1.866322 | Total 1.947347
Task flag set to 0: 36/36 wrappers
Task flag set to 1: 36/36 wrappers
Epoch 4/5 | Batch 1837/2000 | Step 7837 | BCE 0.818887 | FTC 1.581121 | Total 2.400008
Task flag set to 0: 36/36 wrappers
Task flag set to 1: 36/36 wrappers
Epoch 4/5 | Batch 1838/2000 | Step 7838 | BCE 0.097335 | FTC 1.552137 | Total 1.649472
Task flag set to 0: 36/36 wrappers
Task flag set to 1: 36/36 wrappers
Epoch 4/5 | Batch 1839/2000 | Step 7839 | BCE 0.724026 | FTC 1.363163 | Total 2.087190
Task flag set to 0: 36/36 wrappers
Task flag set to 1: 36/36 wrappers
Epoch 4/5 | Batch 1840/2000 | Step 7840 | BCE 0.138019 | FTC 1.660499 | Total 1.798518
Task flag set to 0: 36/36 wrappers
Task flag set to 1: 36/36 wrappers
Epoch 4/5 | Batch 1841/2000 | Step 7841 | BCE 0.221115 | FTC 1.551993 | Total 1.773109
Task flag set to 0: 36/36 wrappers
Task flag set to 1: 36/36 wrappers
Epoch 4/5 | Batch 1842/2000 | Step 7842 | BCE 0.087498 | FTC 1.478932 | Total 1.566430
Task flag set to 0: 36/36 wrappers
Task flag set to 1: 36/36 wrappers
Epoch 4/5 | Batch 1843/2000 | Step 7843 | BCE 0.846675 | FTC 1.019562 | Total 1.866237
Task flag set to 0: 36/36 wrappers
Task flag set to 1: 36/36 wrappers
Epoch 4/5 | Batch 1844/2000 | Step 7844 | BCE 0.040821 | FTC 0.953447 | Total 0.994268
Task flag set to 0: 36/36 wrappers
Task flag set to 1: 36/36 wrappers
Epoch 4/5 | Batch 1845/2000 | Step 7845 | BCE 0.786751 | FTC 1.476680 | Total 2.263430
Task flag set to 0: 36/36 wrappers
Task flag set to 1: 36/36 wrappers
Epoch 4/5 | Batch 1846/2000 | Step 7846 | BCE 0.159409 | FTC 1.829428 | Total 1.988836
Task flag set to 0: 36/36 wrappers
Task flag set to 1: 36/36 wrappers
Epoch 4/5 | Batch 1847/2000 | Step 7847 | BCE 0.354674 | FTC 2.051542 | Total 2.406217
Task flag set to 0: 36/36 wrappers
Task flag set to 1: 36/36 wrappers
Epoch 4/5 | Batch 1848/2000 | Step 7848 | BCE 0.100736 | FTC 1.453043 | Total 1.553779
Task flag set to 0: 36/36 wrappers
Task flag set to 1: 36/36 wrappers
Epoch 4/5 | Batch 1849/2000 | Step 7849 | BCE 0.494560 | FTC 1.847517 | Total 2.342076
Task flag set to 0: 36/36 wrappers
Task flag set to 1: 36/36 wrappers
Epoch 4/5 | Batch 1850/2000 | Step 7850 | BCE 0.435605 | FTC 1.410546 | Total 1.846151
Task flag set to 0: 36/36 wrappers
Task flag set to 1: 36/36 wrappers
Epoch 4/5 | Batch 1851/2000 | Step 7851 | BCE 0.374313 | FTC 1.926663 | Total 2.300976
Task flag set to 0: 36/36 wrappers
Task flag set to 1: 36/36 wrappers
Epoch 4/5 | Batch 1852/2000 | Step 7852 | BCE 0.254960 | FTC 2.203661 | Total 2.458621
Task flag set to 0: 36/36 wrappers
Task flag set to 1: 36/36 wrappers
Epoch 4/5 | Batch 1853/2000 | Step 7853 | BCE 0.859016 | FTC 1.354553 | Total 2.213569
Task flag set to 0: 36/36 wrappers
Task flag set to 1: 36/36 wrappers
Epoch 4/5 | Batch 1854/2000 | Step 7854 | BCE 0.213870 | FTC 1.385443 | Total 1.599313
Task flag set to 0: 36/36 wrappers
Task flag set to 1: 36/36 wrappers
Epoch 4/5 | Batch 1855/2000 | Step 7855 | BCE 0.421570 | FTC 1.623054 | Total 2.044625
Task flag set to 0: 36/36 wrappers
Task flag set to 1: 36/36 wrappers
Epoch 4/5 | Batch 1856/2000 | Step 7856 | BCE 0.136839 | FTC 1.399078 | Total 1.535917
Task flag set to 0: 36/36 wrappers
Task flag set to 1: 36/36 wrappers
Epoch 4/5 | Batch 1857/2000 | Step 7857 | BCE 0.727705 | FTC 1.460539 | Total 2.188244
Task flag set to 0: 36/36 wrappers
Task flag set to 1: 36/36 wrappers
Epoch 4/5 | Batch 1858/2000 | Step 7858 | BCE 0.350421 | FTC 1.184839 | Total 1.535260
Task flag set to 0: 36/36 wrappers
Task flag set to 1: 36/36 wrappers
Epoch 4/5 | Batch 1859/2000 | Step 7859 | BCE 0.092751 | FTC 1.611957 | Total 1.704708
Task flag set to 0: 36/36 wrappers
Task flag set to 1: 36/36 wrappers
Epoch 4/5 | Batch 1860/2000 | Step 7860 | BCE 0.821102 | FTC 2.153615 | Total 2.974718
Task flag set to 0: 36/36 wrappers
Task flag set to 1: 36/36 wrappers
Epoch 4/5 | Batch 1861/2000 | Step 7861 | BCE 0.257019 | FTC 1.134342 | Total 1.391362
Task flag set to 0: 36/36 wrappers
Task flag set to 1: 36/36 wrappers
Epoch 4/5 | Batch 1862/2000 | Step 7862 | BCE 0.285154 | FTC 1.751188 | Total 2.036342
Task flag set to 0: 36/36 wrappers
Task flag set to 1: 36/36 wrappers
Epoch 4/5 | Batch 1863/2000 | Step 7863 | BCE 0.094170 | FTC 1.845118 | Total 1.939288
Task flag set to 0: 36/36 wrappers
Task flag set to 1: 36/36 wrappers
Epoch 4/5 | Batch 1864/2000 | Step 7864 | BCE 1.369668 | FTC 1.622160 | Total 2.991827
Task flag set to 0: 36/36 wrappers
Task flag set to 1: 36/36 wrappers
Epoch 4/5 | Batch 1865/2000 | Step 7865 | BCE 0.169569 | FTC 1.310920 | Total 1.480489
Task flag set to 0: 36/36 wrappers
Task flag set to 1: 36/36 wrappers
Epoch 4/5 | Batch 1866/2000 | Step 7866 | BCE 0.100368 | FTC 1.612027 | Total 1.712395
Task flag set to 0: 36/36 wrappers
Task flag set to 1: 36/36 wrappers
Epoch 4/5 | Batch 1867/2000 | Step 7867 | BCE 1.127499 | FTC 1.680870 | Total 2.808369
Task flag set to 0: 36/36 wrappers
Task flag set to 1: 36/36 wrappers
Epoch 4/5 | Batch 1868/2000 | Step 7868 | BCE 0.023869 | FTC 1.393054 | Total 1.416923
Task flag set to 0: 36/36 wrappers
Task flag set to 1: 36/36 wrappers
Epoch 4/5 | Batch 1869/2000 | Step 7869 | BCE 0.233592 | FTC 1.926396 | Total 2.159988
Task flag set to 0: 36/36 wrappers
Task flag set to 1: 36/36 wrappers
Epoch 4/5 | Batch 1870/2000 | Step 7870 | BCE 0.045198 | FTC 1.112772 | Total 1.157970
Task flag set to 0: 36/36 wrappers
Task flag set to 1: 36/36 wrappers
Epoch 4/5 | Batch 1871/2000 | Step 7871 | BCE 0.414454 | FTC 2.021108 | Total 2.435562
Task flag set to 0: 36/36 wrappers
Task flag set to 1: 36/36 wrappers
Epoch 4/5 | Batch 1872/2000 | Step 7872 | BCE 0.612251 | FTC 1.095012 | Total 1.707263
Task flag set to 0: 36/36 wrappers
Task flag set to 1: 36/36 wrappers
Epoch 4/5 | Batch 1873/2000 | Step 7873 | BCE 1.512335 | FTC 1.533920 | Total 3.046255
Task flag set to 0: 36/36 wrappers
Task flag set to 1: 36/36 wrappers
Epoch 4/5 | Batch 1874/2000 | Step 7874 | BCE 0.890790 | FTC 0.850615 | Total 1.741405
Task flag set to 0: 36/36 wrappers
Task flag set to 1: 36/36 wrappers
Epoch 4/5 | Batch 1875/2000 | Step 7875 | BCE 0.402875 | FTC 1.676604 | Total 2.079479
Task flag set to 0: 36/36 wrappers
Task flag set to 1: 36/36 wrappers
Epoch 4/5 | Batch 1876/2000 | Step 7876 | BCE 0.593068 | FTC 1.910966 | Total 2.504035
Task flag set to 0: 36/36 wrappers
Task flag set to 1: 36/36 wrappers
Epoch 4/5 | Batch 1877/2000 | Step 7877 | BCE 0.034592 | FTC 1.242424 | Total 1.277015
Task flag set to 0: 36/36 wrappers
Task flag set to 1: 36/36 wrappers
Epoch 4/5 | Batch 1878/2000 | Step 7878 | BCE 0.816611 | FTC 1.377364 | Total 2.193974
Task flag set to 0: 36/36 wrappers
Task flag set to 1: 36/36 wrappers
Epoch 4/5 | Batch 1879/2000 | Step 7879 | BCE 0.834981 | FTC 1.425109 | Total 2.260090
Task flag set to 0: 36/36 wrappers
Task flag set to 1: 36/36 wrappers
Epoch 4/5 | Batch 1880/2000 | Step 7880 | BCE 0.172134 | FTC 1.473208 | Total 1.645342
Task flag set to 0: 36/36 wrappers
Task flag set to 1: 36/36 wrappers
Epoch 4/5 | Batch 1881/2000 | Step 7881 | BCE 0.427243 | FTC 1.416651 | Total 1.843894
Task flag set to 0: 36/36 wrappers
Task flag set to 1: 36/36 wrappers
Epoch 4/5 | Batch 1882/2000 | Step 7882 | BCE 0.166837 | FTC 2.198078 | Total 2.364915
Task flag set to 0: 36/36 wrappers
Task flag set to 1: 36/36 wrappers
Epoch 4/5 | Batch 1883/2000 | Step 7883 | BCE 0.117562 | FTC 1.886553 | Total 2.004114
Task flag set to 0: 36/36 wrappers
Task flag set to 1: 36/36 wrappers
Epoch 4/5 | Batch 1884/2000 | Step 7884 | BCE 0.346429 | FTC 2.169977 | Total 2.516406
Task flag set to 0: 36/36 wrappers
Task flag set to 1: 36/36 wrappers
Epoch 4/5 | Batch 1885/2000 | Step 7885 | BCE 0.392161 | FTC 1.960210 | Total 2.352372
Task flag set to 0: 36/36 wrappers
Task flag set to 1: 36/36 wrappers
Epoch 4/5 | Batch 1886/2000 | Step 7886 | BCE 0.133222 | FTC 1.408855 | Total 1.542077
Task flag set to 0: 36/36 wrappers
Task flag set to 1: 36/36 wrappers
Epoch 4/5 | Batch 1887/2000 | Step 7887 | BCE 0.684368 | FTC 1.764552 | Total 2.448921
Task flag set to 0: 36/36 wrappers
Task flag set to 1: 36/36 wrappers
Epoch 4/5 | Batch 1888/2000 | Step 7888 | BCE 1.357982 | FTC 2.220077 | Total 3.578059
Task flag set to 0: 36/36 wrappers
Task flag set to 1: 36/36 wrappers
Epoch 4/5 | Batch 1889/2000 | Step 7889 | BCE 0.143426 | FTC 1.832888 | Total 1.976314
Task flag set to 0: 36/36 wrappers
Task flag set to 1: 36/36 wrappers
Epoch 4/5 | Batch 1890/2000 | Step 7890 | BCE 0.082516 | FTC 1.483040 | Total 1.565556
Task flag set to 0: 36/36 wrappers
Task flag set to 1: 36/36 wrappers
Epoch 4/5 | Batch 1891/2000 | Step 7891 | BCE 0.528652 | FTC 1.384377 | Total 1.913029
Task flag set to 0: 36/36 wrappers
Task flag set to 1: 36/36 wrappers
Epoch 4/5 | Batch 1892/2000 | Step 7892 | BCE 0.214968 | FTC 1.594843 | Total 1.809811
Task flag set to 0: 36/36 wrappers
Task flag set to 1: 36/36 wrappers
Epoch 4/5 | Batch 1893/2000 | Step 7893 | BCE 0.183021 | FTC 2.059992 | Total 2.243014
Task flag set to 0: 36/36 wrappers
Task flag set to 1: 36/36 wrappers
Epoch 4/5 | Batch 1894/2000 | Step 7894 | BCE 0.179546 | FTC 1.971591 | Total 2.151137
Task flag set to 0: 36/36 wrappers
Task flag set to 1: 36/36 wrappers
Epoch 4/5 | Batch 1895/2000 | Step 7895 | BCE 0.649501 | FTC 1.552377 | Total 2.201878
Task flag set to 0: 36/36 wrappers
Task flag set to 1: 36/36 wrappers
Epoch 4/5 | Batch 1896/2000 | Step 7896 | BCE 0.836006 | FTC 1.386649 | Total 2.222654
Task flag set to 0: 36/36 wrappers
Task flag set to 1: 36/36 wrappers
Epoch 4/5 | Batch 1897/2000 | Step 7897 | BCE 0.074188 | FTC 1.668458 | Total 1.742647
Task flag set to 0: 36/36 wrappers
Task flag set to 1: 36/36 wrappers
Epoch 4/5 | Batch 1898/2000 | Step 7898 | BCE 0.042598 | FTC 1.588705 | Total 1.631303
Task flag set to 0: 36/36 wrappers
Task flag set to 1: 36/36 wrappers
Epoch 4/5 | Batch 1899/2000 | Step 7899 | BCE 0.393159 | FTC 1.124151 | Total 1.517311
Task flag set to 0: 36/36 wrappers
Task flag set to 1: 36/36 wrappers
Epoch 4/5 | Batch 1900/2000 | Step 7900 | BCE 0.062558 | FTC 1.512750 | Total 1.575308
Task flag set to 0: 36/36 wrappers
Task flag set to 1: 36/36 wrappers
Epoch 4/5 | Batch 1901/2000 | Step 7901 | BCE 0.099261 | FTC 1.647888 | Total 1.747149
Task flag set to 0: 36/36 wrappers
Task flag set to 1: 36/36 wrappers
Epoch 4/5 | Batch 1902/2000 | Step 7902 | BCE 0.045422 | FTC 1.604342 | Total 1.649764
Task flag set to 0: 36/36 wrappers
Task flag set to 1: 36/36 wrappers
Epoch 4/5 | Batch 1903/2000 | Step 7903 | BCE 0.122134 | FTC 1.524224 | Total 1.646358
Task flag set to 0: 36/36 wrappers
Task flag set to 1: 36/36 wrappers
Epoch 4/5 | Batch 1904/2000 | Step 7904 | BCE 0.451522 | FTC 0.929885 | Total 1.381407
Task flag set to 0: 36/36 wrappers
Task flag set to 1: 36/36 wrappers
Epoch 4/5 | Batch 1905/2000 | Step 7905 | BCE 0.083538 | FTC 1.708337 | Total 1.791875
Task flag set to 0: 36/36 wrappers
Task flag set to 1: 36/36 wrappers
Epoch 4/5 | Batch 1906/2000 | Step 7906 | BCE 0.023955 | FTC 1.363731 | Total 1.387686
Task flag set to 0: 36/36 wrappers
Task flag set to 1: 36/36 wrappers
Epoch 4/5 | Batch 1907/2000 | Step 7907 | BCE 1.396579 | FTC 2.120851 | Total 3.517431
Task flag set to 0: 36/36 wrappers
Task flag set to 1: 36/36 wrappers
Epoch 4/5 | Batch 1908/2000 | Step 7908 | BCE 0.123036 | FTC 1.511008 | Total 1.634043
Task flag set to 0: 36/36 wrappers
Task flag set to 1: 36/36 wrappers
Epoch 4/5 | Batch 1909/2000 | Step 7909 | BCE 0.113514 | FTC 1.521620 | Total 1.635134
Task flag set to 0: 36/36 wrappers
Task flag set to 1: 36/36 wrappers
Epoch 4/5 | Batch 1910/2000 | Step 7910 | BCE 0.128695 | FTC 1.464101 | Total 1.592796
Task flag set to 0: 36/36 wrappers
Task flag set to 1: 36/36 wrappers
Epoch 4/5 | Batch 1911/2000 | Step 7911 | BCE 0.259250 | FTC 1.638451 | Total 1.897701
Task flag set to 0: 36/36 wrappers
Task flag set to 1: 36/36 wrappers
Epoch 4/5 | Batch 1912/2000 | Step 7912 | BCE 0.023893 | FTC 1.246612 | Total 1.270504
Task flag set to 0: 36/36 wrappers
Task flag set to 1: 36/36 wrappers
Epoch 4/5 | Batch 1913/2000 | Step 7913 | BCE 1.237981 | FTC 1.952436 | Total 3.190417
Task flag set to 0: 36/36 wrappers
Task flag set to 1: 36/36 wrappers
Epoch 4/5 | Batch 1914/2000 | Step 7914 | BCE 0.026801 | FTC 1.303375 | Total 1.330176
Task flag set to 0: 36/36 wrappers
Task flag set to 1: 36/36 wrappers
Epoch 4/5 | Batch 1915/2000 | Step 7915 | BCE 1.631060 | FTC 2.450916 | Total 4.081976
Task flag set to 0: 36/36 wrappers
Task flag set to 1: 36/36 wrappers
Epoch 4/5 | Batch 1916/2000 | Step 7916 | BCE 0.553732 | FTC 1.620381 | Total 2.174112
Task flag set to 0: 36/36 wrappers
Task flag set to 1: 36/36 wrappers
Epoch 4/5 | Batch 1917/2000 | Step 7917 | BCE 0.070903 | FTC 1.542404 | Total 1.613307
Task flag set to 0: 36/36 wrappers
Task flag set to 1: 36/36 wrappers
Epoch 4/5 | Batch 1918/2000 | Step 7918 | BCE 0.421803 | FTC 1.111159 | Total 1.532962
Task flag set to 0: 36/36 wrappers
Task flag set to 1: 36/36 wrappers
Epoch 4/5 | Batch 1919/2000 | Step 7919 | BCE 0.074145 | FTC 1.857399 | Total 1.931544
Task flag set to 0: 36/36 wrappers
Task flag set to 1: 36/36 wrappers
Epoch 4/5 | Batch 1920/2000 | Step 7920 | BCE 0.041650 | FTC 1.264933 | Total 1.306584
Task flag set to 0: 36/36 wrappers
Task flag set to 1: 36/36 wrappers
Epoch 4/5 | Batch 1921/2000 | Step 7921 | BCE 1.194952 | FTC 1.496158 | Total 2.691110
Task flag set to 0: 36/36 wrappers
Task flag set to 1: 36/36 wrappers
Epoch 4/5 | Batch 1922/2000 | Step 7922 | BCE 0.561519 | FTC 1.501530 | Total 2.063049
Task flag set to 0: 36/36 wrappers
Task flag set to 1: 36/36 wrappers
Epoch 4/5 | Batch 1923/2000 | Step 7923 | BCE 0.362878 | FTC 0.921548 | Total 1.284426
Task flag set to 0: 36/36 wrappers
Task flag set to 1: 36/36 wrappers
Epoch 4/5 | Batch 1924/2000 | Step 7924 | BCE 0.947955 | FTC 1.292780 | Total 2.240735
Task flag set to 0: 36/36 wrappers
Task flag set to 1: 36/36 wrappers
Epoch 4/5 | Batch 1925/2000 | Step 7925 | BCE 1.355595 | FTC 1.436228 | Total 2.791823
Task flag set to 0: 36/36 wrappers
Task flag set to 1: 36/36 wrappers
Epoch 4/5 | Batch 1926/2000 | Step 7926 | BCE 0.710695 | FTC 1.736719 | Total 2.447414
Task flag set to 0: 36/36 wrappers
Task flag set to 1: 36/36 wrappers
Epoch 4/5 | Batch 1927/2000 | Step 7927 | BCE 0.406010 | FTC 1.625344 | Total 2.031354
Task flag set to 0: 36/36 wrappers
Task flag set to 1: 36/36 wrappers
Epoch 4/5 | Batch 1928/2000 | Step 7928 | BCE 0.366721 | FTC 1.770048 | Total 2.136770
Task flag set to 0: 36/36 wrappers
Task flag set to 1: 36/36 wrappers
Epoch 4/5 | Batch 1929/2000 | Step 7929 | BCE 0.069503 | FTC 1.577230 | Total 1.646733
Task flag set to 0: 36/36 wrappers
Task flag set to 1: 36/36 wrappers
Epoch 4/5 | Batch 1930/2000 | Step 7930 | BCE 0.564103 | FTC 1.482898 | Total 2.047001
Task flag set to 0: 36/36 wrappers
Task flag set to 1: 36/36 wrappers
Epoch 4/5 | Batch 1931/2000 | Step 7931 | BCE 0.165445 | FTC 1.048120 | Total 1.213565
Task flag set to 0: 36/36 wrappers
Task flag set to 1: 36/36 wrappers
Epoch 4/5 | Batch 1932/2000 | Step 7932 | BCE 0.436934 | FTC 0.909472 | Total 1.346406
Task flag set to 0: 36/36 wrappers
Task flag set to 1: 36/36 wrappers
Epoch 4/5 | Batch 1933/2000 | Step 7933 | BCE 0.305312 | FTC 0.882172 | Total 1.187484
Task flag set to 0: 36/36 wrappers
Task flag set to 1: 36/36 wrappers
Epoch 4/5 | Batch 1934/2000 | Step 7934 | BCE 0.633543 | FTC 1.682367 | Total 2.315909
Task flag set to 0: 36/36 wrappers
Task flag set to 1: 36/36 wrappers
Epoch 4/5 | Batch 1935/2000 | Step 7935 | BCE 0.042799 | FTC 1.460729 | Total 1.503528
Task flag set to 0: 36/36 wrappers
Task flag set to 1: 36/36 wrappers
Epoch 4/5 | Batch 1936/2000 | Step 7936 | BCE 2.742607 | FTC 2.560371 | Total 5.302978
Task flag set to 0: 36/36 wrappers
Task flag set to 1: 36/36 wrappers
Epoch 4/5 | Batch 1937/2000 | Step 7937 | BCE 0.815369 | FTC 1.590219 | Total 2.405589
Task flag set to 0: 36/36 wrappers
Task flag set to 1: 36/36 wrappers
Epoch 4/5 | Batch 1938/2000 | Step 7938 | BCE 0.385005 | FTC 0.929672 | Total 1.314677
Task flag set to 0: 36/36 wrappers
Task flag set to 1: 36/36 wrappers
Epoch 4/5 | Batch 1939/2000 | Step 7939 | BCE 0.138544 | FTC 1.810199 | Total 1.948743
Task flag set to 0: 36/36 wrappers
Task flag set to 1: 36/36 wrappers
Epoch 4/5 | Batch 1940/2000 | Step 7940 | BCE 0.395372 | FTC 1.906792 | Total 2.302165
Task flag set to 0: 36/36 wrappers
Task flag set to 1: 36/36 wrappers
Epoch 4/5 | Batch 1941/2000 | Step 7941 | BCE 0.259272 | FTC 1.791209 | Total 2.050482
Task flag set to 0: 36/36 wrappers
Task flag set to 1: 36/36 wrappers
Epoch 4/5 | Batch 1942/2000 | Step 7942 | BCE 0.456290 | FTC 2.121906 | Total 2.578196
Task flag set to 0: 36/36 wrappers
Task flag set to 1: 36/36 wrappers
Epoch 4/5 | Batch 1943/2000 | Step 7943 | BCE 0.865237 | FTC 1.746600 | Total 2.611837
Task flag set to 0: 36/36 wrappers
Task flag set to 1: 36/36 wrappers
Epoch 4/5 | Batch 1944/2000 | Step 7944 | BCE 0.939651 | FTC 0.887017 | Total 1.826668
Task flag set to 0: 36/36 wrappers
Task flag set to 1: 36/36 wrappers
Epoch 4/5 | Batch 1945/2000 | Step 7945 | BCE 0.607504 | FTC 2.098594 | Total 2.706098
Task flag set to 0: 36/36 wrappers
Task flag set to 1: 36/36 wrappers
Epoch 4/5 | Batch 1946/2000 | Step 7946 | BCE 0.464586 | FTC 2.232890 | Total 2.697476
Task flag set to 0: 36/36 wrappers
Task flag set to 1: 36/36 wrappers
Epoch 4/5 | Batch 1947/2000 | Step 7947 | BCE 0.328979 | FTC 1.597214 | Total 1.926193
Task flag set to 0: 36/36 wrappers
Task flag set to 1: 36/36 wrappers
Epoch 4/5 | Batch 1948/2000 | Step 7948 | BCE 0.530197 | FTC 1.312592 | Total 1.842789
Task flag set to 0: 36/36 wrappers
Task flag set to 1: 36/36 wrappers
Epoch 4/5 | Batch 1949/2000 | Step 7949 | BCE 0.636908 | FTC 2.123596 | Total 2.760504
Task flag set to 0: 36/36 wrappers
Task flag set to 1: 36/36 wrappers
Epoch 4/5 | Batch 1950/2000 | Step 7950 | BCE 0.299020 | FTC 1.732157 | Total 2.031177
Task flag set to 0: 36/36 wrappers
Task flag set to 1: 36/36 wrappers
Epoch 4/5 | Batch 1951/2000 | Step 7951 | BCE 0.267279 | FTC 2.091173 | Total 2.358452
Task flag set to 0: 36/36 wrappers
Task flag set to 1: 36/36 wrappers
Epoch 4/5 | Batch 1952/2000 | Step 7952 | BCE 0.167114 | FTC 1.456084 | Total 1.623198
Task flag set to 0: 36/36 wrappers
Task flag set to 1: 36/36 wrappers
Epoch 4/5 | Batch 1953/2000 | Step 7953 | BCE 0.048005 | FTC 1.875679 | Total 1.923684
Task flag set to 0: 36/36 wrappers
Task flag set to 1: 36/36 wrappers
Epoch 4/5 | Batch 1954/2000 | Step 7954 | BCE 0.337832 | FTC 1.692449 | Total 2.030281
Task flag set to 0: 36/36 wrappers
Task flag set to 1: 36/36 wrappers
Epoch 4/5 | Batch 1955/2000 | Step 7955 | BCE 0.612018 | FTC 1.418399 | Total 2.030417
Task flag set to 0: 36/36 wrappers
Task flag set to 1: 36/36 wrappers
Epoch 4/5 | Batch 1956/2000 | Step 7956 | BCE 0.012057 | FTC 1.703042 | Total 1.715099
Task flag set to 0: 36/36 wrappers
Task flag set to 1: 36/36 wrappers
Epoch 4/5 | Batch 1957/2000 | Step 7957 | BCE 0.106559 | FTC 1.798142 | Total 1.904702
Task flag set to 0: 36/36 wrappers
Task flag set to 1: 36/36 wrappers
Epoch 4/5 | Batch 1958/2000 | Step 7958 | BCE 0.491815 | FTC 1.939226 | Total 2.431041
Task flag set to 0: 36/36 wrappers
Task flag set to 1: 36/36 wrappers
Epoch 4/5 | Batch 1959/2000 | Step 7959 | BCE 0.451819 | FTC 1.212358 | Total 1.664178
Task flag set to 0: 36/36 wrappers
Task flag set to 1: 36/36 wrappers
Epoch 4/5 | Batch 1960/2000 | Step 7960 | BCE 0.793220 | FTC 1.644700 | Total 2.437920
Task flag set to 0: 36/36 wrappers
Task flag set to 1: 36/36 wrappers
Epoch 4/5 | Batch 1961/2000 | Step 7961 | BCE 0.482406 | FTC 1.230064 | Total 1.712469
Task flag set to 0: 36/36 wrappers
Task flag set to 1: 36/36 wrappers
Epoch 4/5 | Batch 1962/2000 | Step 7962 | BCE 0.087488 | FTC 1.448211 | Total 1.535698
Task flag set to 0: 36/36 wrappers
Task flag set to 1: 36/36 wrappers
Epoch 4/5 | Batch 1963/2000 | Step 7963 | BCE 0.122621 | FTC 1.591538 | Total 1.714159
Task flag set to 0: 36/36 wrappers
Task flag set to 1: 36/36 wrappers
Epoch 4/5 | Batch 1964/2000 | Step 7964 | BCE 0.172023 | FTC 1.628681 | Total 1.800704
Task flag set to 0: 36/36 wrappers
Task flag set to 1: 36/36 wrappers
Epoch 4/5 | Batch 1965/2000 | Step 7965 | BCE 0.678042 | FTC 1.449419 | Total 2.127461
Task flag set to 0: 36/36 wrappers
Task flag set to 1: 36/36 wrappers
Epoch 4/5 | Batch 1966/2000 | Step 7966 | BCE 0.061673 | FTC 1.349865 | Total 1.411538
Task flag set to 0: 36/36 wrappers
Task flag set to 1: 36/36 wrappers
Epoch 4/5 | Batch 1967/2000 | Step 7967 | BCE 0.594506 | FTC 1.548959 | Total 2.143464
Task flag set to 0: 36/36 wrappers
Task flag set to 1: 36/36 wrappers
Epoch 4/5 | Batch 1968/2000 | Step 7968 | BCE 0.319422 | FTC 1.297806 | Total 1.617228
Task flag set to 0: 36/36 wrappers
Task flag set to 1: 36/36 wrappers
Epoch 4/5 | Batch 1969/2000 | Step 7969 | BCE 1.517789 | FTC 1.683659 | Total 3.201448
Task flag set to 0: 36/36 wrappers
Task flag set to 1: 36/36 wrappers
Epoch 4/5 | Batch 1970/2000 | Step 7970 | BCE 0.507277 | FTC 1.709930 | Total 2.217207
Task flag set to 0: 36/36 wrappers
Task flag set to 1: 36/36 wrappers
Epoch 4/5 | Batch 1971/2000 | Step 7971 | BCE 0.102019 | FTC 1.356574 | Total 1.458593
Task flag set to 0: 36/36 wrappers
Task flag set to 1: 36/36 wrappers
Epoch 4/5 | Batch 1972/2000 | Step 7972 | BCE 0.673017 | FTC 1.548285 | Total 2.221302
Task flag set to 0: 36/36 wrappers
Task flag set to 1: 36/36 wrappers
Epoch 4/5 | Batch 1973/2000 | Step 7973 | BCE 0.026371 | FTC 1.180916 | Total 1.207287
Task flag set to 0: 36/36 wrappers
Task flag set to 1: 36/36 wrappers
Epoch 4/5 | Batch 1974/2000 | Step 7974 | BCE 0.101384 | FTC 1.868678 | Total 1.970062
Task flag set to 0: 36/36 wrappers
Task flag set to 1: 36/36 wrappers
Epoch 4/5 | Batch 1975/2000 | Step 7975 | BCE 0.029270 | FTC 1.630363 | Total 1.659634
Task flag set to 0: 36/36 wrappers
Task flag set to 1: 36/36 wrappers
Epoch 4/5 | Batch 1976/2000 | Step 7976 | BCE 0.017974 | FTC 1.449849 | Total 1.467823
Task flag set to 0: 36/36 wrappers
Task flag set to 1: 36/36 wrappers
Epoch 4/5 | Batch 1977/2000 | Step 7977 | BCE 0.327656 | FTC 0.875187 | Total 1.202842
Task flag set to 0: 36/36 wrappers
Task flag set to 1: 36/36 wrappers
Epoch 4/5 | Batch 1978/2000 | Step 7978 | BCE 0.318561 | FTC 1.122465 | Total 1.441026
Task flag set to 0: 36/36 wrappers
Task flag set to 1: 36/36 wrappers
Epoch 4/5 | Batch 1979/2000 | Step 7979 | BCE 0.211754 | FTC 1.828959 | Total 2.040713
Task flag set to 0: 36/36 wrappers
Task flag set to 1: 36/36 wrappers
Epoch 4/5 | Batch 1980/2000 | Step 7980 | BCE 0.278218 | FTC 1.554922 | Total 1.833139
Task flag set to 0: 36/36 wrappers
Task flag set to 1: 36/36 wrappers
Epoch 4/5 | Batch 1981/2000 | Step 7981 | BCE 0.297996 | FTC 2.117192 | Total 2.415187
Task flag set to 0: 36/36 wrappers
Task flag set to 1: 36/36 wrappers
Epoch 4/5 | Batch 1982/2000 | Step 7982 | BCE 0.356321 | FTC 1.675681 | Total 2.032002
Task flag set to 0: 36/36 wrappers
Task flag set to 1: 36/36 wrappers
Epoch 4/5 | Batch 1983/2000 | Step 7983 | BCE 0.182297 | FTC 1.361202 | Total 1.543499
Task flag set to 0: 36/36 wrappers
Task flag set to 1: 36/36 wrappers
Epoch 4/5 | Batch 1984/2000 | Step 7984 | BCE 0.090422 | FTC 1.670335 | Total 1.760757
Task flag set to 0: 36/36 wrappers
Task flag set to 1: 36/36 wrappers
Epoch 4/5 | Batch 1985/2000 | Step 7985 | BCE 0.276618 | FTC 1.835679 | Total 2.112298
Task flag set to 0: 36/36 wrappers
Task flag set to 1: 36/36 wrappers
Epoch 4/5 | Batch 1986/2000 | Step 7986 | BCE 0.708485 | FTC 1.561140 | Total 2.269625
Task flag set to 0: 36/36 wrappers
Task flag set to 1: 36/36 wrappers
Epoch 4/5 | Batch 1987/2000 | Step 7987 | BCE 0.059237 | FTC 1.265300 | Total 1.324536
Task flag set to 0: 36/36 wrappers
Task flag set to 1: 36/36 wrappers
Epoch 4/5 | Batch 1988/2000 | Step 7988 | BCE 0.609123 | FTC 1.508820 | Total 2.117943
Task flag set to 0: 36/36 wrappers
Task flag set to 1: 36/36 wrappers
Epoch 4/5 | Batch 1989/2000 | Step 7989 | BCE 1.307291 | FTC 2.315554 | Total 3.622846
Task flag set to 0: 36/36 wrappers
Task flag set to 1: 36/36 wrappers
Epoch 4/5 | Batch 1990/2000 | Step 7990 | BCE 0.085492 | FTC 1.095286 | Total 1.180777
Task flag set to 0: 36/36 wrappers
Task flag set to 1: 36/36 wrappers
Epoch 4/5 | Batch 1991/2000 | Step 7991 | BCE 0.430041 | FTC 1.084529 | Total 1.514570
Task flag set to 0: 36/36 wrappers
Task flag set to 1: 36/36 wrappers
Epoch 4/5 | Batch 1992/2000 | Step 7992 | BCE 0.818041 | FTC 1.810418 | Total 2.628459
Task flag set to 0: 36/36 wrappers
Task flag set to 1: 36/36 wrappers
Epoch 4/5 | Batch 1993/2000 | Step 7993 | BCE 0.726594 | FTC 1.442590 | Total 2.169183
Task flag set to 0: 36/36 wrappers
Task flag set to 1: 36/36 wrappers
Epoch 4/5 | Batch 1994/2000 | Step 7994 | BCE 0.102854 | FTC 1.260879 | Total 1.363733
Task flag set to 0: 36/36 wrappers
Task flag set to 1: 36/36 wrappers
Epoch 4/5 | Batch 1995/2000 | Step 7995 | BCE 0.069946 | FTC 2.120534 | Total 2.190480
Task flag set to 0: 36/36 wrappers
Task flag set to 1: 36/36 wrappers
Epoch 4/5 | Batch 1996/2000 | Step 7996 | BCE 0.242378 | FTC 1.918863 | Total 2.161242
Task flag set to 0: 36/36 wrappers
Task flag set to 1: 36/36 wrappers
Epoch 4/5 | Batch 1997/2000 | Step 7997 | BCE 0.086801 | FTC 1.791167 | Total 1.877968
Task flag set to 0: 36/36 wrappers
Task flag set to 1: 36/36 wrappers
Epoch 4/5 | Batch 1998/2000 | Step 7998 | BCE 0.136201 | FTC 1.388869 | Total 1.525070
Task flag set to 0: 36/36 wrappers
Task flag set to 1: 36/36 wrappers
Epoch 4/5 | Batch 1999/2000 | Step 7999 | BCE 0.365089 | FTC 1.904312 | Total 2.269401
Task flag set to 0: 36/36 wrappers
Task flag set to 1: 36/36 wrappers
Epoch 4/5 | Batch 2000/2000 | Step 8000 | BCE 0.617579 | FTC 1.703833 | Total 2.321411
Task flag set to 0: 36/36 wrappers
Task flag set to 1: 36/36 wrappers
Task flag set to 0: 36/36 wrappers
Task flag set to 1: 36/36 wrappers
Task flag set to 0: 36/36 wrappers
Task flag set to 1: 36/36 wrappers
Task flag set to 0: 36/36 wrappers
Task flag set to 1: 36/36 wrappers
Task flag set to 0: 36/36 wrappers
Task flag set to 1: 36/36 wrappers
Task flag set to 0: 36/36 wrappers
Task flag set to 1: 36/36 wrappers
Task flag set to 0: 36/36 wrappers
Task flag set to 1: 36/36 wrappers
Task flag set to 0: 36/36 wrappers
Task flag set to 1: 36/36 wrappers
Task flag set to 0: 36/36 wrappers
Task flag set to 1: 36/36 wrappers
Task flag set to 0: 36/36 wrappers
Task flag set to 1: 36/36 wrappers
Task flag set to 0: 36/36 wrappers
Task flag set to 1: 36/36 wrappers
Task flag set to 0: 36/36 wrappers
Task flag set to 1: 36/36 wrappers
Task flag set to 0: 36/36 wrappers
Task flag set to 1: 36/36 wrappers
Task flag set to 0: 36/36 wrappers
Task flag set to 1: 36/36 wrappers
Task flag set to 0: 36/36 wrappers
Task flag set to 1: 36/36 wrappers
Task flag set to 0: 36/36 wrappers
Task flag set to 1: 36/36 wrappers
Task flag set to 0: 36/36 wrappers
Task flag set to 1: 36/36 wrappers
Task flag set to 0: 36/36 wrappers
Task flag set to 1: 36/36 wrappers
Task flag set to 0: 36/36 wrappers
Task flag set to 1: 36/36 wrappers
Task flag set to 0: 36/36 wrappers
Task flag set to 1: 36/36 wrappers
Task flag set to 0: 36/36 wrappers
Task flag set to 1: 36/36 wrappers
Task flag set to 0: 36/36 wrappers
Task flag set to 1: 36/36 wrappers
Task flag set to 0: 36/36 wrappers
Task flag set to 1: 36/36 wrappers
Task flag set to 0: 36/36 wrappers
Task flag set to 1: 36/36 wrappers
Task flag set to 0: 36/36 wrappers
Task flag set to 1: 36/36 wrappers
Task flag set to 0: 36/36 wrappers
Task flag set to 1: 36/36 wrappers
Task flag set to 0: 36/36 wrappers
Task flag set to 1: 36/36 wrappers
Task flag set to 0: 36/36 wrappers
Task flag set to 1: 36/36 wrappers
Task flag set to 0: 36/36 wrappers
Task flag set to 1: 36/36 wrappers
Task flag set to 0: 36/36 wrappers
Task flag set to 1: 36/36 wrappers
Task flag set to 0: 36/36 wrappers
Task flag set to 1: 36/36 wrappers
Task flag set to 0: 36/36 wrappers
Task flag set to 1: 36/36 wrappers
Task flag set to 0: 36/36 wrappers
Task flag set to 1: 36/36 wrappers
Task flag set to 0: 36/36 wrappers
Task flag set to 1: 36/36 wrappers
Task flag set to 0: 36/36 wrappers
Task flag set to 1: 36/36 wrappers
Task flag set to 0: 36/36 wrappers
Task flag set to 1: 36/36 wrappers
Task flag set to 0: 36/36 wrappers
Task flag set to 1: 36/36 wrappers
Task flag set to 0: 36/36 wrappers
Task flag set to 1: 36/36 wrappers
Task flag set to 0: 36/36 wrappers
Task flag set to 1: 36/36 wrappers
Task flag set to 0: 36/36 wrappers
Task flag set to 1: 36/36 wrappers
Task flag set to 0: 36/36 wrappers
Task flag set to 1: 36/36 wrappers
Task flag set to 0: 36/36 wrappers
Task flag set to 1: 36/36 wrappers
Task flag set to 0: 36/36 wrappers
Task flag set to 1: 36/36 wrappers
Task flag set to 0: 36/36 wrappers
Task flag set to 1: 36/36 wrappers
Task flag set to 0: 36/36 wrappers
Task flag set to 1: 36/36 wrappers
Task flag set to 0: 36/36 wrappers
Task flag set to 1: 36/36 wrappers
Task flag set to 0: 36/36 wrappers
Task flag set to 1: 36/36 wrappers
Task flag set to 0: 36/36 wrappers
Task flag set to 1: 36/36 wrappers
Task flag set to 0: 36/36 wrappers
Task flag set to 1: 36/36 wrappers
Task flag set to 0: 36/36 wrappers
Task flag set to 1: 36/36 wrappers
Task flag set to 0: 36/36 wrappers
Task flag set to 1: 36/36 wrappers
Task flag set to 0: 36/36 wrappers
Task flag set to 1: 36/36 wrappers
Task flag set to 0: 36/36 wrappers
Task flag set to 1: 36/36 wrappers
Task flag set to 0: 36/36 wrappers
Task flag set to 1: 36/36 wrappers
Task flag set to 0: 36/36 wrappers
Task flag set to 1: 36/36 wrappers
Task flag set to 0: 36/36 wrappers
Task flag set to 1: 36/36 wrappers
Task flag set to 0: 36/36 wrappers
Task flag set to 1: 36/36 wrappers
Task flag set to 0: 36/36 wrappers
Task flag set to 1: 36/36 wrappers
Task flag set to 0: 36/36 wrappers
Task flag set to 1: 36/36 wrappers
Task flag set to 0: 36/36 wrappers
Task flag set to 1: 36/36 wrappers
Task flag set to 0: 36/36 wrappers
Task flag set to 1: 36/36 wrappers
Task flag set to 0: 36/36 wrappers
Task flag set to 1: 36/36 wrappers
Task flag set to 0: 36/36 wrappers
Task flag set to 1: 36/36 wrappers
Task flag set to 0: 36/36 wrappers
Task flag set to 1: 36/36 wrappers
Task flag set to 0: 36/36 wrappers
Task flag set to 1: 36/36 wrappers
Task flag set to 0: 36/36 wrappers
Task flag set to 1: 36/36 wrappers
Task flag set to 0: 36/36 wrappers
Task flag set to 1: 36/36 wrappers
Task flag set to 0: 36/36 wrappers
Task flag set to 1: 36/36 wrappers
Task flag set to 0: 36/36 wrappers
Task flag set to 1: 36/36 wrappers
Task flag set to 0: 36/36 wrappers
Task flag set to 1: 36/36 wrappers
Task flag set to 0: 36/36 wrappers
Task flag set to 1: 36/36 wrappers
Task flag set to 0: 36/36 wrappers
Task flag set to 1: 36/36 wrappers
Task flag set to 0: 36/36 wrappers
Task flag set to 1: 36/36 wrappers
Task flag set to 0: 36/36 wrappers
Task flag set to 1: 36/36 wrappers
Task flag set to 0: 36/36 wrappers
Task flag set to 1: 36/36 wrappers
Task flag set to 0: 36/36 wrappers
Task flag set to 1: 36/36 wrappers
Task flag set to 0: 36/36 wrappers
Task flag set to 1: 36/36 wrappers
Task flag set to 0: 36/36 wrappers
Task flag set to 1: 36/36 wrappers
Task flag set to 0: 36/36 wrappers
Task flag set to 1: 36/36 wrappers
Task flag set to 0: 36/36 wrappers
Task flag set to 1: 36/36 wrappers
Task flag set to 0: 36/36 wrappers
Task flag set to 1: 36/36 wrappers
Task flag set to 0: 36/36 wrappers
Task flag set to 1: 36/36 wrappers
Task flag set to 0: 36/36 wrappers
Task flag set to 1: 36/36 wrappers
Task flag set to 0: 36/36 wrappers
Task flag set to 1: 36/36 wrappers
Task flag set to 0: 36/36 wrappers
Task flag set to 1: 36/36 wrappers
Task flag set to 0: 36/36 wrappers
Task flag set to 1: 36/36 wrappers
Task flag set to 0: 36/36 wrappers
Task flag set to 1: 36/36 wrappers
Task flag set to 0: 36/36 wrappers
Task flag set to 1: 36/36 wrappers
Task flag set to 0: 36/36 wrappers
Task flag set to 1: 36/36 wrappers
Task flag set to 0: 36/36 wrappers
Task flag set to 1: 36/36 wrappers
Task flag set to 0: 36/36 wrappers
Task flag set to 1: 36/36 wrappers
Task flag set to 0: 36/36 wrappers
Task flag set to 1: 36/36 wrappers
Task flag set to 0: 36/36 wrappers
Task flag set to 1: 36/36 wrappers
Task flag set to 0: 36/36 wrappers
Task flag set to 1: 36/36 wrappers
Task flag set to 0: 36/36 wrappers
Task flag set to 1: 36/36 wrappers
Task flag set to 0: 36/36 wrappers
Task flag set to 1: 36/36 wrappers
Task flag set to 0: 36/36 wrappers
Task flag set to 1: 36/36 wrappers
Task flag set to 0: 36/36 wrappers
Task flag set to 1: 36/36 wrappers
Task flag set to 0: 36/36 wrappers
Task flag set to 1: 36/36 wrappers
Task flag set to 0: 36/36 wrappers
Task flag set to 1: 36/36 wrappers
Task flag set to 0: 36/36 wrappers
Task flag set to 1: 36/36 wrappers
Task flag set to 0: 36/36 wrappers
Task flag set to 1: 36/36 wrappers
Task flag set to 0: 36/36 wrappers
Task flag set to 1: 36/36 wrappers
Task flag set to 0: 36/36 wrappers
Task flag set to 1: 36/36 wrappers
Task flag set to 0: 36/36 wrappers
Task flag set to 1: 36/36 wrappers
Task flag set to 0: 36/36 wrappers
Task flag set to 1: 36/36 wrappers
Task flag set to 0: 36/36 wrappers
Task flag set to 1: 36/36 wrappers
Task flag set to 0: 36/36 wrappers
Task flag set to 1: 36/36 wrappers
Task flag set to 0: 36/36 wrappers
Task flag set to 1: 36/36 wrappers
Task flag set to 0: 36/36 wrappers
Task flag set to 1: 36/36 wrappers
Task flag set to 0: 36/36 wrappers
Task flag set to 1: 36/36 wrappers
Task flag set to 0: 36/36 wrappers
Task flag set to 1: 36/36 wrappers
Task flag set to 0: 36/36 wrappers
Task flag set to 1: 36/36 wrappers
Task flag set to 0: 36/36 wrappers
Task flag set to 1: 36/36 wrappers
Task flag set to 0: 36/36 wrappers
Task flag set to 1: 36/36 wrappers
Task flag set to 0: 36/36 wrappers
Task flag set to 1: 36/36 wrappers
Task flag set to 0: 36/36 wrappers
Task flag set to 1: 36/36 wrappers
Task flag set to 0: 36/36 wrappers
Task flag set to 1: 36/36 wrappers
Task flag set to 0: 36/36 wrappers
Task flag set to 1: 36/36 wrappers
Task flag set to 0: 36/36 wrappers
Task flag set to 1: 36/36 wrappers
Task flag set to 0: 36/36 wrappers
Task flag set to 1: 36/36 wrappers
Task flag set to 0: 36/36 wrappers
Task flag set to 1: 36/36 wrappers
Task flag set to 0: 36/36 wrappers
Task flag set to 1: 36/36 wrappers
Task flag set to 0: 36/36 wrappers
Task flag set to 1: 36/36 wrappers
Task flag set to 0: 36/36 wrappers
Task flag set to 1: 36/36 wrappers
Task flag set to 0: 36/36 wrappers
Task flag set to 1: 36/36 wrappers
Task flag set to 0: 36/36 wrappers
Task flag set to 1: 36/36 wrappers
Task flag set to 0: 36/36 wrappers
Task flag set to 1: 36/36 wrappers
Task flag set to 0: 36/36 wrappers
Task flag set to 1: 36/36 wrappers
Task flag set to 0: 36/36 wrappers
Task flag set to 1: 36/36 wrappers
Task flag set to 0: 36/36 wrappers
Task flag set to 1: 36/36 wrappers
Task flag set to 0: 36/36 wrappers
Task flag set to 1: 36/36 wrappers
Task flag set to 0: 36/36 wrappers
Task flag set to 1: 36/36 wrappers
Task flag set to 0: 36/36 wrappers
Task flag set to 1: 36/36 wrappers
Task flag set to 0: 36/36 wrappers
Task flag set to 1: 36/36 wrappers
Task flag set to 0: 36/36 wrappers
Task flag set to 1: 36/36 wrappers
Task flag set to 0: 36/36 wrappers
Task flag set to 1: 36/36 wrappers
Task flag set to 0: 36/36 wrappers
Task flag set to 1: 36/36 wrappers
Task flag set to 0: 36/36 wrappers
Task flag set to 1: 36/36 wrappers
Task flag set to 0: 36/36 wrappers
Task flag set to 1: 36/36 wrappers
Task flag set to 0: 36/36 wrappers
Task flag set to 1: 36/36 wrappers
Task flag set to 0: 36/36 wrappers
Task flag set to 1: 36/36 wrappers
Task flag set to 0: 36/36 wrappers
Task flag set to 1: 36/36 wrappers
Task flag set to 0: 36/36 wrappers
Task flag set to 1: 36/36 wrappers
Task flag set to 0: 36/36 wrappers
Task flag set to 1: 36/36 wrappers
Task flag set to 0: 36/36 wrappers
Task flag set to 1: 36/36 wrappers
Task flag set to 0: 36/36 wrappers
Task flag set to 1: 36/36 wrappers
Task flag set to 0: 36/36 wrappers
Task flag set to 1: 36/36 wrappers
Task flag set to 0: 36/36 wrappers
Task flag set to 1: 36/36 wrappers
Task flag set to 0: 36/36 wrappers
Task flag set to 1: 36/36 wrappers
Task flag set to 0: 36/36 wrappers
Task flag set to 1: 36/36 wrappers
Task flag set to 0: 36/36 wrappers
Task flag set to 1: 36/36 wrappers
Task flag set to 0: 36/36 wrappers
Task flag set to 1: 36/36 wrappers
Task flag set to 0: 36/36 wrappers
Task flag set to 1: 36/36 wrappers
Task flag set to 0: 36/36 wrappers
Task flag set to 1: 36/36 wrappers
Task flag set to 0: 36/36 wrappers
Task flag set to 1: 36/36 wrappers
Task flag set to 0: 36/36 wrappers
Task flag set to 1: 36/36 wrappers
Task flag set to 0: 36/36 wrappers
Task flag set to 1: 36/36 wrappers
Task flag set to 0: 36/36 wrappers
Task flag set to 1: 36/36 wrappers
Task flag set to 0: 36/36 wrappers
Task flag set to 1: 36/36 wrappers
Task flag set to 0: 36/36 wrappers
Task flag set to 1: 36/36 wrappers
Task flag set to 0: 36/36 wrappers
Task flag set to 1: 36/36 wrappers
Task flag set to 0: 36/36 wrappers
Task flag set to 1: 36/36 wrappers
Task flag set to 0: 36/36 wrappers
Task flag set to 1: 36/36 wrappers
Task flag set to 0: 36/36 wrappers
Task flag set to 1: 36/36 wrappers
Task flag set to 0: 36/36 wrappers
Task flag set to 1: 36/36 wrappers
Task flag set to 0: 36/36 wrappers
Task flag set to 1: 36/36 wrappers
Task flag set to 0: 36/36 wrappers
Task flag set to 1: 36/36 wrappers
Task flag set to 0: 36/36 wrappers
Task flag set to 1: 36/36 wrappers
Task flag set to 0: 36/36 wrappers
Task flag set to 1: 36/36 wrappers
Task flag set to 0: 36/36 wrappers
Task flag set to 1: 36/36 wrappers
Task flag set to 0: 36/36 wrappers
Task flag set to 1: 36/36 wrappers
Task flag set to 0: 36/36 wrappers
Task flag set to 1: 36/36 wrappers
Task flag set to 0: 36/36 wrappers
Task flag set to 1: 36/36 wrappers
Task flag set to 0: 36/36 wrappers
Task flag set to 1: 36/36 wrappers
Task flag set to 0: 36/36 wrappers
Task flag set to 1: 36/36 wrappers
Task flag set to 0: 36/36 wrappers
Task flag set to 1: 36/36 wrappers
Task flag set to 0: 36/36 wrappers
Task flag set to 1: 36/36 wrappers
Task flag set to 0: 36/36 wrappers
Task flag set to 1: 36/36 wrappers
Task flag set to 0: 36/36 wrappers
Task flag set to 1: 36/36 wrappers
Task flag set to 0: 36/36 wrappers
Task flag set to 1: 36/36 wrappers
Task flag set to 0: 36/36 wrappers
Task flag set to 1: 36/36 wrappers
Task flag set to 0: 36/36 wrappers
Task flag set to 1: 36/36 wrappers
Task flag set to 0: 36/36 wrappers
Task flag set to 1: 36/36 wrappers
Task flag set to 0: 36/36 wrappers
Task flag set to 1: 36/36 wrappers
Task flag set to 0: 36/36 wrappers
Task flag set to 1: 36/36 wrappers
Task flag set to 0: 36/36 wrappers
Task flag set to 1: 36/36 wrappers
Task flag set to 0: 36/36 wrappers
Task flag set to 1: 36/36 wrappers
Task flag set to 0: 36/36 wrappers
Task flag set to 1: 36/36 wrappers
Task flag set to 0: 36/36 wrappers
Task flag set to 1: 36/36 wrappers
Task flag set to 0: 36/36 wrappers
Task flag set to 1: 36/36 wrappers
Task flag set to 0: 36/36 wrappers
Task flag set to 1: 36/36 wrappers
Task flag set to 0: 36/36 wrappers
Task flag set to 1: 36/36 wrappers
Task flag set to 0: 36/36 wrappers
Task flag set to 1: 36/36 wrappers
Task flag set to 0: 36/36 wrappers
Task flag set to 1: 36/36 wrappers
Task flag set to 0: 36/36 wrappers
Task flag set to 1: 36/36 wrappers
Task flag set to 0: 36/36 wrappers
Task flag set to 1: 36/36 wrappers
Task flag set to 0: 36/36 wrappers
Task flag set to 1: 36/36 wrappers
Task flag set to 0: 36/36 wrappers
Task flag set to 1: 36/36 wrappers
Task flag set to 0: 36/36 wrappers
Task flag set to 1: 36/36 wrappers
Task flag set to 0: 36/36 wrappers
Task flag set to 1: 36/36 wrappers
Task flag set to 0: 36/36 wrappers
Task flag set to 1: 36/36 wrappers
Task flag set to 0: 36/36 wrappers
Task flag set to 1: 36/36 wrappers
Task flag set to 0: 36/36 wrappers
Task flag set to 1: 36/36 wrappers
Task flag set to 0: 36/36 wrappers
Task flag set to 1: 36/36 wrappers
Task flag set to 0: 36/36 wrappers
Task flag set to 1: 36/36 wrappers
Task flag set to 0: 36/36 wrappers
Task flag set to 1: 36/36 wrappers
Task flag set to 0: 36/36 wrappers
Task flag set to 1: 36/36 wrappers
Task flag set to 0: 36/36 wrappers
Task flag set to 1: 36/36 wrappers
Task flag set to 0: 36/36 wrappers
Task flag set to 1: 36/36 wrappers
Task flag set to 0: 36/36 wrappers
Task flag set to 1: 36/36 wrappers
Task flag set to 0: 36/36 wrappers
Task flag set to 1: 36/36 wrappers
Task flag set to 0: 36/36 wrappers
Task flag set to 1: 36/36 wrappers
Task flag set to 0: 36/36 wrappers
Task flag set to 1: 36/36 wrappers
Task flag set to 0: 36/36 wrappers
Task flag set to 1: 36/36 wrappers
Task flag set to 0: 36/36 wrappers
Task flag set to 1: 36/36 wrappers
Task flag set to 0: 36/36 wrappers
Task flag set to 1: 36/36 wrappers
Task flag set to 0: 36/36 wrappers
Task flag set to 1: 36/36 wrappers
Task flag set to 0: 36/36 wrappers
Task flag set to 1: 36/36 wrappers
Task flag set to 0: 36/36 wrappers
Task flag set to 1: 36/36 wrappers
Task flag set to 0: 36/36 wrappers
Task flag set to 1: 36/36 wrappers
Task flag set to 0: 36/36 wrappers
Task flag set to 1: 36/36 wrappers
Task flag set to 0: 36/36 wrappers
Task flag set to 1: 36/36 wrappers
Task flag set to 0: 36/36 wrappers
Task flag set to 1: 36/36 wrappers
Task flag set to 0: 36/36 wrappers
Task flag set to 1: 36/36 wrappers
Task flag set to 0: 36/36 wrappers
Task flag set to 1: 36/36 wrappers
Task flag set to 0: 36/36 wrappers
Task flag set to 1: 36/36 wrappers
Task flag set to 0: 36/36 wrappers
Task flag set to 1: 36/36 wrappers
Task flag set to 0: 36/36 wrappers
Task flag set to 1: 36/36 wrappers
Task flag set to 0: 36/36 wrappers
Task flag set to 1: 36/36 wrappers
Task flag set to 0: 36/36 wrappers
Task flag set to 1: 36/36 wrappers
Task flag set to 0: 36/36 wrappers
Task flag set to 1: 36/36 wrappers
Task flag set to 0: 36/36 wrappers
Task flag set to 1: 36/36 wrappers
Task flag set to 0: 36/36 wrappers
Task flag set to 1: 36/36 wrappers
Task flag set to 0: 36/36 wrappers
Task flag set to 1: 36/36 wrappers
Task flag set to 0: 36/36 wrappers
Task flag set to 1: 36/36 wrappers
Task flag set to 0: 36/36 wrappers
Task flag set to 1: 36/36 wrappers
Task flag set to 0: 36/36 wrappers
Task flag set to 1: 36/36 wrappers
Task flag set to 0: 36/36 wrappers
Task flag set to 1: 36/36 wrappers
Task flag set to 0: 36/36 wrappers
Task flag set to 1: 36/36 wrappers
Task flag set to 0: 36/36 wrappers
Task flag set to 1: 36/36 wrappers
Task flag set to 0: 36/36 wrappers
Task flag set to 1: 36/36 wrappers
Task flag set to 0: 36/36 wrappers
Task flag set to 1: 36/36 wrappers
Task flag set to 0: 36/36 wrappers
Task flag set to 1: 36/36 wrappers
Task flag set to 0: 36/36 wrappers
Task flag set to 1: 36/36 wrappers
Task flag set to 0: 36/36 wrappers
Task flag set to 1: 36/36 wrappers
Task flag set to 0: 36/36 wrappers
Task flag set to 1: 36/36 wrappers
Task flag set to 0: 36/36 wrappers
Task flag set to 1: 36/36 wrappers
Task flag set to 0: 36/36 wrappers
Task flag set to 1: 36/36 wrappers
Task flag set to 0: 36/36 wrappers
Task flag set to 1: 36/36 wrappers
Epoch 4/5 summary | Train Loss 1.980418 | Val Loss 1.937460 | Val AUC 0.847200
New best validation AUC: 0.847200 | Checkpoint: checkpoints/cp16/cp16_best_auc.pt
Task flag set to 0: 36/36 wrappers
Task flag set to 0: 36/36 wrappers
Task flag set to 1: 36/36 wrappers
Epoch 5/5 | Batch 1/2000 | Step 8001 | BCE 0.940147 | FTC 1.529693 | Total 2.469841
Task flag set to 0: 36/36 wrappers
Task flag set to 1: 36/36 wrappers
Epoch 5/5 | Batch 2/2000 | Step 8002 | BCE 0.565520 | FTC 1.169432 | Total 1.734953
Task flag set to 0: 36/36 wrappers
Task flag set to 1: 36/36 wrappers
Epoch 5/5 | Batch 3/2000 | Step 8003 | BCE 0.134488 | FTC 1.386347 | Total 1.520835
Task flag set to 0: 36/36 wrappers
Task flag set to 1: 36/36 wrappers
Epoch 5/5 | Batch 4/2000 | Step 8004 | BCE 0.112131 | FTC 2.226314 | Total 2.338445
Task flag set to 0: 36/36 wrappers
Task flag set to 1: 36/36 wrappers
Epoch 5/5 | Batch 5/2000 | Step 8005 | BCE 0.200814 | FTC 1.767556 | Total 1.968369
Task flag set to 0: 36/36 wrappers
Task flag set to 1: 36/36 wrappers
Epoch 5/5 | Batch 6/2000 | Step 8006 | BCE 0.270419 | FTC 1.053240 | Total 1.323660
Task flag set to 0: 36/36 wrappers
Task flag set to 1: 36/36 wrappers
Epoch 5/5 | Batch 7/2000 | Step 8007 | BCE 0.129052 | FTC 1.504024 | Total 1.633076
Task flag set to 0: 36/36 wrappers
Task flag set to 1: 36/36 wrappers
Epoch 5/5 | Batch 8/2000 | Step 8008 | BCE 0.395078 | FTC 1.155551 | Total 1.550630
Task flag set to 0: 36/36 wrappers
Task flag set to 1: 36/36 wrappers
Epoch 5/5 | Batch 9/2000 | Step 8009 | BCE 0.434456 | FTC 1.823893 | Total 2.258349
Task flag set to 0: 36/36 wrappers
Task flag set to 1: 36/36 wrappers
Epoch 5/5 | Batch 10/2000 | Step 8010 | BCE 0.474273 | FTC 1.678167 | Total 2.152441
Task flag set to 0: 36/36 wrappers
Task flag set to 1: 36/36 wrappers
Epoch 5/5 | Batch 11/2000 | Step 8011 | BCE 0.172049 | FTC 1.855794 | Total 2.027843
Task flag set to 0: 36/36 wrappers
Task flag set to 1: 36/36 wrappers
Epoch 5/5 | Batch 12/2000 | Step 8012 | BCE 0.325416 | FTC 1.098438 | Total 1.423854
Task flag set to 0: 36/36 wrappers
Task flag set to 1: 36/36 wrappers
Epoch 5/5 | Batch 13/2000 | Step 8013 | BCE 0.193890 | FTC 1.224165 | Total 1.418056
Task flag set to 0: 36/36 wrappers
Task flag set to 1: 36/36 wrappers
Epoch 5/5 | Batch 14/2000 | Step 8014 | BCE 0.209978 | FTC 1.383460 | Total 1.593438
Task flag set to 0: 36/36 wrappers
Task flag set to 1: 36/36 wrappers
Epoch 5/5 | Batch 15/2000 | Step 8015 | BCE 0.347702 | FTC 2.459950 | Total 2.807652
Task flag set to 0: 36/36 wrappers
Task flag set to 1: 36/36 wrappers
Epoch 5/5 | Batch 16/2000 | Step 8016 | BCE 0.039368 | FTC 1.904365 | Total 1.943732
Task flag set to 0: 36/36 wrappers
Task flag set to 1: 36/36 wrappers
Epoch 5/5 | Batch 17/2000 | Step 8017 | BCE 0.118651 | FTC 1.832036 | Total 1.950688
Task flag set to 0: 36/36 wrappers
Task flag set to 1: 36/36 wrappers
Epoch 5/5 | Batch 18/2000 | Step 8018 | BCE 0.028910 | FTC 1.691723 | Total 1.720633
Task flag set to 0: 36/36 wrappers
Task flag set to 1: 36/36 wrappers
Epoch 5/5 | Batch 19/2000 | Step 8019 | BCE 0.123783 | FTC 1.558692 | Total 1.682475
Task flag set to 0: 36/36 wrappers
Task flag set to 1: 36/36 wrappers
Epoch 5/5 | Batch 20/2000 | Step 8020 | BCE 0.266427 | FTC 0.933744 | Total 1.200171
Task flag set to 0: 36/36 wrappers
Task flag set to 1: 36/36 wrappers
Epoch 5/5 | Batch 21/2000 | Step 8021 | BCE 0.060758 | FTC 1.584767 | Total 1.645525
Task flag set to 0: 36/36 wrappers
Task flag set to 1: 36/36 wrappers
Epoch 5/5 | Batch 22/2000 | Step 8022 | BCE 0.644369 | FTC 1.484064 | Total 2.128434
Task flag set to 0: 36/36 wrappers
Task flag set to 1: 36/36 wrappers
Epoch 5/5 | Batch 23/2000 | Step 8023 | BCE 0.128407 | FTC 1.617816 | Total 1.746223
Task flag set to 0: 36/36 wrappers
Task flag set to 1: 36/36 wrappers
Epoch 5/5 | Batch 24/2000 | Step 8024 | BCE 0.112597 | FTC 1.558545 | Total 1.671142
Task flag set to 0: 36/36 wrappers
Task flag set to 1: 36/36 wrappers
Epoch 5/5 | Batch 25/2000 | Step 8025 | BCE 0.092297 | FTC 1.628730 | Total 1.721027
Task flag set to 0: 36/36 wrappers
Task flag set to 1: 36/36 wrappers
Epoch 5/5 | Batch 26/2000 | Step 8026 | BCE 0.183124 | FTC 1.703707 | Total 1.886831
Task flag set to 0: 36/36 wrappers
Task flag set to 1: 36/36 wrappers
Epoch 5/5 | Batch 27/2000 | Step 8027 | BCE 0.188196 | FTC 1.277538 | Total 1.465733
Task flag set to 0: 36/36 wrappers
Task flag set to 1: 36/36 wrappers
Epoch 5/5 | Batch 28/2000 | Step 8028 | BCE 0.378717 | FTC 1.641598 | Total 2.020315
Task flag set to 0: 36/36 wrappers
Task flag set to 1: 36/36 wrappers
Epoch 5/5 | Batch 29/2000 | Step 8029 | BCE 0.041031 | FTC 1.207559 | Total 1.248590
Task flag set to 0: 36/36 wrappers
Task flag set to 1: 36/36 wrappers
Epoch 5/5 | Batch 30/2000 | Step 8030 | BCE 0.066084 | FTC 1.492036 | Total 1.558120
Task flag set to 0: 36/36 wrappers
Task flag set to 1: 36/36 wrappers
Epoch 5/5 | Batch 31/2000 | Step 8031 | BCE 0.009150 | FTC 1.845719 | Total 1.854869
Task flag set to 0: 36/36 wrappers
Task flag set to 1: 36/36 wrappers
Epoch 5/5 | Batch 32/2000 | Step 8032 | BCE 0.082945 | FTC 1.687471 | Total 1.770417
Task flag set to 0: 36/36 wrappers
Task flag set to 1: 36/36 wrappers
Epoch 5/5 | Batch 33/2000 | Step 8033 | BCE 0.385439 | FTC 2.060769 | Total 2.446208
Task flag set to 0: 36/36 wrappers
Task flag set to 1: 36/36 wrappers
Epoch 5/5 | Batch 34/2000 | Step 8034 | BCE 0.148903 | FTC 1.288656 | Total 1.437559
Task flag set to 0: 36/36 wrappers
Task flag set to 1: 36/36 wrappers
Epoch 5/5 | Batch 35/2000 | Step 8035 | BCE 0.079268 | FTC 1.622861 | Total 1.702130
Task flag set to 0: 36/36 wrappers
Task flag set to 1: 36/36 wrappers
Epoch 5/5 | Batch 36/2000 | Step 8036 | BCE 0.065967 | FTC 1.500724 | Total 1.566691
Task flag set to 0: 36/36 wrappers
Task flag set to 1: 36/36 wrappers
Epoch 5/5 | Batch 37/2000 | Step 8037 | BCE 1.152742 | FTC 1.250742 | Total 2.403484
Task flag set to 0: 36/36 wrappers
Task flag set to 1: 36/36 wrappers
Epoch 5/5 | Batch 38/2000 | Step 8038 | BCE 0.032839 | FTC 1.691608 | Total 1.724448
Task flag set to 0: 36/36 wrappers
Task flag set to 1: 36/36 wrappers
Epoch 5/5 | Batch 39/2000 | Step 8039 | BCE 0.979887 | FTC 1.705085 | Total 2.684971
Task flag set to 0: 36/36 wrappers
Task flag set to 1: 36/36 wrappers
Epoch 5/5 | Batch 40/2000 | Step 8040 | BCE 0.056540 | FTC 1.327041 | Total 1.383581
Task flag set to 0: 36/36 wrappers
Task flag set to 1: 36/36 wrappers
Epoch 5/5 | Batch 41/2000 | Step 8041 | BCE 0.026232 | FTC 1.112022 | Total 1.138254
Task flag set to 0: 36/36 wrappers
Task flag set to 1: 36/36 wrappers
Epoch 5/5 | Batch 42/2000 | Step 8042 | BCE 0.260324 | FTC 1.740253 | Total 2.000577
Task flag set to 0: 36/36 wrappers
Task flag set to 1: 36/36 wrappers
Epoch 5/5 | Batch 43/2000 | Step 8043 | BCE 1.085516 | FTC 1.753189 | Total 2.838706
Task flag set to 0: 36/36 wrappers
Task flag set to 1: 36/36 wrappers
Epoch 5/5 | Batch 44/2000 | Step 8044 | BCE 0.078848 | FTC 1.708336 | Total 1.787184
Task flag set to 0: 36/36 wrappers
Task flag set to 1: 36/36 wrappers
Epoch 5/5 | Batch 45/2000 | Step 8045 | BCE 0.039669 | FTC 1.222759 | Total 1.262428
Task flag set to 0: 36/36 wrappers
Task flag set to 1: 36/36 wrappers
Epoch 5/5 | Batch 46/2000 | Step 8046 | BCE 0.081993 | FTC 1.520353 | Total 1.602346
Task flag set to 0: 36/36 wrappers
Task flag set to 1: 36/36 wrappers
Epoch 5/5 | Batch 47/2000 | Step 8047 | BCE 0.117843 | FTC 1.598107 | Total 1.715950
Task flag set to 0: 36/36 wrappers
Task flag set to 1: 36/36 wrappers
Epoch 5/5 | Batch 48/2000 | Step 8048 | BCE 0.480595 | FTC 1.526344 | Total 2.006939
Task flag set to 0: 36/36 wrappers
Task flag set to 1: 36/36 wrappers
Epoch 5/5 | Batch 49/2000 | Step 8049 | BCE 0.218156 | FTC 1.472700 | Total 1.690856
Task flag set to 0: 36/36 wrappers
Task flag set to 1: 36/36 wrappers
Epoch 5/5 | Batch 50/2000 | Step 8050 | BCE 0.443445 | FTC 1.711463 | Total 2.154908
Task flag set to 0: 36/36 wrappers
Task flag set to 1: 36/36 wrappers
Epoch 5/5 | Batch 51/2000 | Step 8051 | BCE 0.036964 | FTC 1.639283 | Total 1.676248
Task flag set to 0: 36/36 wrappers
Task flag set to 1: 36/36 wrappers
Epoch 5/5 | Batch 52/2000 | Step 8052 | BCE 0.033277 | FTC 1.513171 | Total 1.546448
Task flag set to 0: 36/36 wrappers
Task flag set to 1: 36/36 wrappers
Epoch 5/5 | Batch 53/2000 | Step 8053 | BCE 0.122292 | FTC 1.620663 | Total 1.742955
Task flag set to 0: 36/36 wrappers
Task flag set to 1: 36/36 wrappers
Epoch 5/5 | Batch 54/2000 | Step 8054 | BCE 0.017289 | FTC 1.671341 | Total 1.688630
Task flag set to 0: 36/36 wrappers
Task flag set to 1: 36/36 wrappers
Epoch 5/5 | Batch 55/2000 | Step 8055 | BCE 0.022133 | FTC 1.163772 | Total 1.185905
Task flag set to 0: 36/36 wrappers
Task flag set to 1: 36/36 wrappers
Epoch 5/5 | Batch 56/2000 | Step 8056 | BCE 0.975050 | FTC 1.860083 | Total 2.835134
Task flag set to 0: 36/36 wrappers
Task flag set to 1: 36/36 wrappers
Epoch 5/5 | Batch 57/2000 | Step 8057 | BCE 0.067933 | FTC 1.721948 | Total 1.789881
Task flag set to 0: 36/36 wrappers
Task flag set to 1: 36/36 wrappers
Epoch 5/5 | Batch 58/2000 | Step 8058 | BCE 0.045858 | FTC 1.581176 | Total 1.627034
Task flag set to 0: 36/36 wrappers
Task flag set to 1: 36/36 wrappers
Epoch 5/5 | Batch 59/2000 | Step 8059 | BCE 0.118661 | FTC 1.696322 | Total 1.814983
Task flag set to 0: 36/36 wrappers
Task flag set to 1: 36/36 wrappers
Epoch 5/5 | Batch 60/2000 | Step 8060 | BCE 0.621302 | FTC 2.057177 | Total 2.678479
Task flag set to 0: 36/36 wrappers
Task flag set to 1: 36/36 wrappers
Epoch 5/5 | Batch 61/2000 | Step 8061 | BCE 0.016023 | FTC 1.485149 | Total 1.501172
Task flag set to 0: 36/36 wrappers
Task flag set to 1: 36/36 wrappers
Epoch 5/5 | Batch 62/2000 | Step 8062 | BCE 0.033337 | FTC 1.349678 | Total 1.383016
Task flag set to 0: 36/36 wrappers
Task flag set to 1: 36/36 wrappers
Epoch 5/5 | Batch 63/2000 | Step 8063 | BCE 0.030318 | FTC 1.501366 | Total 1.531684
Task flag set to 0: 36/36 wrappers
Task flag set to 1: 36/36 wrappers
Epoch 5/5 | Batch 64/2000 | Step 8064 | BCE 0.067361 | FTC 1.695653 | Total 1.763014
Task flag set to 0: 36/36 wrappers
Task flag set to 1: 36/36 wrappers
Epoch 5/5 | Batch 65/2000 | Step 8065 | BCE 0.789681 | FTC 1.629235 | Total 2.418916
Task flag set to 0: 36/36 wrappers
Task flag set to 1: 36/36 wrappers
Epoch 5/5 | Batch 66/2000 | Step 8066 | BCE 0.618454 | FTC 1.157816 | Total 1.776270
Task flag set to 0: 36/36 wrappers
Task flag set to 1: 36/36 wrappers
Epoch 5/5 | Batch 67/2000 | Step 8067 | BCE 0.172097 | FTC 1.721489 | Total 1.893586
Task flag set to 0: 36/36 wrappers
Task flag set to 1: 36/36 wrappers
Epoch 5/5 | Batch 68/2000 | Step 8068 | BCE 0.059667 | FTC 1.568976 | Total 1.628643
Task flag set to 0: 36/36 wrappers
Task flag set to 1: 36/36 wrappers
Epoch 5/5 | Batch 69/2000 | Step 8069 | BCE 0.169306 | FTC 1.499677 | Total 1.668983
Task flag set to 0: 36/36 wrappers
Task flag set to 1: 36/36 wrappers
Epoch 5/5 | Batch 70/2000 | Step 8070 | BCE 0.162920 | FTC 1.542584 | Total 1.705504
Task flag set to 0: 36/36 wrappers
Task flag set to 1: 36/36 wrappers
Epoch 5/5 | Batch 71/2000 | Step 8071 | BCE 1.901821 | FTC 2.504743 | Total 4.406564
Task flag set to 0: 36/36 wrappers
Task flag set to 1: 36/36 wrappers
Epoch 5/5 | Batch 72/2000 | Step 8072 | BCE 0.020287 | FTC 1.503783 | Total 1.524070
Task flag set to 0: 36/36 wrappers
Task flag set to 1: 36/36 wrappers
Epoch 5/5 | Batch 73/2000 | Step 8073 | BCE 0.337860 | FTC 1.381802 | Total 1.719662
Task flag set to 0: 36/36 wrappers
Task flag set to 1: 36/36 wrappers
Epoch 5/5 | Batch 74/2000 | Step 8074 | BCE 0.498219 | FTC 1.409592 | Total 1.907811
Task flag set to 0: 36/36 wrappers
Task flag set to 1: 36/36 wrappers
Epoch 5/5 | Batch 75/2000 | Step 8075 | BCE 0.033974 | FTC 1.376631 | Total 1.410604
Task flag set to 0: 36/36 wrappers
Task flag set to 1: 36/36 wrappers
Epoch 5/5 | Batch 76/2000 | Step 8076 | BCE 0.039046 | FTC 1.685976 | Total 1.725022
Task flag set to 0: 36/36 wrappers
Task flag set to 1: 36/36 wrappers
Epoch 5/5 | Batch 77/2000 | Step 8077 | BCE 0.118625 | FTC 1.375539 | Total 1.494164
Task flag set to 0: 36/36 wrappers
Task flag set to 1: 36/36 wrappers
Epoch 5/5 | Batch 78/2000 | Step 8078 | BCE 0.103902 | FTC 1.759930 | Total 1.863833
Task flag set to 0: 36/36 wrappers
Task flag set to 1: 36/36 wrappers
Epoch 5/5 | Batch 79/2000 | Step 8079 | BCE 0.244195 | FTC 1.705189 | Total 1.949384
Task flag set to 0: 36/36 wrappers
Task flag set to 1: 36/36 wrappers
Epoch 5/5 | Batch 80/2000 | Step 8080 | BCE 0.096247 | FTC 1.630713 | Total 1.726959
Task flag set to 0: 36/36 wrappers
Task flag set to 1: 36/36 wrappers
Epoch 5/5 | Batch 81/2000 | Step 8081 | BCE 0.655770 | FTC 1.535617 | Total 2.191387
Task flag set to 0: 36/36 wrappers
Task flag set to 1: 36/36 wrappers
Epoch 5/5 | Batch 82/2000 | Step 8082 | BCE 0.041846 | FTC 1.484177 | Total 1.526022
Task flag set to 0: 36/36 wrappers
Task flag set to 1: 36/36 wrappers
Epoch 5/5 | Batch 83/2000 | Step 8083 | BCE 0.028904 | FTC 1.434269 | Total 1.463173
Task flag set to 0: 36/36 wrappers
Task flag set to 1: 36/36 wrappers
Epoch 5/5 | Batch 84/2000 | Step 8084 | BCE 0.219293 | FTC 1.702888 | Total 1.922180
Task flag set to 0: 36/36 wrappers
Task flag set to 1: 36/36 wrappers
Epoch 5/5 | Batch 85/2000 | Step 8085 | BCE 0.081353 | FTC 1.628545 | Total 1.709899
Task flag set to 0: 36/36 wrappers
Task flag set to 1: 36/36 wrappers
Epoch 5/5 | Batch 86/2000 | Step 8086 | BCE 0.095517 | FTC 1.397286 | Total 1.492802
Task flag set to 0: 36/36 wrappers
Task flag set to 1: 36/36 wrappers
Epoch 5/5 | Batch 87/2000 | Step 8087 | BCE 0.791283 | FTC 1.521569 | Total 2.312852
Task flag set to 0: 36/36 wrappers
Task flag set to 1: 36/36 wrappers
Epoch 5/5 | Batch 88/2000 | Step 8088 | BCE 0.048304 | FTC 1.577569 | Total 1.625872
Task flag set to 0: 36/36 wrappers
Task flag set to 1: 36/36 wrappers
Epoch 5/5 | Batch 89/2000 | Step 8089 | BCE 0.086574 | FTC 1.564266 | Total 1.650840
Task flag set to 0: 36/36 wrappers
Task flag set to 1: 36/36 wrappers
Epoch 5/5 | Batch 90/2000 | Step 8090 | BCE 0.179135 | FTC 1.156349 | Total 1.335485
Task flag set to 0: 36/36 wrappers
Task flag set to 1: 36/36 wrappers
Epoch 5/5 | Batch 91/2000 | Step 8091 | BCE 0.242948 | FTC 1.821657 | Total 2.064605
Task flag set to 0: 36/36 wrappers
Task flag set to 1: 36/36 wrappers
Epoch 5/5 | Batch 92/2000 | Step 8092 | BCE 0.995953 | FTC 1.995959 | Total 2.991912
Task flag set to 0: 36/36 wrappers
Task flag set to 1: 36/36 wrappers
Epoch 5/5 | Batch 93/2000 | Step 8093 | BCE 0.025073 | FTC 1.439732 | Total 1.464805
Task flag set to 0: 36/36 wrappers
Task flag set to 1: 36/36 wrappers
Epoch 5/5 | Batch 94/2000 | Step 8094 | BCE 0.397173 | FTC 1.114596 | Total 1.511768
Task flag set to 0: 36/36 wrappers
Task flag set to 1: 36/36 wrappers
Epoch 5/5 | Batch 95/2000 | Step 8095 | BCE 0.839507 | FTC 1.585545 | Total 2.425052
Task flag set to 0: 36/36 wrappers
Task flag set to 1: 36/36 wrappers
Epoch 5/5 | Batch 96/2000 | Step 8096 | BCE 1.675731 | FTC 2.572985 | Total 4.248716
Task flag set to 0: 36/36 wrappers
Task flag set to 1: 36/36 wrappers
Epoch 5/5 | Batch 97/2000 | Step 8097 | BCE 0.364067 | FTC 1.588291 | Total 1.952359
Task flag set to 0: 36/36 wrappers
Task flag set to 1: 36/36 wrappers
Epoch 5/5 | Batch 98/2000 | Step 8098 | BCE 0.044086 | FTC 1.411267 | Total 1.455353
Task flag set to 0: 36/36 wrappers
Task flag set to 1: 36/36 wrappers
Epoch 5/5 | Batch 99/2000 | Step 8099 | BCE 0.768719 | FTC 1.677587 | Total 2.446306
Task flag set to 0: 36/36 wrappers
Task flag set to 1: 36/36 wrappers
Epoch 5/5 | Batch 100/2000 | Step 8100 | BCE 0.190725 | FTC 1.875394 | Total 2.066119
Task flag set to 0: 36/36 wrappers
Task flag set to 1: 36/36 wrappers
Epoch 5/5 | Batch 101/2000 | Step 8101 | BCE 0.325604 | FTC 1.208939 | Total 1.534543
Task flag set to 0: 36/36 wrappers
Task flag set to 1: 36/36 wrappers
Epoch 5/5 | Batch 102/2000 | Step 8102 | BCE 0.847233 | FTC 1.529399 | Total 2.376632
Task flag set to 0: 36/36 wrappers
Task flag set to 1: 36/36 wrappers
Epoch 5/5 | Batch 103/2000 | Step 8103 | BCE 0.046178 | FTC 1.928987 | Total 1.975165
Task flag set to 0: 36/36 wrappers
Task flag set to 1: 36/36 wrappers
Epoch 5/5 | Batch 104/2000 | Step 8104 | BCE 0.101949 | FTC 1.699965 | Total 1.801914
Task flag set to 0: 36/36 wrappers
Task flag set to 1: 36/36 wrappers
Epoch 5/5 | Batch 105/2000 | Step 8105 | BCE 0.220405 | FTC 1.741041 | Total 1.961446
Task flag set to 0: 36/36 wrappers
Task flag set to 1: 36/36 wrappers
Epoch 5/5 | Batch 106/2000 | Step 8106 | BCE 0.148049 | FTC 1.647924 | Total 1.795973
Task flag set to 0: 36/36 wrappers
Task flag set to 1: 36/36 wrappers
Epoch 5/5 | Batch 107/2000 | Step 8107 | BCE 0.214875 | FTC 1.153451 | Total 1.368326
Task flag set to 0: 36/36 wrappers
Task flag set to 1: 36/36 wrappers
Epoch 5/5 | Batch 108/2000 | Step 8108 | BCE 0.092724 | FTC 1.567460 | Total 1.660184
Task flag set to 0: 36/36 wrappers
Task flag set to 1: 36/36 wrappers
Epoch 5/5 | Batch 109/2000 | Step 8109 | BCE 0.205099 | FTC 1.591738 | Total 1.796838
Task flag set to 0: 36/36 wrappers
Task flag set to 1: 36/36 wrappers
Epoch 5/5 | Batch 110/2000 | Step 8110 | BCE 1.153881 | FTC 1.304402 | Total 2.458282
Task flag set to 0: 36/36 wrappers
Task flag set to 1: 36/36 wrappers
Epoch 5/5 | Batch 111/2000 | Step 8111 | BCE 0.119355 | FTC 1.662627 | Total 1.781982
Task flag set to 0: 36/36 wrappers
Task flag set to 1: 36/36 wrappers
Epoch 5/5 | Batch 112/2000 | Step 8112 | BCE 0.549383 | FTC 1.306383 | Total 1.855766
Task flag set to 0: 36/36 wrappers
Task flag set to 1: 36/36 wrappers
Epoch 5/5 | Batch 113/2000 | Step 8113 | BCE 0.290499 | FTC 1.859324 | Total 2.149823
Task flag set to 0: 36/36 wrappers
Task flag set to 1: 36/36 wrappers
Epoch 5/5 | Batch 114/2000 | Step 8114 | BCE 0.034638 | FTC 1.477877 | Total 1.512515
Task flag set to 0: 36/36 wrappers
Task flag set to 1: 36/36 wrappers
Epoch 5/5 | Batch 115/2000 | Step 8115 | BCE 0.064113 | FTC 1.374936 | Total 1.439049
Task flag set to 0: 36/36 wrappers
Task flag set to 1: 36/36 wrappers
Epoch 5/5 | Batch 116/2000 | Step 8116 | BCE 0.096245 | FTC 1.510583 | Total 1.606827
Task flag set to 0: 36/36 wrappers
Task flag set to 1: 36/36 wrappers
Epoch 5/5 | Batch 117/2000 | Step 8117 | BCE 0.074618 | FTC 1.530560 | Total 1.605178
Task flag set to 0: 36/36 wrappers
Task flag set to 1: 36/36 wrappers
Epoch 5/5 | Batch 118/2000 | Step 8118 | BCE 0.227179 | FTC 1.688439 | Total 1.915618
Task flag set to 0: 36/36 wrappers
Task flag set to 1: 36/36 wrappers
Epoch 5/5 | Batch 119/2000 | Step 8119 | BCE 0.272876 | FTC 0.913161 | Total 1.186038
Task flag set to 0: 36/36 wrappers
Task flag set to 1: 36/36 wrappers
Epoch 5/5 | Batch 120/2000 | Step 8120 | BCE 0.228941 | FTC 1.774708 | Total 2.003649
Task flag set to 0: 36/36 wrappers
Task flag set to 1: 36/36 wrappers
Epoch 5/5 | Batch 121/2000 | Step 8121 | BCE 0.132640 | FTC 1.756909 | Total 1.889550
Task flag set to 0: 36/36 wrappers
Task flag set to 1: 36/36 wrappers
Epoch 5/5 | Batch 122/2000 | Step 8122 | BCE 0.298995 | FTC 1.712404 | Total 2.011399
Task flag set to 0: 36/36 wrappers
Task flag set to 1: 36/36 wrappers
Epoch 5/5 | Batch 123/2000 | Step 8123 | BCE 0.130800 | FTC 1.676182 | Total 1.806982
Task flag set to 0: 36/36 wrappers
Task flag set to 1: 36/36 wrappers
Epoch 5/5 | Batch 124/2000 | Step 8124 | BCE 0.704490 | FTC 1.569185 | Total 2.273675
Task flag set to 0: 36/36 wrappers
Task flag set to 1: 36/36 wrappers
Epoch 5/5 | Batch 125/2000 | Step 8125 | BCE 0.276047 | FTC 1.803258 | Total 2.079306
Task flag set to 0: 36/36 wrappers
Task flag set to 1: 36/36 wrappers
Epoch 5/5 | Batch 126/2000 | Step 8126 | BCE 1.528570 | FTC 1.282997 | Total 2.811567
Task flag set to 0: 36/36 wrappers
Task flag set to 1: 36/36 wrappers
Epoch 5/5 | Batch 127/2000 | Step 8127 | BCE 0.139066 | FTC 1.810248 | Total 1.949314
Task flag set to 0: 36/36 wrappers
Task flag set to 1: 36/36 wrappers
Epoch 5/5 | Batch 128/2000 | Step 8128 | BCE 1.240367 | FTC 1.735776 | Total 2.976143
Task flag set to 0: 36/36 wrappers
Task flag set to 1: 36/36 wrappers
Epoch 5/5 | Batch 129/2000 | Step 8129 | BCE 0.132191 | FTC 1.568780 | Total 1.700972
Task flag set to 0: 36/36 wrappers
Task flag set to 1: 36/36 wrappers
Epoch 5/5 | Batch 130/2000 | Step 8130 | BCE 0.066106 | FTC 1.506235 | Total 1.572341
Task flag set to 0: 36/36 wrappers
Task flag set to 1: 36/36 wrappers
Epoch 5/5 | Batch 131/2000 | Step 8131 | BCE 0.375819 | FTC 1.046871 | Total 1.422690
Task flag set to 0: 36/36 wrappers
Task flag set to 1: 36/36 wrappers
Epoch 5/5 | Batch 132/2000 | Step 8132 | BCE 0.448802 | FTC 1.267328 | Total 1.716130
Task flag set to 0: 36/36 wrappers
Task flag set to 1: 36/36 wrappers
Epoch 5/5 | Batch 133/2000 | Step 8133 | BCE 0.079338 | FTC 1.596630 | Total 1.675968
Task flag set to 0: 36/36 wrappers
Task flag set to 1: 36/36 wrappers
Epoch 5/5 | Batch 134/2000 | Step 8134 | BCE 0.123642 | FTC 1.575361 | Total 1.699002
Task flag set to 0: 36/36 wrappers
Task flag set to 1: 36/36 wrappers
Epoch 5/5 | Batch 135/2000 | Step 8135 | BCE 0.720594 | FTC 1.673015 | Total 2.393609
Task flag set to 0: 36/36 wrappers
Task flag set to 1: 36/36 wrappers
Epoch 5/5 | Batch 136/2000 | Step 8136 | BCE 0.173422 | FTC 1.829241 | Total 2.002663
Task flag set to 0: 36/36 wrappers
Task flag set to 1: 36/36 wrappers
Epoch 5/5 | Batch 137/2000 | Step 8137 | BCE 0.133668 | FTC 1.536161 | Total 1.669829
Task flag set to 0: 36/36 wrappers
Task flag set to 1: 36/36 wrappers
Epoch 5/5 | Batch 138/2000 | Step 8138 | BCE 0.345050 | FTC 1.293218 | Total 1.638269
Task flag set to 0: 36/36 wrappers
Task flag set to 1: 36/36 wrappers
Epoch 5/5 | Batch 139/2000 | Step 8139 | BCE 0.839483 | FTC 1.743521 | Total 2.583004
Task flag set to 0: 36/36 wrappers
Task flag set to 1: 36/36 wrappers
Epoch 5/5 | Batch 140/2000 | Step 8140 | BCE 0.136652 | FTC 1.256919 | Total 1.393571
Task flag set to 0: 36/36 wrappers
Task flag set to 1: 36/36 wrappers
Epoch 5/5 | Batch 141/2000 | Step 8141 | BCE 0.873460 | FTC 1.913365 | Total 2.786825
Task flag set to 0: 36/36 wrappers
Task flag set to 1: 36/36 wrappers
Epoch 5/5 | Batch 142/2000 | Step 8142 | BCE 0.564574 | FTC 1.779737 | Total 2.344312
Task flag set to 0: 36/36 wrappers
Task flag set to 1: 36/36 wrappers
Epoch 5/5 | Batch 143/2000 | Step 8143 | BCE 0.098247 | FTC 1.647846 | Total 1.746092
Task flag set to 0: 36/36 wrappers
Task flag set to 1: 36/36 wrappers
Epoch 5/5 | Batch 144/2000 | Step 8144 | BCE 0.308145 | FTC 1.064320 | Total 1.372464
Task flag set to 0: 36/36 wrappers
Task flag set to 1: 36/36 wrappers
Epoch 5/5 | Batch 145/2000 | Step 8145 | BCE 0.404558 | FTC 1.643307 | Total 2.047865
Task flag set to 0: 36/36 wrappers
Task flag set to 1: 36/36 wrappers
Epoch 5/5 | Batch 146/2000 | Step 8146 | BCE 0.583823 | FTC 1.910560 | Total 2.494383
Task flag set to 0: 36/36 wrappers
Task flag set to 1: 36/36 wrappers
Epoch 5/5 | Batch 147/2000 | Step 8147 | BCE 0.669943 | FTC 1.566474 | Total 2.236416
Task flag set to 0: 36/36 wrappers
Task flag set to 1: 36/36 wrappers
Epoch 5/5 | Batch 148/2000 | Step 8148 | BCE 0.438314 | FTC 0.989250 | Total 1.427565
Task flag set to 0: 36/36 wrappers
Task flag set to 1: 36/36 wrappers
Epoch 5/5 | Batch 149/2000 | Step 8149 | BCE 0.590798 | FTC 1.679749 | Total 2.270547
Task flag set to 0: 36/36 wrappers
Task flag set to 1: 36/36 wrappers
Epoch 5/5 | Batch 150/2000 | Step 8150 | BCE 0.427341 | FTC 1.628238 | Total 2.055579
Task flag set to 0: 36/36 wrappers
Task flag set to 1: 36/36 wrappers
Epoch 5/5 | Batch 151/2000 | Step 8151 | BCE 0.450953 | FTC 1.936488 | Total 2.387441
Task flag set to 0: 36/36 wrappers
Task flag set to 1: 36/36 wrappers
Epoch 5/5 | Batch 152/2000 | Step 8152 | BCE 0.234995 | FTC 0.996164 | Total 1.231159
Task flag set to 0: 36/36 wrappers
Task flag set to 1: 36/36 wrappers
Epoch 5/5 | Batch 153/2000 | Step 8153 | BCE 0.150896 | FTC 1.557467 | Total 1.708364
Task flag set to 0: 36/36 wrappers
Task flag set to 1: 36/36 wrappers
Epoch 5/5 | Batch 154/2000 | Step 8154 | BCE 0.326045 | FTC 1.684482 | Total 2.010527
Task flag set to 0: 36/36 wrappers
Task flag set to 1: 36/36 wrappers
Epoch 5/5 | Batch 155/2000 | Step 8155 | BCE 0.238810 | FTC 1.483498 | Total 1.722308
Task flag set to 0: 36/36 wrappers
Task flag set to 1: 36/36 wrappers
Epoch 5/5 | Batch 156/2000 | Step 8156 | BCE 0.113894 | FTC 1.665508 | Total 1.779402
Task flag set to 0: 36/36 wrappers
Task flag set to 1: 36/36 wrappers
Epoch 5/5 | Batch 157/2000 | Step 8157 | BCE 0.247748 | FTC 1.821563 | Total 2.069311
Task flag set to 0: 36/36 wrappers
Task flag set to 1: 36/36 wrappers
Epoch 5/5 | Batch 158/2000 | Step 8158 | BCE 0.078425 | FTC 1.415019 | Total 1.493444
Task flag set to 0: 36/36 wrappers
Task flag set to 1: 36/36 wrappers
Epoch 5/5 | Batch 159/2000 | Step 8159 | BCE 0.265558 | FTC 1.159396 | Total 1.424955
Task flag set to 0: 36/36 wrappers
Task flag set to 1: 36/36 wrappers
Epoch 5/5 | Batch 160/2000 | Step 8160 | BCE 0.082029 | FTC 1.354317 | Total 1.436346
Task flag set to 0: 36/36 wrappers
Task flag set to 1: 36/36 wrappers
Epoch 5/5 | Batch 161/2000 | Step 8161 | BCE 0.885595 | FTC 1.524037 | Total 2.409632
Task flag set to 0: 36/36 wrappers
Task flag set to 1: 36/36 wrappers
Epoch 5/5 | Batch 162/2000 | Step 8162 | BCE 0.071042 | FTC 1.223053 | Total 1.294096
Task flag set to 0: 36/36 wrappers
Task flag set to 1: 36/36 wrappers
Epoch 5/5 | Batch 163/2000 | Step 8163 | BCE 0.650422 | FTC 1.214293 | Total 1.864714
Task flag set to 0: 36/36 wrappers
Task flag set to 1: 36/36 wrappers
Epoch 5/5 | Batch 164/2000 | Step 8164 | BCE 0.071949 | FTC 1.539205 | Total 1.611154
Task flag set to 0: 36/36 wrappers
Task flag set to 1: 36/36 wrappers
Epoch 5/5 | Batch 165/2000 | Step 8165 | BCE 0.027423 | FTC 1.439656 | Total 1.467079
Task flag set to 0: 36/36 wrappers
Task flag set to 1: 36/36 wrappers
Epoch 5/5 | Batch 166/2000 | Step 8166 | BCE 0.688346 | FTC 1.130678 | Total 1.819023
Task flag set to 0: 36/36 wrappers
Task flag set to 1: 36/36 wrappers
Epoch 5/5 | Batch 167/2000 | Step 8167 | BCE 0.859971 | FTC 1.936862 | Total 2.796833
Task flag set to 0: 36/36 wrappers
Task flag set to 1: 36/36 wrappers
Epoch 5/5 | Batch 168/2000 | Step 8168 | BCE 0.021323 | FTC 1.788743 | Total 1.810065
Task flag set to 0: 36/36 wrappers
Task flag set to 1: 36/36 wrappers
Epoch 5/5 | Batch 169/2000 | Step 8169 | BCE 0.074312 | FTC 1.355149 | Total 1.429461
Task flag set to 0: 36/36 wrappers
Task flag set to 1: 36/36 wrappers
Epoch 5/5 | Batch 170/2000 | Step 8170 | BCE 0.074770 | FTC 1.673667 | Total 1.748437
Task flag set to 0: 36/36 wrappers
Task flag set to 1: 36/36 wrappers
Epoch 5/5 | Batch 171/2000 | Step 8171 | BCE 1.345429 | FTC 1.739231 | Total 3.084660
Task flag set to 0: 36/36 wrappers
Task flag set to 1: 36/36 wrappers
Epoch 5/5 | Batch 172/2000 | Step 8172 | BCE 0.015355 | FTC 2.215871 | Total 2.231226
Task flag set to 0: 36/36 wrappers
Task flag set to 1: 36/36 wrappers
Epoch 5/5 | Batch 173/2000 | Step 8173 | BCE 0.204625 | FTC 1.498265 | Total 1.702889
Task flag set to 0: 36/36 wrappers
Task flag set to 1: 36/36 wrappers
Epoch 5/5 | Batch 174/2000 | Step 8174 | BCE 0.266693 | FTC 1.830246 | Total 2.096939
Task flag set to 0: 36/36 wrappers
Task flag set to 1: 36/36 wrappers
Epoch 5/5 | Batch 175/2000 | Step 8175 | BCE 0.106074 | FTC 1.275000 | Total 1.381074
Task flag set to 0: 36/36 wrappers
Task flag set to 1: 36/36 wrappers
Epoch 5/5 | Batch 176/2000 | Step 8176 | BCE 0.077984 | FTC 1.413794 | Total 1.491778
Task flag set to 0: 36/36 wrappers
Task flag set to 1: 36/36 wrappers
Epoch 5/5 | Batch 177/2000 | Step 8177 | BCE 0.057799 | FTC 1.152288 | Total 1.210087
Task flag set to 0: 36/36 wrappers
Task flag set to 1: 36/36 wrappers
Epoch 5/5 | Batch 178/2000 | Step 8178 | BCE 0.260275 | FTC 2.069556 | Total 2.329831
Task flag set to 0: 36/36 wrappers
Task flag set to 1: 36/36 wrappers
Epoch 5/5 | Batch 179/2000 | Step 8179 | BCE 0.019818 | FTC 1.352790 | Total 1.372608
Task flag set to 0: 36/36 wrappers
Task flag set to 1: 36/36 wrappers
Epoch 5/5 | Batch 180/2000 | Step 8180 | BCE 0.256687 | FTC 1.597338 | Total 1.854025
Task flag set to 0: 36/36 wrappers
Task flag set to 1: 36/36 wrappers
Epoch 5/5 | Batch 181/2000 | Step 8181 | BCE 0.054857 | FTC 1.330112 | Total 1.384968
Task flag set to 0: 36/36 wrappers
Task flag set to 1: 36/36 wrappers
Epoch 5/5 | Batch 182/2000 | Step 8182 | BCE 0.812178 | FTC 1.558656 | Total 2.370834
Task flag set to 0: 36/36 wrappers
Task flag set to 1: 36/36 wrappers
Epoch 5/5 | Batch 183/2000 | Step 8183 | BCE 1.456391 | FTC 1.329487 | Total 2.785878
Task flag set to 0: 36/36 wrappers
Task flag set to 1: 36/36 wrappers
Epoch 5/5 | Batch 184/2000 | Step 8184 | BCE 1.516369 | FTC 1.656889 | Total 3.173258
Task flag set to 0: 36/36 wrappers
Task flag set to 1: 36/36 wrappers
Epoch 5/5 | Batch 185/2000 | Step 8185 | BCE 0.081001 | FTC 1.551425 | Total 1.632426
Task flag set to 0: 36/36 wrappers
Task flag set to 1: 36/36 wrappers
Epoch 5/5 | Batch 186/2000 | Step 8186 | BCE 0.728595 | FTC 1.413491 | Total 2.142086
Task flag set to 0: 36/36 wrappers
Task flag set to 1: 36/36 wrappers
Epoch 5/5 | Batch 187/2000 | Step 8187 | BCE 0.065468 | FTC 1.991761 | Total 2.057228
Task flag set to 0: 36/36 wrappers
Task flag set to 1: 36/36 wrappers
Epoch 5/5 | Batch 188/2000 | Step 8188 | BCE 0.094173 | FTC 1.448503 | Total 1.542676
Task flag set to 0: 36/36 wrappers
Task flag set to 1: 36/36 wrappers
Epoch 5/5 | Batch 189/2000 | Step 8189 | BCE 0.034304 | FTC 1.393769 | Total 1.428073
Task flag set to 0: 36/36 wrappers
Task flag set to 1: 36/36 wrappers
Epoch 5/5 | Batch 190/2000 | Step 8190 | BCE 0.065133 | FTC 1.860188 | Total 1.925321
Task flag set to 0: 36/36 wrappers
Task flag set to 1: 36/36 wrappers
Epoch 5/5 | Batch 191/2000 | Step 8191 | BCE 0.103114 | FTC 1.789797 | Total 1.892911
Task flag set to 0: 36/36 wrappers
Task flag set to 1: 36/36 wrappers
Epoch 5/5 | Batch 192/2000 | Step 8192 | BCE 0.431975 | FTC 1.218683 | Total 1.650658
Task flag set to 0: 36/36 wrappers
Task flag set to 1: 36/36 wrappers
Epoch 5/5 | Batch 193/2000 | Step 8193 | BCE 0.329832 | FTC 1.458431 | Total 1.788262
Task flag set to 0: 36/36 wrappers
Task flag set to 1: 36/36 wrappers
Epoch 5/5 | Batch 194/2000 | Step 8194 | BCE 0.132762 | FTC 1.743458 | Total 1.876220
Task flag set to 0: 36/36 wrappers
Task flag set to 1: 36/36 wrappers
Epoch 5/5 | Batch 195/2000 | Step 8195 | BCE 0.347051 | FTC 1.472213 | Total 1.819264
Task flag set to 0: 36/36 wrappers
Task flag set to 1: 36/36 wrappers
Epoch 5/5 | Batch 196/2000 | Step 8196 | BCE 0.031652 | FTC 1.611684 | Total 1.643337
Task flag set to 0: 36/36 wrappers
Task flag set to 1: 36/36 wrappers
Epoch 5/5 | Batch 197/2000 | Step 8197 | BCE 0.191089 | FTC 1.643584 | Total 1.834673
Task flag set to 0: 36/36 wrappers
Task flag set to 1: 36/36 wrappers
Epoch 5/5 | Batch 198/2000 | Step 8198 | BCE 0.223715 | FTC 1.732460 | Total 1.956174
Task flag set to 0: 36/36 wrappers
Task flag set to 1: 36/36 wrappers
Epoch 5/5 | Batch 199/2000 | Step 8199 | BCE 0.312886 | FTC 1.898660 | Total 2.211546
Task flag set to 0: 36/36 wrappers
Task flag set to 1: 36/36 wrappers
Epoch 5/5 | Batch 200/2000 | Step 8200 | BCE 0.166867 | FTC 1.606504 | Total 1.773371
Task flag set to 0: 36/36 wrappers
Task flag set to 1: 36/36 wrappers
Epoch 5/5 | Batch 201/2000 | Step 8201 | BCE 0.373812 | FTC 1.567536 | Total 1.941348
Task flag set to 0: 36/36 wrappers
Task flag set to 1: 36/36 wrappers
Epoch 5/5 | Batch 202/2000 | Step 8202 | BCE 0.448337 | FTC 1.088778 | Total 1.537115
Task flag set to 0: 36/36 wrappers
Task flag set to 1: 36/36 wrappers
Epoch 5/5 | Batch 203/2000 | Step 8203 | BCE 0.192213 | FTC 1.232311 | Total 1.424524
Task flag set to 0: 36/36 wrappers
Task flag set to 1: 36/36 wrappers
Epoch 5/5 | Batch 204/2000 | Step 8204 | BCE 0.036803 | FTC 1.642057 | Total 1.678860
Task flag set to 0: 36/36 wrappers
Task flag set to 1: 36/36 wrappers
Epoch 5/5 | Batch 205/2000 | Step 8205 | BCE 1.401070 | FTC 1.557345 | Total 2.958415
Task flag set to 0: 36/36 wrappers
Task flag set to 1: 36/36 wrappers
Epoch 5/5 | Batch 206/2000 | Step 8206 | BCE 0.260140 | FTC 1.493925 | Total 1.754065
Task flag set to 0: 36/36 wrappers
Task flag set to 1: 36/36 wrappers
Epoch 5/5 | Batch 207/2000 | Step 8207 | BCE 0.079659 | FTC 1.466902 | Total 1.546562
Task flag set to 0: 36/36 wrappers
Task flag set to 1: 36/36 wrappers
Epoch 5/5 | Batch 208/2000 | Step 8208 | BCE 0.505715 | FTC 1.236789 | Total 1.742504
Task flag set to 0: 36/36 wrappers
Task flag set to 1: 36/36 wrappers
Epoch 5/5 | Batch 209/2000 | Step 8209 | BCE 0.377138 | FTC 1.184915 | Total 1.562053
Task flag set to 0: 36/36 wrappers
Task flag set to 1: 36/36 wrappers
Epoch 5/5 | Batch 210/2000 | Step 8210 | BCE 0.099344 | FTC 1.531436 | Total 1.630780
Task flag set to 0: 36/36 wrappers
Task flag set to 1: 36/36 wrappers
Epoch 5/5 | Batch 211/2000 | Step 8211 | BCE 0.449370 | FTC 1.353107 | Total 1.802477
Task flag set to 0: 36/36 wrappers
Task flag set to 1: 36/36 wrappers
Epoch 5/5 | Batch 212/2000 | Step 8212 | BCE 0.279167 | FTC 0.800300 | Total 1.079466
Task flag set to 0: 36/36 wrappers
Task flag set to 1: 36/36 wrappers
Epoch 5/5 | Batch 213/2000 | Step 8213 | BCE 0.119277 | FTC 1.157881 | Total 1.277158
Task flag set to 0: 36/36 wrappers
Task flag set to 1: 36/36 wrappers
Epoch 5/5 | Batch 214/2000 | Step 8214 | BCE 0.055841 | FTC 1.635168 | Total 1.691008
Task flag set to 0: 36/36 wrappers
Task flag set to 1: 36/36 wrappers
Epoch 5/5 | Batch 215/2000 | Step 8215 | BCE 0.161746 | FTC 2.032053 | Total 2.193799
Task flag set to 0: 36/36 wrappers
Task flag set to 1: 36/36 wrappers
Epoch 5/5 | Batch 216/2000 | Step 8216 | BCE 0.616722 | FTC 1.425300 | Total 2.042022
Task flag set to 0: 36/36 wrappers
Task flag set to 1: 36/36 wrappers
Epoch 5/5 | Batch 217/2000 | Step 8217 | BCE 0.164414 | FTC 1.638693 | Total 1.803107
Task flag set to 0: 36/36 wrappers
Task flag set to 1: 36/36 wrappers
Epoch 5/5 | Batch 218/2000 | Step 8218 | BCE 0.209903 | FTC 1.403172 | Total 1.613075
Task flag set to 0: 36/36 wrappers
Task flag set to 1: 36/36 wrappers
Epoch 5/5 | Batch 219/2000 | Step 8219 | BCE 0.160881 | FTC 0.893674 | Total 1.054555
Task flag set to 0: 36/36 wrappers
Task flag set to 1: 36/36 wrappers
Epoch 5/5 | Batch 220/2000 | Step 8220 | BCE 0.449089 | FTC 1.927518 | Total 2.376607
Task flag set to 0: 36/36 wrappers
Task flag set to 1: 36/36 wrappers
Epoch 5/5 | Batch 221/2000 | Step 8221 | BCE 1.494633 | FTC 1.551694 | Total 3.046328
Task flag set to 0: 36/36 wrappers
Task flag set to 1: 36/36 wrappers
Epoch 5/5 | Batch 222/2000 | Step 8222 | BCE 0.131998 | FTC 1.298125 | Total 1.430123
Task flag set to 0: 36/36 wrappers
Task flag set to 1: 36/36 wrappers
Epoch 5/5 | Batch 223/2000 | Step 8223 | BCE 0.153953 | FTC 1.838585 | Total 1.992539
Task flag set to 0: 36/36 wrappers
Task flag set to 1: 36/36 wrappers
Epoch 5/5 | Batch 224/2000 | Step 8224 | BCE 0.158514 | FTC 1.357712 | Total 1.516226
Task flag set to 0: 36/36 wrappers
Task flag set to 1: 36/36 wrappers
Epoch 5/5 | Batch 225/2000 | Step 8225 | BCE 0.217201 | FTC 1.849246 | Total 2.066447
Task flag set to 0: 36/36 wrappers
Task flag set to 1: 36/36 wrappers
Epoch 5/5 | Batch 226/2000 | Step 8226 | BCE 0.090674 | FTC 1.142770 | Total 1.233444
Task flag set to 0: 36/36 wrappers
Task flag set to 1: 36/36 wrappers
Epoch 5/5 | Batch 227/2000 | Step 8227 | BCE 0.101896 | FTC 1.774576 | Total 1.876472
Task flag set to 0: 36/36 wrappers
Task flag set to 1: 36/36 wrappers
Epoch 5/5 | Batch 228/2000 | Step 8228 | BCE 0.396855 | FTC 1.549702 | Total 1.946558
Task flag set to 0: 36/36 wrappers
Task flag set to 1: 36/36 wrappers
Epoch 5/5 | Batch 229/2000 | Step 8229 | BCE 0.041560 | FTC 1.611979 | Total 1.653540
Task flag set to 0: 36/36 wrappers
Task flag set to 1: 36/36 wrappers
Epoch 5/5 | Batch 230/2000 | Step 8230 | BCE 0.081637 | FTC 1.529098 | Total 1.610734
Task flag set to 0: 36/36 wrappers
Task flag set to 1: 36/36 wrappers
Epoch 5/5 | Batch 231/2000 | Step 8231 | BCE 0.479379 | FTC 1.311480 | Total 1.790858
Task flag set to 0: 36/36 wrappers
Task flag set to 1: 36/36 wrappers
Epoch 5/5 | Batch 232/2000 | Step 8232 | BCE 0.091270 | FTC 1.324138 | Total 1.415408
Task flag set to 0: 36/36 wrappers
Task flag set to 1: 36/36 wrappers
Epoch 5/5 | Batch 233/2000 | Step 8233 | BCE 0.302840 | FTC 2.247091 | Total 2.549932
Task flag set to 0: 36/36 wrappers
Task flag set to 1: 36/36 wrappers
Epoch 5/5 | Batch 234/2000 | Step 8234 | BCE 0.847502 | FTC 1.415260 | Total 2.262762
Task flag set to 0: 36/36 wrappers
Task flag set to 1: 36/36 wrappers
Epoch 5/5 | Batch 235/2000 | Step 8235 | BCE 0.122228 | FTC 1.406930 | Total 1.529157
Task flag set to 0: 36/36 wrappers
Task flag set to 1: 36/36 wrappers
Epoch 5/5 | Batch 236/2000 | Step 8236 | BCE 0.127854 | FTC 2.034755 | Total 2.162608
Task flag set to 0: 36/36 wrappers
Task flag set to 1: 36/36 wrappers
Epoch 5/5 | Batch 237/2000 | Step 8237 | BCE 1.661618 | FTC 1.721424 | Total 3.383042
Task flag set to 0: 36/36 wrappers
Task flag set to 1: 36/36 wrappers
Epoch 5/5 | Batch 238/2000 | Step 8238 | BCE 1.973866 | FTC 3.141165 | Total 5.115031
Task flag set to 0: 36/36 wrappers
Task flag set to 1: 36/36 wrappers
Epoch 5/5 | Batch 239/2000 | Step 8239 | BCE 1.786311 | FTC 1.577180 | Total 3.363491
Task flag set to 0: 36/36 wrappers
Task flag set to 1: 36/36 wrappers
Epoch 5/5 | Batch 240/2000 | Step 8240 | BCE 0.252869 | FTC 0.756872 | Total 1.009741
Task flag set to 0: 36/36 wrappers
Task flag set to 1: 36/36 wrappers
Epoch 5/5 | Batch 241/2000 | Step 8241 | BCE 0.037237 | FTC 2.034168 | Total 2.071405
Task flag set to 0: 36/36 wrappers
Task flag set to 1: 36/36 wrappers
Epoch 5/5 | Batch 242/2000 | Step 8242 | BCE 0.031404 | FTC 1.324156 | Total 1.355561
Task flag set to 0: 36/36 wrappers
Task flag set to 1: 36/36 wrappers
Epoch 5/5 | Batch 243/2000 | Step 8243 | BCE 0.130321 | FTC 2.173623 | Total 2.303944
Task flag set to 0: 36/36 wrappers
Task flag set to 1: 36/36 wrappers
Epoch 5/5 | Batch 244/2000 | Step 8244 | BCE 0.074254 | FTC 1.539761 | Total 1.614014
Task flag set to 0: 36/36 wrappers
Task flag set to 1: 36/36 wrappers
Epoch 5/5 | Batch 245/2000 | Step 8245 | BCE 1.180448 | FTC 1.852728 | Total 3.033176
Task flag set to 0: 36/36 wrappers
Task flag set to 1: 36/36 wrappers
Epoch 5/5 | Batch 246/2000 | Step 8246 | BCE 0.171852 | FTC 1.721891 | Total 1.893743
Task flag set to 0: 36/36 wrappers
Task flag set to 1: 36/36 wrappers
Epoch 5/5 | Batch 247/2000 | Step 8247 | BCE 0.073892 | FTC 1.409460 | Total 1.483352
Task flag set to 0: 36/36 wrappers
Task flag set to 1: 36/36 wrappers
Epoch 5/5 | Batch 248/2000 | Step 8248 | BCE 0.250908 | FTC 1.676032 | Total 1.926940
Task flag set to 0: 36/36 wrappers
Task flag set to 1: 36/36 wrappers
Epoch 5/5 | Batch 249/2000 | Step 8249 | BCE 0.423327 | FTC 1.444617 | Total 1.867944
Task flag set to 0: 36/36 wrappers
Task flag set to 1: 36/36 wrappers
Epoch 5/5 | Batch 250/2000 | Step 8250 | BCE 0.090576 | FTC 1.660131 | Total 1.750707
Task flag set to 0: 36/36 wrappers
Task flag set to 1: 36/36 wrappers
Epoch 5/5 | Batch 251/2000 | Step 8251 | BCE 0.179880 | FTC 1.714648 | Total 1.894528
Task flag set to 0: 36/36 wrappers
Task flag set to 1: 36/36 wrappers
Epoch 5/5 | Batch 252/2000 | Step 8252 | BCE 0.119081 | FTC 1.618448 | Total 1.737530
Task flag set to 0: 36/36 wrappers
Task flag set to 1: 36/36 wrappers
Epoch 5/5 | Batch 253/2000 | Step 8253 | BCE 0.128340 | FTC 1.734958 | Total 1.863298
Task flag set to 0: 36/36 wrappers
Task flag set to 1: 36/36 wrappers
Epoch 5/5 | Batch 254/2000 | Step 8254 | BCE 0.202930 | FTC 1.297364 | Total 1.500293
Task flag set to 0: 36/36 wrappers
Task flag set to 1: 36/36 wrappers
Epoch 5/5 | Batch 255/2000 | Step 8255 | BCE 0.050388 | FTC 1.848685 | Total 1.899073
Task flag set to 0: 36/36 wrappers
Task flag set to 1: 36/36 wrappers
Epoch 5/5 | Batch 256/2000 | Step 8256 | BCE 0.107824 | FTC 1.877488 | Total 1.985312
Task flag set to 0: 36/36 wrappers
Task flag set to 1: 36/36 wrappers
Epoch 5/5 | Batch 257/2000 | Step 8257 | BCE 0.186270 | FTC 1.795059 | Total 1.981329
Task flag set to 0: 36/36 wrappers
Task flag set to 1: 36/36 wrappers
Epoch 5/5 | Batch 258/2000 | Step 8258 | BCE 0.186476 | FTC 1.965976 | Total 2.152452
Task flag set to 0: 36/36 wrappers
Task flag set to 1: 36/36 wrappers
Epoch 5/5 | Batch 259/2000 | Step 8259 | BCE 0.321414 | FTC 1.707256 | Total 2.028671
Task flag set to 0: 36/36 wrappers
Task flag set to 1: 36/36 wrappers
Epoch 5/5 | Batch 260/2000 | Step 8260 | BCE 0.127789 | FTC 1.458973 | Total 1.586762
Task flag set to 0: 36/36 wrappers
Task flag set to 1: 36/36 wrappers
Epoch 5/5 | Batch 261/2000 | Step 8261 | BCE 0.132417 | FTC 1.466291 | Total 1.598708
Task flag set to 0: 36/36 wrappers
Task flag set to 1: 36/36 wrappers
Epoch 5/5 | Batch 262/2000 | Step 8262 | BCE 0.034423 | FTC 1.547122 | Total 1.581545
Task flag set to 0: 36/36 wrappers
Task flag set to 1: 36/36 wrappers
Epoch 5/5 | Batch 263/2000 | Step 8263 | BCE 0.100920 | FTC 1.829551 | Total 1.930471
Task flag set to 0: 36/36 wrappers
Task flag set to 1: 36/36 wrappers
Epoch 5/5 | Batch 264/2000 | Step 8264 | BCE 0.037938 | FTC 1.612846 | Total 1.650784
Task flag set to 0: 36/36 wrappers
Task flag set to 1: 36/36 wrappers
Epoch 5/5 | Batch 265/2000 | Step 8265 | BCE 0.539039 | FTC 1.177230 | Total 1.716269
Task flag set to 0: 36/36 wrappers
Task flag set to 1: 36/36 wrappers
Epoch 5/5 | Batch 266/2000 | Step 8266 | BCE 0.115543 | FTC 1.665240 | Total 1.780783
Task flag set to 0: 36/36 wrappers
Task flag set to 1: 36/36 wrappers
Epoch 5/5 | Batch 267/2000 | Step 8267 | BCE 1.556444 | FTC 2.224715 | Total 3.781159
Task flag set to 0: 36/36 wrappers
Task flag set to 1: 36/36 wrappers
Epoch 5/5 | Batch 268/2000 | Step 8268 | BCE 0.038426 | FTC 1.607224 | Total 1.645649
Task flag set to 0: 36/36 wrappers
Task flag set to 1: 36/36 wrappers
Epoch 5/5 | Batch 269/2000 | Step 8269 | BCE 0.102878 | FTC 1.353008 | Total 1.455886
Task flag set to 0: 36/36 wrappers
Task flag set to 1: 36/36 wrappers
Epoch 5/5 | Batch 270/2000 | Step 8270 | BCE 0.050066 | FTC 1.235842 | Total 1.285908
Task flag set to 0: 36/36 wrappers
Task flag set to 1: 36/36 wrappers
Epoch 5/5 | Batch 271/2000 | Step 8271 | BCE 0.099693 | FTC 1.477653 | Total 1.577346
Task flag set to 0: 36/36 wrappers
Task flag set to 1: 36/36 wrappers
Epoch 5/5 | Batch 272/2000 | Step 8272 | BCE 1.779680 | FTC 2.437300 | Total 4.216980
Task flag set to 0: 36/36 wrappers
Task flag set to 1: 36/36 wrappers
Epoch 5/5 | Batch 273/2000 | Step 8273 | BCE 0.025746 | FTC 1.150869 | Total 1.176614
Task flag set to 0: 36/36 wrappers
Task flag set to 1: 36/36 wrappers
Epoch 5/5 | Batch 274/2000 | Step 8274 | BCE 0.248566 | FTC 1.459406 | Total 1.707972
Task flag set to 0: 36/36 wrappers
Task flag set to 1: 36/36 wrappers
Epoch 5/5 | Batch 275/2000 | Step 8275 | BCE 0.046562 | FTC 1.414586 | Total 1.461149
Task flag set to 0: 36/36 wrappers
Task flag set to 1: 36/36 wrappers
Epoch 5/5 | Batch 276/2000 | Step 8276 | BCE 0.107818 | FTC 1.545379 | Total 1.653197
Task flag set to 0: 36/36 wrappers
Task flag set to 1: 36/36 wrappers
Epoch 5/5 | Batch 277/2000 | Step 8277 | BCE 0.045436 | FTC 1.378453 | Total 1.423890
Task flag set to 0: 36/36 wrappers
Task flag set to 1: 36/36 wrappers
Epoch 5/5 | Batch 278/2000 | Step 8278 | BCE 0.038416 | FTC 1.006480 | Total 1.044896
Task flag set to 0: 36/36 wrappers
Task flag set to 1: 36/36 wrappers
Epoch 5/5 | Batch 279/2000 | Step 8279 | BCE 1.356026 | FTC 2.313743 | Total 3.669770
Task flag set to 0: 36/36 wrappers
Task flag set to 1: 36/36 wrappers
Epoch 5/5 | Batch 280/2000 | Step 8280 | BCE 0.010808 | FTC 1.346550 | Total 1.357359
Task flag set to 0: 36/36 wrappers
Task flag set to 1: 36/36 wrappers
Epoch 5/5 | Batch 281/2000 | Step 8281 | BCE 0.057380 | FTC 1.774337 | Total 1.831717
Task flag set to 0: 36/36 wrappers
Task flag set to 1: 36/36 wrappers
Epoch 5/5 | Batch 282/2000 | Step 8282 | BCE 0.083198 | FTC 1.431117 | Total 1.514315
Task flag set to 0: 36/36 wrappers
Task flag set to 1: 36/36 wrappers
Epoch 5/5 | Batch 283/2000 | Step 8283 | BCE 0.206046 | FTC 1.713157 | Total 1.919203
Task flag set to 0: 36/36 wrappers
Task flag set to 1: 36/36 wrappers
Epoch 5/5 | Batch 284/2000 | Step 8284 | BCE 0.026395 | FTC 1.048739 | Total 1.075134
Task flag set to 0: 36/36 wrappers
Task flag set to 1: 36/36 wrappers
Epoch 5/5 | Batch 285/2000 | Step 8285 | BCE 2.389260 | FTC 3.232773 | Total 5.622033
Task flag set to 0: 36/36 wrappers
Task flag set to 1: 36/36 wrappers
Epoch 5/5 | Batch 286/2000 | Step 8286 | BCE 0.072811 | FTC 1.419479 | Total 1.492290
Task flag set to 0: 36/36 wrappers
Task flag set to 1: 36/36 wrappers
Epoch 5/5 | Batch 287/2000 | Step 8287 | BCE 0.057716 | FTC 1.405435 | Total 1.463151
Task flag set to 0: 36/36 wrappers
Task flag set to 1: 36/36 wrappers
Epoch 5/5 | Batch 288/2000 | Step 8288 | BCE 0.186747 | FTC 0.963013 | Total 1.149760
Task flag set to 0: 36/36 wrappers
Task flag set to 1: 36/36 wrappers
Epoch 5/5 | Batch 289/2000 | Step 8289 | BCE 0.594443 | FTC 0.952462 | Total 1.546905
Task flag set to 0: 36/36 wrappers
Task flag set to 1: 36/36 wrappers
Epoch 5/5 | Batch 290/2000 | Step 8290 | BCE 0.088148 | FTC 1.960803 | Total 2.048950
Task flag set to 0: 36/36 wrappers
Task flag set to 1: 36/36 wrappers
Epoch 5/5 | Batch 291/2000 | Step 8291 | BCE 0.008121 | FTC 1.308023 | Total 1.316144
Task flag set to 0: 36/36 wrappers
Task flag set to 1: 36/36 wrappers
Epoch 5/5 | Batch 292/2000 | Step 8292 | BCE 0.014583 | FTC 1.423747 | Total 1.438329
Task flag set to 0: 36/36 wrappers
Task flag set to 1: 36/36 wrappers
Epoch 5/5 | Batch 293/2000 | Step 8293 | BCE 0.304501 | FTC 1.689310 | Total 1.993810
Task flag set to 0: 36/36 wrappers
Task flag set to 1: 36/36 wrappers
Epoch 5/5 | Batch 294/2000 | Step 8294 | BCE 0.691100 | FTC 0.909456 | Total 1.600555
Task flag set to 0: 36/36 wrappers
Task flag set to 1: 36/36 wrappers
Epoch 5/5 | Batch 295/2000 | Step 8295 | BCE 1.252545 | FTC 1.789709 | Total 3.042254
Task flag set to 0: 36/36 wrappers
Task flag set to 1: 36/36 wrappers
Epoch 5/5 | Batch 296/2000 | Step 8296 | BCE 0.120705 | FTC 1.784851 | Total 1.905556
Task flag set to 0: 36/36 wrappers
Task flag set to 1: 36/36 wrappers
Epoch 5/5 | Batch 297/2000 | Step 8297 | BCE 0.033496 | FTC 1.477352 | Total 1.510849
Task flag set to 0: 36/36 wrappers
Task flag set to 1: 36/36 wrappers
Epoch 5/5 | Batch 298/2000 | Step 8298 | BCE 0.186895 | FTC 1.705918 | Total 1.892814
Task flag set to 0: 36/36 wrappers
Task flag set to 1: 36/36 wrappers
Epoch 5/5 | Batch 299/2000 | Step 8299 | BCE 0.028477 | FTC 1.939425 | Total 1.967902
Task flag set to 0: 36/36 wrappers
Task flag set to 1: 36/36 wrappers
Epoch 5/5 | Batch 300/2000 | Step 8300 | BCE 1.030735 | FTC 1.826435 | Total 2.857170
Task flag set to 0: 36/36 wrappers
Task flag set to 1: 36/36 wrappers
Epoch 5/5 | Batch 301/2000 | Step 8301 | BCE 0.590400 | FTC 1.594425 | Total 2.184825
Task flag set to 0: 36/36 wrappers
Task flag set to 1: 36/36 wrappers
Epoch 5/5 | Batch 302/2000 | Step 8302 | BCE 0.824227 | FTC 1.411808 | Total 2.236035
Task flag set to 0: 36/36 wrappers
Task flag set to 1: 36/36 wrappers
Epoch 5/5 | Batch 303/2000 | Step 8303 | BCE 0.307636 | FTC 1.105608 | Total 1.413244
Task flag set to 0: 36/36 wrappers
Task flag set to 1: 36/36 wrappers
Epoch 5/5 | Batch 304/2000 | Step 8304 | BCE 0.445951 | FTC 2.131215 | Total 2.577166
Task flag set to 0: 36/36 wrappers
Task flag set to 1: 36/36 wrappers
Epoch 5/5 | Batch 305/2000 | Step 8305 | BCE 0.526549 | FTC 2.156831 | Total 2.683380
Task flag set to 0: 36/36 wrappers
Task flag set to 1: 36/36 wrappers
Epoch 5/5 | Batch 306/2000 | Step 8306 | BCE 0.189106 | FTC 1.462045 | Total 1.651151
Task flag set to 0: 36/36 wrappers
Task flag set to 1: 36/36 wrappers
Epoch 5/5 | Batch 307/2000 | Step 8307 | BCE 0.382091 | FTC 1.425966 | Total 1.808056
Task flag set to 0: 36/36 wrappers
Task flag set to 1: 36/36 wrappers
Epoch 5/5 | Batch 308/2000 | Step 8308 | BCE 1.000371 | FTC 1.431081 | Total 2.431452
Task flag set to 0: 36/36 wrappers
Task flag set to 1: 36/36 wrappers
Epoch 5/5 | Batch 309/2000 | Step 8309 | BCE 0.137646 | FTC 1.476753 | Total 1.614399
Task flag set to 0: 36/36 wrappers
Task flag set to 1: 36/36 wrappers
Epoch 5/5 | Batch 310/2000 | Step 8310 | BCE 0.449169 | FTC 1.289866 | Total 1.739035
Task flag set to 0: 36/36 wrappers
Task flag set to 1: 36/36 wrappers
Epoch 5/5 | Batch 311/2000 | Step 8311 | BCE 0.173354 | FTC 1.560899 | Total 1.734253
Task flag set to 0: 36/36 wrappers
Task flag set to 1: 36/36 wrappers
Epoch 5/5 | Batch 312/2000 | Step 8312 | BCE 1.062285 | FTC 0.977652 | Total 2.039937
Task flag set to 0: 36/36 wrappers
Task flag set to 1: 36/36 wrappers
Epoch 5/5 | Batch 313/2000 | Step 8313 | BCE 0.157938 | FTC 1.536562 | Total 1.694500
Task flag set to 0: 36/36 wrappers
Task flag set to 1: 36/36 wrappers
Epoch 5/5 | Batch 314/2000 | Step 8314 | BCE 0.528480 | FTC 1.972993 | Total 2.501473
Task flag set to 0: 36/36 wrappers
Task flag set to 1: 36/36 wrappers
Epoch 5/5 | Batch 315/2000 | Step 8315 | BCE 1.169739 | FTC 1.156082 | Total 2.325821
Task flag set to 0: 36/36 wrappers
Task flag set to 1: 36/36 wrappers
Epoch 5/5 | Batch 316/2000 | Step 8316 | BCE 0.029271 | FTC 2.094354 | Total 2.123625
Task flag set to 0: 36/36 wrappers
Task flag set to 1: 36/36 wrappers
Epoch 5/5 | Batch 317/2000 | Step 8317 | BCE 0.370431 | FTC 1.482358 | Total 1.852789
Task flag set to 0: 36/36 wrappers
Task flag set to 1: 36/36 wrappers
Epoch 5/5 | Batch 318/2000 | Step 8318 | BCE 0.364943 | FTC 1.697516 | Total 2.062459
Task flag set to 0: 36/36 wrappers
Task flag set to 1: 36/36 wrappers
Epoch 5/5 | Batch 319/2000 | Step 8319 | BCE 0.172665 | FTC 1.482106 | Total 1.654771
Task flag set to 0: 36/36 wrappers
Task flag set to 1: 36/36 wrappers
Epoch 5/5 | Batch 320/2000 | Step 8320 | BCE 0.046377 | FTC 1.690042 | Total 1.736419
Task flag set to 0: 36/36 wrappers
Task flag set to 1: 36/36 wrappers
Epoch 5/5 | Batch 321/2000 | Step 8321 | BCE 0.197578 | FTC 1.581051 | Total 1.778629
Task flag set to 0: 36/36 wrappers
Task flag set to 1: 36/36 wrappers
Epoch 5/5 | Batch 322/2000 | Step 8322 | BCE 0.589290 | FTC 0.943698 | Total 1.532988
Task flag set to 0: 36/36 wrappers
Task flag set to 1: 36/36 wrappers
Epoch 5/5 | Batch 323/2000 | Step 8323 | BCE 0.044426 | FTC 1.687416 | Total 1.731841
Task flag set to 0: 36/36 wrappers
Task flag set to 1: 36/36 wrappers
Epoch 5/5 | Batch 324/2000 | Step 8324 | BCE 0.027862 | FTC 1.671502 | Total 1.699364
Task flag set to 0: 36/36 wrappers
Task flag set to 1: 36/36 wrappers
Epoch 5/5 | Batch 325/2000 | Step 8325 | BCE 0.352333 | FTC 1.111218 | Total 1.463551
Task flag set to 0: 36/36 wrappers
Task flag set to 1: 36/36 wrappers
Epoch 5/5 | Batch 326/2000 | Step 8326 | BCE 0.675992 | FTC 1.357382 | Total 2.033374
Task flag set to 0: 36/36 wrappers
Task flag set to 1: 36/36 wrappers
Epoch 5/5 | Batch 327/2000 | Step 8327 | BCE 0.323180 | FTC 1.647236 | Total 1.970416
Task flag set to 0: 36/36 wrappers
Task flag set to 1: 36/36 wrappers
Epoch 5/5 | Batch 328/2000 | Step 8328 | BCE 0.239249 | FTC 1.776401 | Total 2.015650
Task flag set to 0: 36/36 wrappers
Task flag set to 1: 36/36 wrappers
Epoch 5/5 | Batch 329/2000 | Step 8329 | BCE 0.304261 | FTC 0.967870 | Total 1.272131
Task flag set to 0: 36/36 wrappers
Task flag set to 1: 36/36 wrappers
Epoch 5/5 | Batch 330/2000 | Step 8330 | BCE 0.565062 | FTC 1.699199 | Total 2.264261
Task flag set to 0: 36/36 wrappers
Task flag set to 1: 36/36 wrappers
Epoch 5/5 | Batch 331/2000 | Step 8331 | BCE 0.059725 | FTC 1.805876 | Total 1.865601
Task flag set to 0: 36/36 wrappers
Task flag set to 1: 36/36 wrappers
Epoch 5/5 | Batch 332/2000 | Step 8332 | BCE 0.248771 | FTC 1.489302 | Total 1.738072
Task flag set to 0: 36/36 wrappers
Task flag set to 1: 36/36 wrappers
Epoch 5/5 | Batch 333/2000 | Step 8333 | BCE 0.043766 | FTC 1.479508 | Total 1.523274
Task flag set to 0: 36/36 wrappers
Task flag set to 1: 36/36 wrappers
Epoch 5/5 | Batch 334/2000 | Step 8334 | BCE 0.143867 | FTC 0.857769 | Total 1.001636
Task flag set to 0: 36/36 wrappers
Task flag set to 1: 36/36 wrappers
Epoch 5/5 | Batch 335/2000 | Step 8335 | BCE 0.182981 | FTC 1.755881 | Total 1.938862
Task flag set to 0: 36/36 wrappers
Task flag set to 1: 36/36 wrappers
Epoch 5/5 | Batch 336/2000 | Step 8336 | BCE 0.545896 | FTC 1.566665 | Total 2.112561
Task flag set to 0: 36/36 wrappers
Task flag set to 1: 36/36 wrappers
Epoch 5/5 | Batch 337/2000 | Step 8337 | BCE 0.285743 | FTC 1.536639 | Total 1.822382
Task flag set to 0: 36/36 wrappers
Task flag set to 1: 36/36 wrappers
Epoch 5/5 | Batch 338/2000 | Step 8338 | BCE 0.250555 | FTC 1.089855 | Total 1.340409
Task flag set to 0: 36/36 wrappers
Task flag set to 1: 36/36 wrappers
Epoch 5/5 | Batch 339/2000 | Step 8339 | BCE 0.080701 | FTC 1.448718 | Total 1.529419
Task flag set to 0: 36/36 wrappers
Task flag set to 1: 36/36 wrappers
Epoch 5/5 | Batch 340/2000 | Step 8340 | BCE 0.214687 | FTC 1.418502 | Total 1.633189
Task flag set to 0: 36/36 wrappers
Task flag set to 1: 36/36 wrappers
Epoch 5/5 | Batch 341/2000 | Step 8341 | BCE 0.409065 | FTC 1.731177 | Total 2.140243
Task flag set to 0: 36/36 wrappers
Task flag set to 1: 36/36 wrappers
Epoch 5/5 | Batch 342/2000 | Step 8342 | BCE 0.211313 | FTC 1.600629 | Total 1.811942
Task flag set to 0: 36/36 wrappers
Task flag set to 1: 36/36 wrappers
Epoch 5/5 | Batch 343/2000 | Step 8343 | BCE 0.543874 | FTC 1.812136 | Total 2.356010
Task flag set to 0: 36/36 wrappers
Task flag set to 1: 36/36 wrappers
Epoch 5/5 | Batch 344/2000 | Step 8344 | BCE 0.126654 | FTC 1.224508 | Total 1.351162
Task flag set to 0: 36/36 wrappers
Task flag set to 1: 36/36 wrappers
Epoch 5/5 | Batch 345/2000 | Step 8345 | BCE 0.109669 | FTC 1.641594 | Total 1.751263
Task flag set to 0: 36/36 wrappers
Task flag set to 1: 36/36 wrappers
Epoch 5/5 | Batch 346/2000 | Step 8346 | BCE 0.257923 | FTC 1.792654 | Total 2.050577
Task flag set to 0: 36/36 wrappers
Task flag set to 1: 36/36 wrappers
Epoch 5/5 | Batch 347/2000 | Step 8347 | BCE 0.044481 | FTC 1.793239 | Total 1.837720
Task flag set to 0: 36/36 wrappers
Task flag set to 1: 36/36 wrappers
Epoch 5/5 | Batch 348/2000 | Step 8348 | BCE 0.238791 | FTC 1.451972 | Total 1.690763
Task flag set to 0: 36/36 wrappers
Task flag set to 1: 36/36 wrappers
Epoch 5/5 | Batch 349/2000 | Step 8349 | BCE 0.102246 | FTC 1.759136 | Total 1.861382
Task flag set to 0: 36/36 wrappers
Task flag set to 1: 36/36 wrappers
Epoch 5/5 | Batch 350/2000 | Step 8350 | BCE 0.486008 | FTC 1.373188 | Total 1.859196
Task flag set to 0: 36/36 wrappers
Task flag set to 1: 36/36 wrappers
Epoch 5/5 | Batch 351/2000 | Step 8351 | BCE 0.394086 | FTC 1.056318 | Total 1.450404
Task flag set to 0: 36/36 wrappers
Task flag set to 1: 36/36 wrappers
Epoch 5/5 | Batch 352/2000 | Step 8352 | BCE 0.914695 | FTC 1.436919 | Total 2.351615
Task flag set to 0: 36/36 wrappers
Task flag set to 1: 36/36 wrappers
Epoch 5/5 | Batch 353/2000 | Step 8353 | BCE 0.340285 | FTC 1.287683 | Total 1.627968
Task flag set to 0: 36/36 wrappers
Task flag set to 1: 36/36 wrappers
Epoch 5/5 | Batch 354/2000 | Step 8354 | BCE 0.463920 | FTC 1.037099 | Total 1.501019
Task flag set to 0: 36/36 wrappers
Task flag set to 1: 36/36 wrappers
Epoch 5/5 | Batch 355/2000 | Step 8355 | BCE 1.028533 | FTC 1.569060 | Total 2.597593
Task flag set to 0: 36/36 wrappers
Task flag set to 1: 36/36 wrappers
Epoch 5/5 | Batch 356/2000 | Step 8356 | BCE 0.050829 | FTC 1.536823 | Total 1.587652
Task flag set to 0: 36/36 wrappers
Task flag set to 1: 36/36 wrappers
Epoch 5/5 | Batch 357/2000 | Step 8357 | BCE 0.687436 | FTC 1.453230 | Total 2.140666
Task flag set to 0: 36/36 wrappers
Task flag set to 1: 36/36 wrappers
Epoch 5/5 | Batch 358/2000 | Step 8358 | BCE 0.076247 | FTC 1.576427 | Total 1.652673
Task flag set to 0: 36/36 wrappers
Task flag set to 1: 36/36 wrappers
Epoch 5/5 | Batch 359/2000 | Step 8359 | BCE 0.008949 | FTC 1.011494 | Total 1.020443
Task flag set to 0: 36/36 wrappers
Task flag set to 1: 36/36 wrappers
Epoch 5/5 | Batch 360/2000 | Step 8360 | BCE 0.787216 | FTC 1.572414 | Total 2.359631
Task flag set to 0: 36/36 wrappers
Task flag set to 1: 36/36 wrappers
Epoch 5/5 | Batch 361/2000 | Step 8361 | BCE 0.136730 | FTC 1.584748 | Total 1.721478
Task flag set to 0: 36/36 wrappers
Task flag set to 1: 36/36 wrappers
Epoch 5/5 | Batch 362/2000 | Step 8362 | BCE 0.177396 | FTC 1.275978 | Total 1.453374
Task flag set to 0: 36/36 wrappers
Task flag set to 1: 36/36 wrappers
Epoch 5/5 | Batch 363/2000 | Step 8363 | BCE 0.129182 | FTC 1.678957 | Total 1.808139
Task flag set to 0: 36/36 wrappers
Task flag set to 1: 36/36 wrappers
Epoch 5/5 | Batch 364/2000 | Step 8364 | BCE 0.223888 | FTC 1.139399 | Total 1.363287
Task flag set to 0: 36/36 wrappers
Task flag set to 1: 36/36 wrappers
Epoch 5/5 | Batch 365/2000 | Step 8365 | BCE 0.167190 | FTC 1.744827 | Total 1.912017
Task flag set to 0: 36/36 wrappers
Task flag set to 1: 36/36 wrappers
Epoch 5/5 | Batch 366/2000 | Step 8366 | BCE 0.024877 | FTC 1.139479 | Total 1.164356
Task flag set to 0: 36/36 wrappers
Task flag set to 1: 36/36 wrappers
Epoch 5/5 | Batch 367/2000 | Step 8367 | BCE 0.292880 | FTC 0.916409 | Total 1.209289
Task flag set to 0: 36/36 wrappers
Task flag set to 1: 36/36 wrappers
Epoch 5/5 | Batch 368/2000 | Step 8368 | BCE 0.075341 | FTC 1.858858 | Total 1.934199
Task flag set to 0: 36/36 wrappers
Task flag set to 1: 36/36 wrappers
Epoch 5/5 | Batch 369/2000 | Step 8369 | BCE 0.110969 | FTC 1.059781 | Total 1.170750
Task flag set to 0: 36/36 wrappers
Task flag set to 1: 36/36 wrappers
Epoch 5/5 | Batch 370/2000 | Step 8370 | BCE 0.350014 | FTC 1.611701 | Total 1.961715
Task flag set to 0: 36/36 wrappers
Task flag set to 1: 36/36 wrappers
Epoch 5/5 | Batch 371/2000 | Step 8371 | BCE 0.352258 | FTC 1.269761 | Total 1.622019
Task flag set to 0: 36/36 wrappers
Task flag set to 1: 36/36 wrappers
Epoch 5/5 | Batch 372/2000 | Step 8372 | BCE 0.187012 | FTC 1.833051 | Total 2.020062
Task flag set to 0: 36/36 wrappers
Task flag set to 1: 36/36 wrappers
Epoch 5/5 | Batch 373/2000 | Step 8373 | BCE 0.866180 | FTC 1.733975 | Total 2.600155
Task flag set to 0: 36/36 wrappers
Task flag set to 1: 36/36 wrappers
Epoch 5/5 | Batch 374/2000 | Step 8374 | BCE 0.188614 | FTC 1.610617 | Total 1.799231
Task flag set to 0: 36/36 wrappers
Task flag set to 1: 36/36 wrappers
Epoch 5/5 | Batch 375/2000 | Step 8375 | BCE 0.140948 | FTC 1.880106 | Total 2.021054
Task flag set to 0: 36/36 wrappers
Task flag set to 1: 36/36 wrappers
Epoch 5/5 | Batch 376/2000 | Step 8376 | BCE 0.394418 | FTC 0.737697 | Total 1.132115
Task flag set to 0: 36/36 wrappers
Task flag set to 1: 36/36 wrappers
Epoch 5/5 | Batch 377/2000 | Step 8377 | BCE 1.137273 | FTC 1.827293 | Total 2.964565
Task flag set to 0: 36/36 wrappers
Task flag set to 1: 36/36 wrappers
Epoch 5/5 | Batch 378/2000 | Step 8378 | BCE 0.061170 | FTC 1.530728 | Total 1.591899
Task flag set to 0: 36/36 wrappers
Task flag set to 1: 36/36 wrappers
Epoch 5/5 | Batch 379/2000 | Step 8379 | BCE 0.638303 | FTC 1.019529 | Total 1.657832
Task flag set to 0: 36/36 wrappers
Task flag set to 1: 36/36 wrappers
Epoch 5/5 | Batch 380/2000 | Step 8380 | BCE 0.015898 | FTC 1.669003 | Total 1.684901
Task flag set to 0: 36/36 wrappers
Task flag set to 1: 36/36 wrappers
Epoch 5/5 | Batch 381/2000 | Step 8381 | BCE 0.484437 | FTC 1.020981 | Total 1.505418
Task flag set to 0: 36/36 wrappers
Task flag set to 1: 36/36 wrappers
Epoch 5/5 | Batch 382/2000 | Step 8382 | BCE 0.226397 | FTC 1.533077 | Total 1.759474
Task flag set to 0: 36/36 wrappers
Task flag set to 1: 36/36 wrappers
Epoch 5/5 | Batch 383/2000 | Step 8383 | BCE 0.125938 | FTC 1.571458 | Total 1.697396
Task flag set to 0: 36/36 wrappers
Task flag set to 1: 36/36 wrappers
Epoch 5/5 | Batch 384/2000 | Step 8384 | BCE 0.403929 | FTC 1.938365 | Total 2.342295
Task flag set to 0: 36/36 wrappers
Task flag set to 1: 36/36 wrappers
Epoch 5/5 | Batch 385/2000 | Step 8385 | BCE 0.211016 | FTC 1.124546 | Total 1.335562
Task flag set to 0: 36/36 wrappers
Task flag set to 1: 36/36 wrappers
Epoch 5/5 | Batch 386/2000 | Step 8386 | BCE 0.031493 | FTC 1.780120 | Total 1.811613
Task flag set to 0: 36/36 wrappers
Task flag set to 1: 36/36 wrappers
Epoch 5/5 | Batch 387/2000 | Step 8387 | BCE 0.048604 | FTC 1.937561 | Total 1.986165
Task flag set to 0: 36/36 wrappers
Task flag set to 1: 36/36 wrappers
Epoch 5/5 | Batch 388/2000 | Step 8388 | BCE 0.455664 | FTC 1.134459 | Total 1.590123
Task flag set to 0: 36/36 wrappers
Task flag set to 1: 36/36 wrappers
Epoch 5/5 | Batch 389/2000 | Step 8389 | BCE 0.299685 | FTC 1.047612 | Total 1.347297
Task flag set to 0: 36/36 wrappers
Task flag set to 1: 36/36 wrappers
Epoch 5/5 | Batch 390/2000 | Step 8390 | BCE 0.643699 | FTC 1.547918 | Total 2.191617
Task flag set to 0: 36/36 wrappers
Task flag set to 1: 36/36 wrappers
Epoch 5/5 | Batch 391/2000 | Step 8391 | BCE 0.097647 | FTC 1.706619 | Total 1.804265
Task flag set to 0: 36/36 wrappers
Task flag set to 1: 36/36 wrappers
Epoch 5/5 | Batch 392/2000 | Step 8392 | BCE 0.728750 | FTC 1.465837 | Total 2.194587
Task flag set to 0: 36/36 wrappers
Task flag set to 1: 36/36 wrappers
Epoch 5/5 | Batch 393/2000 | Step 8393 | BCE 0.387147 | FTC 1.644290 | Total 2.031437
Task flag set to 0: 36/36 wrappers
Task flag set to 1: 36/36 wrappers
Epoch 5/5 | Batch 394/2000 | Step 8394 | BCE 0.373452 | FTC 1.902937 | Total 2.276390
Task flag set to 0: 36/36 wrappers
Task flag set to 1: 36/36 wrappers
Epoch 5/5 | Batch 395/2000 | Step 8395 | BCE 0.449838 | FTC 2.043813 | Total 2.493651
Task flag set to 0: 36/36 wrappers
Task flag set to 1: 36/36 wrappers
Epoch 5/5 | Batch 396/2000 | Step 8396 | BCE 0.122291 | FTC 1.621396 | Total 1.743687
Task flag set to 0: 36/36 wrappers
Task flag set to 1: 36/36 wrappers
Epoch 5/5 | Batch 397/2000 | Step 8397 | BCE 0.041070 | FTC 1.182373 | Total 1.223444
Task flag set to 0: 36/36 wrappers
Task flag set to 1: 36/36 wrappers
Epoch 5/5 | Batch 398/2000 | Step 8398 | BCE 0.170060 | FTC 1.465659 | Total 1.635719
Task flag set to 0: 36/36 wrappers
Task flag set to 1: 36/36 wrappers
Epoch 5/5 | Batch 399/2000 | Step 8399 | BCE 0.110566 | FTC 1.620472 | Total 1.731038
Task flag set to 0: 36/36 wrappers
Task flag set to 1: 36/36 wrappers
Epoch 5/5 | Batch 400/2000 | Step 8400 | BCE 1.344882 | FTC 1.621545 | Total 2.966427
Task flag set to 0: 36/36 wrappers
Task flag set to 1: 36/36 wrappers
Epoch 5/5 | Batch 401/2000 | Step 8401 | BCE 0.165065 | FTC 1.872886 | Total 2.037951
Task flag set to 0: 36/36 wrappers
Task flag set to 1: 36/36 wrappers
Epoch 5/5 | Batch 402/2000 | Step 8402 | BCE 0.016642 | FTC 1.586869 | Total 1.603511
Task flag set to 0: 36/36 wrappers
Task flag set to 1: 36/36 wrappers
Epoch 5/5 | Batch 403/2000 | Step 8403 | BCE 0.099933 | FTC 1.528522 | Total 1.628456
Task flag set to 0: 36/36 wrappers
Task flag set to 1: 36/36 wrappers
Epoch 5/5 | Batch 404/2000 | Step 8404 | BCE 0.361672 | FTC 1.973914 | Total 2.335585
Task flag set to 0: 36/36 wrappers
Task flag set to 1: 36/36 wrappers
Epoch 5/5 | Batch 405/2000 | Step 8405 | BCE 0.229730 | FTC 1.562380 | Total 1.792110
Task flag set to 0: 36/36 wrappers
Task flag set to 1: 36/36 wrappers
Epoch 5/5 | Batch 406/2000 | Step 8406 | BCE 1.586892 | FTC 2.357118 | Total 3.944010
Task flag set to 0: 36/36 wrappers
Task flag set to 1: 36/36 wrappers
Epoch 5/5 | Batch 407/2000 | Step 8407 | BCE 0.100231 | FTC 1.391146 | Total 1.491377
Task flag set to 0: 36/36 wrappers
Task flag set to 1: 36/36 wrappers
Epoch 5/5 | Batch 408/2000 | Step 8408 | BCE 0.183478 | FTC 1.054719 | Total 1.238197
Task flag set to 0: 36/36 wrappers
Task flag set to 1: 36/36 wrappers
Epoch 5/5 | Batch 409/2000 | Step 8409 | BCE 1.527158 | FTC 2.418332 | Total 3.945490
Task flag set to 0: 36/36 wrappers
Task flag set to 1: 36/36 wrappers
Epoch 5/5 | Batch 410/2000 | Step 8410 | BCE 0.011620 | FTC 1.614429 | Total 1.626048
Task flag set to 0: 36/36 wrappers
Task flag set to 1: 36/36 wrappers
Epoch 5/5 | Batch 411/2000 | Step 8411 | BCE 0.126602 | FTC 2.059908 | Total 2.186509
Task flag set to 0: 36/36 wrappers
Task flag set to 1: 36/36 wrappers
Epoch 5/5 | Batch 412/2000 | Step 8412 | BCE 0.064811 | FTC 1.564296 | Total 1.629107
Task flag set to 0: 36/36 wrappers
Task flag set to 1: 36/36 wrappers
Epoch 5/5 | Batch 413/2000 | Step 8413 | BCE 0.041737 | FTC 1.245911 | Total 1.287647
Task flag set to 0: 36/36 wrappers
Task flag set to 1: 36/36 wrappers
Epoch 5/5 | Batch 414/2000 | Step 8414 | BCE 0.050486 | FTC 1.707794 | Total 1.758280
Task flag set to 0: 36/36 wrappers
Task flag set to 1: 36/36 wrappers
Epoch 5/5 | Batch 415/2000 | Step 8415 | BCE 0.517997 | FTC 1.510826 | Total 2.028823
Task flag set to 0: 36/36 wrappers
Task flag set to 1: 36/36 wrappers
Epoch 5/5 | Batch 416/2000 | Step 8416 | BCE 0.185012 | FTC 0.814267 | Total 0.999280
Task flag set to 0: 36/36 wrappers
Task flag set to 1: 36/36 wrappers
Epoch 5/5 | Batch 417/2000 | Step 8417 | BCE 0.324672 | FTC 1.090941 | Total 1.415613
Task flag set to 0: 36/36 wrappers
Task flag set to 1: 36/36 wrappers
Epoch 5/5 | Batch 418/2000 | Step 8418 | BCE 0.105275 | FTC 1.562015 | Total 1.667290
Task flag set to 0: 36/36 wrappers
Task flag set to 1: 36/36 wrappers
Epoch 5/5 | Batch 419/2000 | Step 8419 | BCE 0.107188 | FTC 1.503596 | Total 1.610783
Task flag set to 0: 36/36 wrappers
Task flag set to 1: 36/36 wrappers
Epoch 5/5 | Batch 420/2000 | Step 8420 | BCE 1.204821 | FTC 2.161911 | Total 3.366732
Task flag set to 0: 36/36 wrappers
Task flag set to 1: 36/36 wrappers
Epoch 5/5 | Batch 421/2000 | Step 8421 | BCE 0.887182 | FTC 1.459831 | Total 2.347013
Task flag set to 0: 36/36 wrappers
Task flag set to 1: 36/36 wrappers
Epoch 5/5 | Batch 422/2000 | Step 8422 | BCE 0.141889 | FTC 1.517380 | Total 1.659269
Task flag set to 0: 36/36 wrappers
Task flag set to 1: 36/36 wrappers
Epoch 5/5 | Batch 423/2000 | Step 8423 | BCE 0.298390 | FTC 1.070752 | Total 1.369142
Task flag set to 0: 36/36 wrappers
Task flag set to 1: 36/36 wrappers
Epoch 5/5 | Batch 424/2000 | Step 8424 | BCE 0.387465 | FTC 0.803610 | Total 1.191075
Task flag set to 0: 36/36 wrappers
Task flag set to 1: 36/36 wrappers
Epoch 5/5 | Batch 425/2000 | Step 8425 | BCE 0.174014 | FTC 1.822934 | Total 1.996948
Task flag set to 0: 36/36 wrappers
Task flag set to 1: 36/36 wrappers
Epoch 5/5 | Batch 426/2000 | Step 8426 | BCE 0.854813 | FTC 1.549865 | Total 2.404677
Task flag set to 0: 36/36 wrappers
Task flag set to 1: 36/36 wrappers
Epoch 5/5 | Batch 427/2000 | Step 8427 | BCE 0.015885 | FTC 1.255658 | Total 1.271544
Task flag set to 0: 36/36 wrappers
Task flag set to 1: 36/36 wrappers
Epoch 5/5 | Batch 428/2000 | Step 8428 | BCE 0.246843 | FTC 1.461160 | Total 1.708003
Task flag set to 0: 36/36 wrappers
Task flag set to 1: 36/36 wrappers
Epoch 5/5 | Batch 429/2000 | Step 8429 | BCE 0.296371 | FTC 1.835422 | Total 2.131793
Task flag set to 0: 36/36 wrappers
Task flag set to 1: 36/36 wrappers
Epoch 5/5 | Batch 430/2000 | Step 8430 | BCE 0.017309 | FTC 1.366913 | Total 1.384222
Task flag set to 0: 36/36 wrappers
Task flag set to 1: 36/36 wrappers
Epoch 5/5 | Batch 431/2000 | Step 8431 | BCE 0.370294 | FTC 1.317864 | Total 1.688158
Task flag set to 0: 36/36 wrappers
Task flag set to 1: 36/36 wrappers
Epoch 5/5 | Batch 432/2000 | Step 8432 | BCE 0.119061 | FTC 1.193599 | Total 1.312660
Task flag set to 0: 36/36 wrappers
Task flag set to 1: 36/36 wrappers
Epoch 5/5 | Batch 433/2000 | Step 8433 | BCE 0.345916 | FTC 1.900789 | Total 2.246706
Task flag set to 0: 36/36 wrappers
Task flag set to 1: 36/36 wrappers
Epoch 5/5 | Batch 434/2000 | Step 8434 | BCE 0.108874 | FTC 1.208215 | Total 1.317089
Task flag set to 0: 36/36 wrappers
Task flag set to 1: 36/36 wrappers
Epoch 5/5 | Batch 435/2000 | Step 8435 | BCE 0.123890 | FTC 1.104626 | Total 1.228516
Task flag set to 0: 36/36 wrappers
Task flag set to 1: 36/36 wrappers
Epoch 5/5 | Batch 436/2000 | Step 8436 | BCE 0.048907 | FTC 1.603092 | Total 1.651999
Task flag set to 0: 36/36 wrappers
Task flag set to 1: 36/36 wrappers
Epoch 5/5 | Batch 437/2000 | Step 8437 | BCE 0.748978 | FTC 1.689076 | Total 2.438054
Task flag set to 0: 36/36 wrappers
Task flag set to 1: 36/36 wrappers
Epoch 5/5 | Batch 438/2000 | Step 8438 | BCE 0.723897 | FTC 1.490605 | Total 2.214503
Task flag set to 0: 36/36 wrappers
Task flag set to 1: 36/36 wrappers
Epoch 5/5 | Batch 439/2000 | Step 8439 | BCE 0.046489 | FTC 1.078626 | Total 1.125115
Task flag set to 0: 36/36 wrappers
Task flag set to 1: 36/36 wrappers
Epoch 5/5 | Batch 440/2000 | Step 8440 | BCE 0.194481 | FTC 2.077156 | Total 2.271636
Task flag set to 0: 36/36 wrappers
Task flag set to 1: 36/36 wrappers
Epoch 5/5 | Batch 441/2000 | Step 8441 | BCE 0.100765 | FTC 1.023567 | Total 1.124332
Task flag set to 0: 36/36 wrappers
Task flag set to 1: 36/36 wrappers
Epoch 5/5 | Batch 442/2000 | Step 8442 | BCE 0.627793 | FTC 0.832030 | Total 1.459823
Task flag set to 0: 36/36 wrappers
Task flag set to 1: 36/36 wrappers
Epoch 5/5 | Batch 443/2000 | Step 8443 | BCE 0.508204 | FTC 1.429010 | Total 1.937214
Task flag set to 0: 36/36 wrappers
Task flag set to 1: 36/36 wrappers
Epoch 5/5 | Batch 444/2000 | Step 8444 | BCE 0.285438 | FTC 1.968038 | Total 2.253475
Task flag set to 0: 36/36 wrappers
Task flag set to 1: 36/36 wrappers
Epoch 5/5 | Batch 445/2000 | Step 8445 | BCE 0.276932 | FTC 1.555125 | Total 1.832057
Task flag set to 0: 36/36 wrappers
Task flag set to 1: 36/36 wrappers
Epoch 5/5 | Batch 446/2000 | Step 8446 | BCE 0.087286 | FTC 1.740862 | Total 1.828148
Task flag set to 0: 36/36 wrappers
Task flag set to 1: 36/36 wrappers
Epoch 5/5 | Batch 447/2000 | Step 8447 | BCE 0.032375 | FTC 1.137117 | Total 1.169492
Task flag set to 0: 36/36 wrappers
Task flag set to 1: 36/36 wrappers
Epoch 5/5 | Batch 448/2000 | Step 8448 | BCE 0.094387 | FTC 1.060265 | Total 1.154652
Task flag set to 0: 36/36 wrappers
Task flag set to 1: 36/36 wrappers
Epoch 5/5 | Batch 449/2000 | Step 8449 | BCE 0.226861 | FTC 1.581465 | Total 1.808326
Task flag set to 0: 36/36 wrappers
Task flag set to 1: 36/36 wrappers
Epoch 5/5 | Batch 450/2000 | Step 8450 | BCE 0.152457 | FTC 1.193950 | Total 1.346408
Task flag set to 0: 36/36 wrappers
Task flag set to 1: 36/36 wrappers
Epoch 5/5 | Batch 451/2000 | Step 8451 | BCE 0.228393 | FTC 1.932291 | Total 2.160684
Task flag set to 0: 36/36 wrappers
Task flag set to 1: 36/36 wrappers
Epoch 5/5 | Batch 452/2000 | Step 8452 | BCE 0.179506 | FTC 1.507315 | Total 1.686821
Task flag set to 0: 36/36 wrappers
Task flag set to 1: 36/36 wrappers
Epoch 5/5 | Batch 453/2000 | Step 8453 | BCE 0.053310 | FTC 1.548421 | Total 1.601731
Task flag set to 0: 36/36 wrappers
Task flag set to 1: 36/36 wrappers
Epoch 5/5 | Batch 454/2000 | Step 8454 | BCE 0.085326 | FTC 1.702504 | Total 1.787830
Task flag set to 0: 36/36 wrappers
Task flag set to 1: 36/36 wrappers
Epoch 5/5 | Batch 455/2000 | Step 8455 | BCE 0.669700 | FTC 0.997466 | Total 1.667167
Task flag set to 0: 36/36 wrappers
Task flag set to 1: 36/36 wrappers
Epoch 5/5 | Batch 456/2000 | Step 8456 | BCE 0.206649 | FTC 1.829258 | Total 2.035907
Task flag set to 0: 36/36 wrappers
Task flag set to 1: 36/36 wrappers
Epoch 5/5 | Batch 457/2000 | Step 8457 | BCE 0.137434 | FTC 1.806668 | Total 1.944102
Task flag set to 0: 36/36 wrappers
Task flag set to 1: 36/36 wrappers
Epoch 5/5 | Batch 458/2000 | Step 8458 | BCE 0.054604 | FTC 1.480227 | Total 1.534831
Task flag set to 0: 36/36 wrappers
Task flag set to 1: 36/36 wrappers
Epoch 5/5 | Batch 459/2000 | Step 8459 | BCE 0.097279 | FTC 1.314494 | Total 1.411772
Task flag set to 0: 36/36 wrappers
Task flag set to 1: 36/36 wrappers
Epoch 5/5 | Batch 460/2000 | Step 8460 | BCE 0.678215 | FTC 1.634466 | Total 2.312681
Task flag set to 0: 36/36 wrappers
Task flag set to 1: 36/36 wrappers
Epoch 5/5 | Batch 461/2000 | Step 8461 | BCE 0.079108 | FTC 1.167537 | Total 1.246644
Task flag set to 0: 36/36 wrappers
Task flag set to 1: 36/36 wrappers
Epoch 5/5 | Batch 462/2000 | Step 8462 | BCE 0.712927 | FTC 2.208318 | Total 2.921244
Task flag set to 0: 36/36 wrappers
Task flag set to 1: 36/36 wrappers
Epoch 5/5 | Batch 463/2000 | Step 8463 | BCE 0.654237 | FTC 1.638388 | Total 2.292625
Task flag set to 0: 36/36 wrappers
Task flag set to 1: 36/36 wrappers
Epoch 5/5 | Batch 464/2000 | Step 8464 | BCE 0.526364 | FTC 1.291185 | Total 1.817549
Task flag set to 0: 36/36 wrappers
Task flag set to 1: 36/36 wrappers
Epoch 5/5 | Batch 465/2000 | Step 8465 | BCE 0.328235 | FTC 0.898607 | Total 1.226842
Task flag set to 0: 36/36 wrappers
Task flag set to 1: 36/36 wrappers
Epoch 5/5 | Batch 466/2000 | Step 8466 | BCE 0.287374 | FTC 1.435893 | Total 1.723267
Task flag set to 0: 36/36 wrappers
Task flag set to 1: 36/36 wrappers
Epoch 5/5 | Batch 467/2000 | Step 8467 | BCE 0.057885 | FTC 1.900981 | Total 1.958866
Task flag set to 0: 36/36 wrappers
Task flag set to 1: 36/36 wrappers
Epoch 5/5 | Batch 468/2000 | Step 8468 | BCE 0.320918 | FTC 1.842708 | Total 2.163626
Task flag set to 0: 36/36 wrappers
Task flag set to 1: 36/36 wrappers
Epoch 5/5 | Batch 469/2000 | Step 8469 | BCE 0.239024 | FTC 1.642493 | Total 1.881517
Task flag set to 0: 36/36 wrappers
Task flag set to 1: 36/36 wrappers
Epoch 5/5 | Batch 470/2000 | Step 8470 | BCE 0.042107 | FTC 1.441364 | Total 1.483470
Task flag set to 0: 36/36 wrappers
Task flag set to 1: 36/36 wrappers
Epoch 5/5 | Batch 471/2000 | Step 8471 | BCE 0.343280 | FTC 1.423460 | Total 1.766740
Task flag set to 0: 36/36 wrappers
Task flag set to 1: 36/36 wrappers
Epoch 5/5 | Batch 472/2000 | Step 8472 | BCE 0.108668 | FTC 1.384074 | Total 1.492742
Task flag set to 0: 36/36 wrappers
Task flag set to 1: 36/36 wrappers
Epoch 5/5 | Batch 473/2000 | Step 8473 | BCE 0.045312 | FTC 1.621861 | Total 1.667173
Task flag set to 0: 36/36 wrappers
Task flag set to 1: 36/36 wrappers
Epoch 5/5 | Batch 474/2000 | Step 8474 | BCE 0.124802 | FTC 1.767399 | Total 1.892201
Task flag set to 0: 36/36 wrappers
Task flag set to 1: 36/36 wrappers
Epoch 5/5 | Batch 475/2000 | Step 8475 | BCE 0.068320 | FTC 1.704548 | Total 1.772868
Task flag set to 0: 36/36 wrappers
Task flag set to 1: 36/36 wrappers
Epoch 5/5 | Batch 476/2000 | Step 8476 | BCE 0.157042 | FTC 0.991051 | Total 1.148093
Task flag set to 0: 36/36 wrappers
Task flag set to 1: 36/36 wrappers
Epoch 5/5 | Batch 477/2000 | Step 8477 | BCE 1.071400 | FTC 1.442597 | Total 2.513998
Task flag set to 0: 36/36 wrappers
Task flag set to 1: 36/36 wrappers
Epoch 5/5 | Batch 478/2000 | Step 8478 | BCE 0.029264 | FTC 1.412301 | Total 1.441565
Task flag set to 0: 36/36 wrappers
Task flag set to 1: 36/36 wrappers
Epoch 5/5 | Batch 479/2000 | Step 8479 | BCE 0.146902 | FTC 1.258563 | Total 1.405465
Task flag set to 0: 36/36 wrappers
Task flag set to 1: 36/36 wrappers
Epoch 5/5 | Batch 480/2000 | Step 8480 | BCE 0.307300 | FTC 0.947710 | Total 1.255011
Task flag set to 0: 36/36 wrappers
Task flag set to 1: 36/36 wrappers
Epoch 5/5 | Batch 481/2000 | Step 8481 | BCE 0.114390 | FTC 1.412374 | Total 1.526764
Task flag set to 0: 36/36 wrappers
Task flag set to 1: 36/36 wrappers
Epoch 5/5 | Batch 482/2000 | Step 8482 | BCE 0.028232 | FTC 1.476179 | Total 1.504411
Task flag set to 0: 36/36 wrappers
Task flag set to 1: 36/36 wrappers
Epoch 5/5 | Batch 483/2000 | Step 8483 | BCE 0.849609 | FTC 1.365149 | Total 2.214758
Task flag set to 0: 36/36 wrappers
Task flag set to 1: 36/36 wrappers
Epoch 5/5 | Batch 484/2000 | Step 8484 | BCE 0.505287 | FTC 2.033558 | Total 2.538845
Task flag set to 0: 36/36 wrappers
Task flag set to 1: 36/36 wrappers
Epoch 5/5 | Batch 485/2000 | Step 8485 | BCE 0.258277 | FTC 1.006153 | Total 1.264430
Task flag set to 0: 36/36 wrappers
Task flag set to 1: 36/36 wrappers
Epoch 5/5 | Batch 486/2000 | Step 8486 | BCE 0.583210 | FTC 0.777865 | Total 1.361075
Task flag set to 0: 36/36 wrappers
Task flag set to 1: 36/36 wrappers
Epoch 5/5 | Batch 487/2000 | Step 8487 | BCE 0.048298 | FTC 1.421129 | Total 1.469426
Task flag set to 0: 36/36 wrappers
Task flag set to 1: 36/36 wrappers
Epoch 5/5 | Batch 488/2000 | Step 8488 | BCE 0.130967 | FTC 1.843751 | Total 1.974718
Task flag set to 0: 36/36 wrappers
Task flag set to 1: 36/36 wrappers
Epoch 5/5 | Batch 489/2000 | Step 8489 | BCE 0.547472 | FTC 1.020321 | Total 1.567793
Task flag set to 0: 36/36 wrappers
Task flag set to 1: 36/36 wrappers
Epoch 5/5 | Batch 490/2000 | Step 8490 | BCE 0.057401 | FTC 1.243770 | Total 1.301171
Task flag set to 0: 36/36 wrappers
Task flag set to 1: 36/36 wrappers
Epoch 5/5 | Batch 491/2000 | Step 8491 | BCE 0.293001 | FTC 1.840346 | Total 2.133347
Task flag set to 0: 36/36 wrappers
Task flag set to 1: 36/36 wrappers
Epoch 5/5 | Batch 492/2000 | Step 8492 | BCE 0.068348 | FTC 1.710511 | Total 1.778859
Task flag set to 0: 36/36 wrappers
Task flag set to 1: 36/36 wrappers
Epoch 5/5 | Batch 493/2000 | Step 8493 | BCE 0.369849 | FTC 1.753022 | Total 2.122871
Task flag set to 0: 36/36 wrappers
Task flag set to 1: 36/36 wrappers
Epoch 5/5 | Batch 494/2000 | Step 8494 | BCE 0.089900 | FTC 1.575194 | Total 1.665094
Task flag set to 0: 36/36 wrappers
Task flag set to 1: 36/36 wrappers
Epoch 5/5 | Batch 495/2000 | Step 8495 | BCE 0.048933 | FTC 1.857788 | Total 1.906721
Task flag set to 0: 36/36 wrappers
Task flag set to 1: 36/36 wrappers
Epoch 5/5 | Batch 496/2000 | Step 8496 | BCE 0.460520 | FTC 1.189500 | Total 1.650020
Task flag set to 0: 36/36 wrappers
Task flag set to 1: 36/36 wrappers
Epoch 5/5 | Batch 497/2000 | Step 8497 | BCE 0.086616 | FTC 1.367545 | Total 1.454161
Task flag set to 0: 36/36 wrappers
Task flag set to 1: 36/36 wrappers
Epoch 5/5 | Batch 498/2000 | Step 8498 | BCE 0.107132 | FTC 1.443069 | Total 1.550201
Task flag set to 0: 36/36 wrappers
Task flag set to 1: 36/36 wrappers
Epoch 5/5 | Batch 499/2000 | Step 8499 | BCE 0.272175 | FTC 1.813868 | Total 2.086043
Task flag set to 0: 36/36 wrappers
Task flag set to 1: 36/36 wrappers
Epoch 5/5 | Batch 500/2000 | Step 8500 | BCE 0.020837 | FTC 1.446823 | Total 1.467660
Task flag set to 0: 36/36 wrappers
Task flag set to 1: 36/36 wrappers
Epoch 5/5 | Batch 501/2000 | Step 8501 | BCE 0.057403 | FTC 1.343207 | Total 1.400610
Task flag set to 0: 36/36 wrappers
Task flag set to 1: 36/36 wrappers
Epoch 5/5 | Batch 502/2000 | Step 8502 | BCE 0.657991 | FTC 1.107772 | Total 1.765763
Task flag set to 0: 36/36 wrappers
Task flag set to 1: 36/36 wrappers
Epoch 5/5 | Batch 503/2000 | Step 8503 | BCE 0.722684 | FTC 1.350148 | Total 2.072833
Task flag set to 0: 36/36 wrappers
Task flag set to 1: 36/36 wrappers
Epoch 5/5 | Batch 504/2000 | Step 8504 | BCE 1.014487 | FTC 1.905829 | Total 2.920316
Task flag set to 0: 36/36 wrappers
Task flag set to 1: 36/36 wrappers
Epoch 5/5 | Batch 505/2000 | Step 8505 | BCE 0.050623 | FTC 1.568483 | Total 1.619106
Task flag set to 0: 36/36 wrappers
Task flag set to 1: 36/36 wrappers
Epoch 5/5 | Batch 506/2000 | Step 8506 | BCE 0.138504 | FTC 1.869842 | Total 2.008347
Task flag set to 0: 36/36 wrappers
Task flag set to 1: 36/36 wrappers
Epoch 5/5 | Batch 507/2000 | Step 8507 | BCE 0.082475 | FTC 1.420911 | Total 1.503386
Task flag set to 0: 36/36 wrappers
Task flag set to 1: 36/36 wrappers
Epoch 5/5 | Batch 508/2000 | Step 8508 | BCE 0.029170 | FTC 1.663735 | Total 1.692905
Task flag set to 0: 36/36 wrappers
Task flag set to 1: 36/36 wrappers
Epoch 5/5 | Batch 509/2000 | Step 8509 | BCE 0.007449 | FTC 1.689875 | Total 1.697324
Task flag set to 0: 36/36 wrappers
Task flag set to 1: 36/36 wrappers
Epoch 5/5 | Batch 510/2000 | Step 8510 | BCE 0.767229 | FTC 1.733337 | Total 2.500566
Task flag set to 0: 36/36 wrappers
Task flag set to 1: 36/36 wrappers
Epoch 5/5 | Batch 511/2000 | Step 8511 | BCE 0.688982 | FTC 1.481464 | Total 2.170446
Task flag set to 0: 36/36 wrappers
Task flag set to 1: 36/36 wrappers
Epoch 5/5 | Batch 512/2000 | Step 8512 | BCE 0.059142 | FTC 1.388790 | Total 1.447932
Task flag set to 0: 36/36 wrappers
Task flag set to 1: 36/36 wrappers
Epoch 5/5 | Batch 513/2000 | Step 8513 | BCE 0.080001 | FTC 1.609743 | Total 1.689744
Task flag set to 0: 36/36 wrappers
Task flag set to 1: 36/36 wrappers
Epoch 5/5 | Batch 514/2000 | Step 8514 | BCE 0.044008 | FTC 1.617085 | Total 1.661094
Task flag set to 0: 36/36 wrappers
Task flag set to 1: 36/36 wrappers
Epoch 5/5 | Batch 515/2000 | Step 8515 | BCE 0.036139 | FTC 1.767780 | Total 1.803919
Task flag set to 0: 36/36 wrappers
Task flag set to 1: 36/36 wrappers
Epoch 5/5 | Batch 516/2000 | Step 8516 | BCE 0.390919 | FTC 1.865553 | Total 2.256471
Task flag set to 0: 36/36 wrappers
Task flag set to 1: 36/36 wrappers
Epoch 5/5 | Batch 517/2000 | Step 8517 | BCE 0.184204 | FTC 1.566906 | Total 1.751111
Task flag set to 0: 36/36 wrappers
Task flag set to 1: 36/36 wrappers
Epoch 5/5 | Batch 518/2000 | Step 8518 | BCE 0.077045 | FTC 1.366071 | Total 1.443115
Task flag set to 0: 36/36 wrappers
Task flag set to 1: 36/36 wrappers
Epoch 5/5 | Batch 519/2000 | Step 8519 | BCE 0.350479 | FTC 1.682987 | Total 2.033466
Task flag set to 0: 36/36 wrappers
Task flag set to 1: 36/36 wrappers
Epoch 5/5 | Batch 520/2000 | Step 8520 | BCE 0.271633 | FTC 1.741770 | Total 2.013403
Task flag set to 0: 36/36 wrappers
Task flag set to 1: 36/36 wrappers
Epoch 5/5 | Batch 521/2000 | Step 8521 | BCE 0.123713 | FTC 1.675694 | Total 1.799406
Task flag set to 0: 36/36 wrappers
Task flag set to 1: 36/36 wrappers
Epoch 5/5 | Batch 522/2000 | Step 8522 | BCE 0.020822 | FTC 1.384546 | Total 1.405368
Task flag set to 0: 36/36 wrappers
Task flag set to 1: 36/36 wrappers
Epoch 5/5 | Batch 523/2000 | Step 8523 | BCE 0.753842 | FTC 1.896009 | Total 2.649850
Task flag set to 0: 36/36 wrappers
Task flag set to 1: 36/36 wrappers
Epoch 5/5 | Batch 524/2000 | Step 8524 | BCE 0.115266 | FTC 1.667947 | Total 1.783213
Task flag set to 0: 36/36 wrappers
Task flag set to 1: 36/36 wrappers
Epoch 5/5 | Batch 525/2000 | Step 8525 | BCE 0.045869 | FTC 1.296532 | Total 1.342401
Task flag set to 0: 36/36 wrappers
Task flag set to 1: 36/36 wrappers
Epoch 5/5 | Batch 526/2000 | Step 8526 | BCE 0.118613 | FTC 1.373395 | Total 1.492008
Task flag set to 0: 36/36 wrappers
Task flag set to 1: 36/36 wrappers
Epoch 5/5 | Batch 527/2000 | Step 8527 | BCE 0.362519 | FTC 1.244648 | Total 1.607167
Task flag set to 0: 36/36 wrappers
Task flag set to 1: 36/36 wrappers
Epoch 5/5 | Batch 528/2000 | Step 8528 | BCE 0.992635 | FTC 1.740415 | Total 2.733050
Task flag set to 0: 36/36 wrappers
Task flag set to 1: 36/36 wrappers
Epoch 5/5 | Batch 529/2000 | Step 8529 | BCE 0.007484 | FTC 1.382286 | Total 1.389771
Task flag set to 0: 36/36 wrappers
Task flag set to 1: 36/36 wrappers
Epoch 5/5 | Batch 530/2000 | Step 8530 | BCE 0.078759 | FTC 1.748864 | Total 1.827623
Task flag set to 0: 36/36 wrappers
Task flag set to 1: 36/36 wrappers
Epoch 5/5 | Batch 531/2000 | Step 8531 | BCE 0.044004 | FTC 1.297439 | Total 1.341443
Task flag set to 0: 36/36 wrappers
Task flag set to 1: 36/36 wrappers
Epoch 5/5 | Batch 532/2000 | Step 8532 | BCE 0.049583 | FTC 1.387635 | Total 1.437218
Task flag set to 0: 36/36 wrappers
Task flag set to 1: 36/36 wrappers
Epoch 5/5 | Batch 533/2000 | Step 8533 | BCE 0.052331 | FTC 1.309127 | Total 1.361458
Task flag set to 0: 36/36 wrappers
Task flag set to 1: 36/36 wrappers
Epoch 5/5 | Batch 534/2000 | Step 8534 | BCE 0.034099 | FTC 1.653429 | Total 1.687528
Task flag set to 0: 36/36 wrappers
Task flag set to 1: 36/36 wrappers
Epoch 5/5 | Batch 535/2000 | Step 8535 | BCE 0.571792 | FTC 1.642446 | Total 2.214238
Task flag set to 0: 36/36 wrappers
Task flag set to 1: 36/36 wrappers
Epoch 5/5 | Batch 536/2000 | Step 8536 | BCE 0.025194 | FTC 1.408042 | Total 1.433236
Task flag set to 0: 36/36 wrappers
Task flag set to 1: 36/36 wrappers
Epoch 5/5 | Batch 537/2000 | Step 8537 | BCE 0.028288 | FTC 1.424732 | Total 1.453019
Task flag set to 0: 36/36 wrappers
Task flag set to 1: 36/36 wrappers
Epoch 5/5 | Batch 538/2000 | Step 8538 | BCE 0.216714 | FTC 1.027824 | Total 1.244538
Task flag set to 0: 36/36 wrappers
Task flag set to 1: 36/36 wrappers
Epoch 5/5 | Batch 539/2000 | Step 8539 | BCE 0.023916 | FTC 1.528513 | Total 1.552429
Task flag set to 0: 36/36 wrappers
Task flag set to 1: 36/36 wrappers
Epoch 5/5 | Batch 540/2000 | Step 8540 | BCE 0.019788 | FTC 1.243267 | Total 1.263055
Task flag set to 0: 36/36 wrappers
Task flag set to 1: 36/36 wrappers
Epoch 5/5 | Batch 541/2000 | Step 8541 | BCE 0.329688 | FTC 1.011316 | Total 1.341005
Task flag set to 0: 36/36 wrappers
Task flag set to 1: 36/36 wrappers
Epoch 5/5 | Batch 542/2000 | Step 8542 | BCE 0.062828 | FTC 1.704045 | Total 1.766873
Task flag set to 0: 36/36 wrappers
Task flag set to 1: 36/36 wrappers
Epoch 5/5 | Batch 543/2000 | Step 8543 | BCE 0.119320 | FTC 1.137135 | Total 1.256455
Task flag set to 0: 36/36 wrappers
Task flag set to 1: 36/36 wrappers
Epoch 5/5 | Batch 544/2000 | Step 8544 | BCE 0.015283 | FTC 1.444779 | Total 1.460062
Task flag set to 0: 36/36 wrappers
Task flag set to 1: 36/36 wrappers
Epoch 5/5 | Batch 545/2000 | Step 8545 | BCE 0.131688 | FTC 1.427429 | Total 1.559117
Task flag set to 0: 36/36 wrappers
Task flag set to 1: 36/36 wrappers
Epoch 5/5 | Batch 546/2000 | Step 8546 | BCE 0.190819 | FTC 1.661730 | Total 1.852549
Task flag set to 0: 36/36 wrappers
Task flag set to 1: 36/36 wrappers
Epoch 5/5 | Batch 547/2000 | Step 8547 | BCE 0.690086 | FTC 1.452741 | Total 2.142827
Task flag set to 0: 36/36 wrappers
Task flag set to 1: 36/36 wrappers
Epoch 5/5 | Batch 548/2000 | Step 8548 | BCE 0.964118 | FTC 1.434105 | Total 2.398223
Task flag set to 0: 36/36 wrappers
Task flag set to 1: 36/36 wrappers
Epoch 5/5 | Batch 549/2000 | Step 8549 | BCE 0.285558 | FTC 1.886606 | Total 2.172164
Task flag set to 0: 36/36 wrappers
Task flag set to 1: 36/36 wrappers
Epoch 5/5 | Batch 550/2000 | Step 8550 | BCE 0.456320 | FTC 1.557746 | Total 2.014066
Task flag set to 0: 36/36 wrappers
Task flag set to 1: 36/36 wrappers
Epoch 5/5 | Batch 551/2000 | Step 8551 | BCE 0.077596 | FTC 1.564522 | Total 1.642117
Task flag set to 0: 36/36 wrappers
Task flag set to 1: 36/36 wrappers
Epoch 5/5 | Batch 552/2000 | Step 8552 | BCE 0.085863 | FTC 1.747990 | Total 1.833853
Task flag set to 0: 36/36 wrappers
Task flag set to 1: 36/36 wrappers
Epoch 5/5 | Batch 553/2000 | Step 8553 | BCE 0.704128 | FTC 0.795824 | Total 1.499952
Task flag set to 0: 36/36 wrappers
Task flag set to 1: 36/36 wrappers
Epoch 5/5 | Batch 554/2000 | Step 8554 | BCE 0.282406 | FTC 1.610613 | Total 1.893020
Task flag set to 0: 36/36 wrappers
Task flag set to 1: 36/36 wrappers
Epoch 5/5 | Batch 555/2000 | Step 8555 | BCE 0.932976 | FTC 1.330809 | Total 2.263784
Task flag set to 0: 36/36 wrappers
Task flag set to 1: 36/36 wrappers
Epoch 5/5 | Batch 556/2000 | Step 8556 | BCE 0.107807 | FTC 1.435263 | Total 1.543069
Task flag set to 0: 36/36 wrappers
Task flag set to 1: 36/36 wrappers
Epoch 5/5 | Batch 557/2000 | Step 8557 | BCE 0.093705 | FTC 1.576262 | Total 1.669967
Task flag set to 0: 36/36 wrappers
Task flag set to 1: 36/36 wrappers
Epoch 5/5 | Batch 558/2000 | Step 8558 | BCE 0.054851 | FTC 1.417845 | Total 1.472696
Task flag set to 0: 36/36 wrappers
Task flag set to 1: 36/36 wrappers
Epoch 5/5 | Batch 559/2000 | Step 8559 | BCE 0.218938 | FTC 1.801114 | Total 2.020051
Task flag set to 0: 36/36 wrappers
Task flag set to 1: 36/36 wrappers
Epoch 5/5 | Batch 560/2000 | Step 8560 | BCE 0.557081 | FTC 1.953979 | Total 2.511060
Task flag set to 0: 36/36 wrappers
Task flag set to 1: 36/36 wrappers
Epoch 5/5 | Batch 561/2000 | Step 8561 | BCE 0.614638 | FTC 1.184927 | Total 1.799565
Task flag set to 0: 36/36 wrappers
Task flag set to 1: 36/36 wrappers
Epoch 5/5 | Batch 562/2000 | Step 8562 | BCE 0.211282 | FTC 1.600470 | Total 1.811752
Task flag set to 0: 36/36 wrappers
Task flag set to 1: 36/36 wrappers
Epoch 5/5 | Batch 563/2000 | Step 8563 | BCE 0.212670 | FTC 1.528881 | Total 1.741551
Task flag set to 0: 36/36 wrappers
Task flag set to 1: 36/36 wrappers
Epoch 5/5 | Batch 564/2000 | Step 8564 | BCE 1.204635 | FTC 1.582552 | Total 2.787187
Task flag set to 0: 36/36 wrappers
Task flag set to 1: 36/36 wrappers
Epoch 5/5 | Batch 565/2000 | Step 8565 | BCE 0.154160 | FTC 1.895121 | Total 2.049281
Task flag set to 0: 36/36 wrappers
Task flag set to 1: 36/36 wrappers
Epoch 5/5 | Batch 566/2000 | Step 8566 | BCE 0.507402 | FTC 0.519074 | Total 1.026476
Task flag set to 0: 36/36 wrappers
Task flag set to 1: 36/36 wrappers
Epoch 5/5 | Batch 567/2000 | Step 8567 | BCE 0.750887 | FTC 1.458736 | Total 2.209623
Task flag set to 0: 36/36 wrappers
Task flag set to 1: 36/36 wrappers
Epoch 5/5 | Batch 568/2000 | Step 8568 | BCE 0.078173 | FTC 1.381298 | Total 1.459471
Task flag set to 0: 36/36 wrappers
Task flag set to 1: 36/36 wrappers
Epoch 5/5 | Batch 569/2000 | Step 8569 | BCE 0.282863 | FTC 2.090822 | Total 2.373685
Task flag set to 0: 36/36 wrappers
Task flag set to 1: 36/36 wrappers
Epoch 5/5 | Batch 570/2000 | Step 8570 | BCE 0.166688 | FTC 1.656213 | Total 1.822901
Task flag set to 0: 36/36 wrappers
Task flag set to 1: 36/36 wrappers
Epoch 5/5 | Batch 571/2000 | Step 8571 | BCE 0.776854 | FTC 2.239515 | Total 3.016369
Task flag set to 0: 36/36 wrappers
Task flag set to 1: 36/36 wrappers
Epoch 5/5 | Batch 572/2000 | Step 8572 | BCE 0.112849 | FTC 1.337018 | Total 1.449867
Task flag set to 0: 36/36 wrappers
Task flag set to 1: 36/36 wrappers
Epoch 5/5 | Batch 573/2000 | Step 8573 | BCE 0.105909 | FTC 1.772127 | Total 1.878036
Task flag set to 0: 36/36 wrappers
Task flag set to 1: 36/36 wrappers
Epoch 5/5 | Batch 574/2000 | Step 8574 | BCE 0.685678 | FTC 1.080258 | Total 1.765937
Task flag set to 0: 36/36 wrappers
Task flag set to 1: 36/36 wrappers
Epoch 5/5 | Batch 575/2000 | Step 8575 | BCE 0.565299 | FTC 1.220864 | Total 1.786162
Task flag set to 0: 36/36 wrappers
Task flag set to 1: 36/36 wrappers
Epoch 5/5 | Batch 576/2000 | Step 8576 | BCE 0.594353 | FTC 1.414057 | Total 2.008410
Task flag set to 0: 36/36 wrappers
Task flag set to 1: 36/36 wrappers
Epoch 5/5 | Batch 577/2000 | Step 8577 | BCE 0.232614 | FTC 1.601345 | Total 1.833959
Task flag set to 0: 36/36 wrappers
Task flag set to 1: 36/36 wrappers
Epoch 5/5 | Batch 578/2000 | Step 8578 | BCE 0.516016 | FTC 1.017773 | Total 1.533789
Task flag set to 0: 36/36 wrappers
Task flag set to 1: 36/36 wrappers
Epoch 5/5 | Batch 579/2000 | Step 8579 | BCE 0.431014 | FTC 1.247168 | Total 1.678182
Task flag set to 0: 36/36 wrappers
Task flag set to 1: 36/36 wrappers
Epoch 5/5 | Batch 580/2000 | Step 8580 | BCE 0.746902 | FTC 1.458679 | Total 2.205580
Task flag set to 0: 36/36 wrappers
Task flag set to 1: 36/36 wrappers
Epoch 5/5 | Batch 581/2000 | Step 8581 | BCE 0.304976 | FTC 1.481364 | Total 1.786340
Task flag set to 0: 36/36 wrappers
Task flag set to 1: 36/36 wrappers
Epoch 5/5 | Batch 582/2000 | Step 8582 | BCE 0.389741 | FTC 1.884521 | Total 2.274261
Task flag set to 0: 36/36 wrappers
Task flag set to 1: 36/36 wrappers
Epoch 5/5 | Batch 583/2000 | Step 8583 | BCE 0.038503 | FTC 1.662416 | Total 1.700920
Task flag set to 0: 36/36 wrappers
Task flag set to 1: 36/36 wrappers
Epoch 5/5 | Batch 584/2000 | Step 8584 | BCE 0.564714 | FTC 1.383941 | Total 1.948655
Task flag set to 0: 36/36 wrappers
Task flag set to 1: 36/36 wrappers
Epoch 5/5 | Batch 585/2000 | Step 8585 | BCE 0.120822 | FTC 1.595276 | Total 1.716099
Task flag set to 0: 36/36 wrappers
Task flag set to 1: 36/36 wrappers
Epoch 5/5 | Batch 586/2000 | Step 8586 | BCE 0.516093 | FTC 1.087266 | Total 1.603360
Task flag set to 0: 36/36 wrappers
Task flag set to 1: 36/36 wrappers
Epoch 5/5 | Batch 587/2000 | Step 8587 | BCE 0.157180 | FTC 1.502337 | Total 1.659518
Task flag set to 0: 36/36 wrappers
Task flag set to 1: 36/36 wrappers
Epoch 5/5 | Batch 588/2000 | Step 8588 | BCE 0.220510 | FTC 1.331066 | Total 1.551576
Task flag set to 0: 36/36 wrappers
Task flag set to 1: 36/36 wrappers
Epoch 5/5 | Batch 589/2000 | Step 8589 | BCE 0.773869 | FTC 2.561441 | Total 3.335310
Task flag set to 0: 36/36 wrappers
Task flag set to 1: 36/36 wrappers
Epoch 5/5 | Batch 590/2000 | Step 8590 | BCE 0.081776 | FTC 1.443797 | Total 1.525573
Task flag set to 0: 36/36 wrappers
Task flag set to 1: 36/36 wrappers
Epoch 5/5 | Batch 591/2000 | Step 8591 | BCE 0.400577 | FTC 1.491524 | Total 1.892101
Task flag set to 0: 36/36 wrappers
Task flag set to 1: 36/36 wrappers
Epoch 5/5 | Batch 592/2000 | Step 8592 | BCE 1.265111 | FTC 2.319792 | Total 3.584903
Task flag set to 0: 36/36 wrappers
Task flag set to 1: 36/36 wrappers
Epoch 5/5 | Batch 593/2000 | Step 8593 | BCE 0.087410 | FTC 1.523096 | Total 1.610506
Task flag set to 0: 36/36 wrappers
Task flag set to 1: 36/36 wrappers
Epoch 5/5 | Batch 594/2000 | Step 8594 | BCE 0.104802 | FTC 1.573269 | Total 1.678071
Task flag set to 0: 36/36 wrappers
Task flag set to 1: 36/36 wrappers
Epoch 5/5 | Batch 595/2000 | Step 8595 | BCE 0.468576 | FTC 2.010799 | Total 2.479375
Task flag set to 0: 36/36 wrappers
Task flag set to 1: 36/36 wrappers
Epoch 5/5 | Batch 596/2000 | Step 8596 | BCE 0.269064 | FTC 1.388388 | Total 1.657452
Task flag set to 0: 36/36 wrappers
Task flag set to 1: 36/36 wrappers
Epoch 5/5 | Batch 597/2000 | Step 8597 | BCE 0.050843 | FTC 1.415291 | Total 1.466134
Task flag set to 0: 36/36 wrappers
Task flag set to 1: 36/36 wrappers
Epoch 5/5 | Batch 598/2000 | Step 8598 | BCE 0.217305 | FTC 1.896514 | Total 2.113819
Task flag set to 0: 36/36 wrappers
Task flag set to 1: 36/36 wrappers
Epoch 5/5 | Batch 599/2000 | Step 8599 | BCE 0.029484 | FTC 1.797460 | Total 1.826945
Task flag set to 0: 36/36 wrappers
Task flag set to 1: 36/36 wrappers
Epoch 5/5 | Batch 600/2000 | Step 8600 | BCE 0.251916 | FTC 0.910296 | Total 1.162212
Task flag set to 0: 36/36 wrappers
Task flag set to 1: 36/36 wrappers
Epoch 5/5 | Batch 601/2000 | Step 8601 | BCE 0.024600 | FTC 1.340022 | Total 1.364622
Task flag set to 0: 36/36 wrappers
Task flag set to 1: 36/36 wrappers
Epoch 5/5 | Batch 602/2000 | Step 8602 | BCE 0.055906 | FTC 1.167571 | Total 1.223476
Task flag set to 0: 36/36 wrappers
Task flag set to 1: 36/36 wrappers
Epoch 5/5 | Batch 603/2000 | Step 8603 | BCE 0.276369 | FTC 1.563935 | Total 1.840303
Task flag set to 0: 36/36 wrappers
Task flag set to 1: 36/36 wrappers
Epoch 5/5 | Batch 604/2000 | Step 8604 | BCE 0.752117 | FTC 1.741489 | Total 2.493606
Task flag set to 0: 36/36 wrappers
Task flag set to 1: 36/36 wrappers
Epoch 5/5 | Batch 605/2000 | Step 8605 | BCE 1.282403 | FTC 1.970129 | Total 3.252532
Task flag set to 0: 36/36 wrappers
Task flag set to 1: 36/36 wrappers
Epoch 5/5 | Batch 606/2000 | Step 8606 | BCE 0.128516 | FTC 1.217251 | Total 1.345767
Task flag set to 0: 36/36 wrappers
Task flag set to 1: 36/36 wrappers
Epoch 5/5 | Batch 607/2000 | Step 8607 | BCE 0.029465 | FTC 1.839177 | Total 1.868642
Task flag set to 0: 36/36 wrappers
Task flag set to 1: 36/36 wrappers
Epoch 5/5 | Batch 608/2000 | Step 8608 | BCE 0.182277 | FTC 0.896208 | Total 1.078485
Task flag set to 0: 36/36 wrappers
Task flag set to 1: 36/36 wrappers
Epoch 5/5 | Batch 609/2000 | Step 8609 | BCE 1.490448 | FTC 2.719409 | Total 4.209857
Task flag set to 0: 36/36 wrappers
Task flag set to 1: 36/36 wrappers
Epoch 5/5 | Batch 610/2000 | Step 8610 | BCE 0.021564 | FTC 1.210622 | Total 1.232186
Task flag set to 0: 36/36 wrappers
Task flag set to 1: 36/36 wrappers
Epoch 5/5 | Batch 611/2000 | Step 8611 | BCE 0.037997 | FTC 1.588633 | Total 1.626630
Task flag set to 0: 36/36 wrappers
Task flag set to 1: 36/36 wrappers
Epoch 5/5 | Batch 612/2000 | Step 8612 | BCE 0.176472 | FTC 1.648366 | Total 1.824838
Task flag set to 0: 36/36 wrappers
Task flag set to 1: 36/36 wrappers
Epoch 5/5 | Batch 613/2000 | Step 8613 | BCE 0.269987 | FTC 1.985604 | Total 2.255591
Task flag set to 0: 36/36 wrappers
Task flag set to 1: 36/36 wrappers
Epoch 5/5 | Batch 614/2000 | Step 8614 | BCE 0.807395 | FTC 1.395084 | Total 2.202478
Task flag set to 0: 36/36 wrappers
Task flag set to 1: 36/36 wrappers
Epoch 5/5 | Batch 615/2000 | Step 8615 | BCE 1.072110 | FTC 1.772919 | Total 2.845029
Task flag set to 0: 36/36 wrappers
Task flag set to 1: 36/36 wrappers
Epoch 5/5 | Batch 616/2000 | Step 8616 | BCE 0.961000 | FTC 1.833920 | Total 2.794920
Task flag set to 0: 36/36 wrappers
Task flag set to 1: 36/36 wrappers
Epoch 5/5 | Batch 617/2000 | Step 8617 | BCE 0.414640 | FTC 1.357700 | Total 1.772341
Task flag set to 0: 36/36 wrappers
Task flag set to 1: 36/36 wrappers
Epoch 5/5 | Batch 618/2000 | Step 8618 | BCE 0.041383 | FTC 1.181365 | Total 1.222749
Task flag set to 0: 36/36 wrappers
Task flag set to 1: 36/36 wrappers
Epoch 5/5 | Batch 619/2000 | Step 8619 | BCE 0.080341 | FTC 1.283168 | Total 1.363509
Task flag set to 0: 36/36 wrappers
Task flag set to 1: 36/36 wrappers
Epoch 5/5 | Batch 620/2000 | Step 8620 | BCE 0.414006 | FTC 1.519801 | Total 1.933807
Task flag set to 0: 36/36 wrappers
Task flag set to 1: 36/36 wrappers
Epoch 5/5 | Batch 621/2000 | Step 8621 | BCE 0.689868 | FTC 1.141154 | Total 1.831022
Task flag set to 0: 36/36 wrappers
Task flag set to 1: 36/36 wrappers
Epoch 5/5 | Batch 622/2000 | Step 8622 | BCE 0.142511 | FTC 1.548090 | Total 1.690602
Task flag set to 0: 36/36 wrappers
Task flag set to 1: 36/36 wrappers
Epoch 5/5 | Batch 623/2000 | Step 8623 | BCE 0.469322 | FTC 1.685245 | Total 2.154567
Task flag set to 0: 36/36 wrappers
Task flag set to 1: 36/36 wrappers
Epoch 5/5 | Batch 624/2000 | Step 8624 | BCE 0.520379 | FTC 1.472442 | Total 1.992821
Task flag set to 0: 36/36 wrappers
Task flag set to 1: 36/36 wrappers
Epoch 5/5 | Batch 625/2000 | Step 8625 | BCE 0.426786 | FTC 1.918301 | Total 2.345086
Task flag set to 0: 36/36 wrappers
Task flag set to 1: 36/36 wrappers
Epoch 5/5 | Batch 626/2000 | Step 8626 | BCE 0.158368 | FTC 1.634875 | Total 1.793243
Task flag set to 0: 36/36 wrappers
Task flag set to 1: 36/36 wrappers
Epoch 5/5 | Batch 627/2000 | Step 8627 | BCE 0.673439 | FTC 1.469132 | Total 2.142571
Task flag set to 0: 36/36 wrappers
Task flag set to 1: 36/36 wrappers
Epoch 5/5 | Batch 628/2000 | Step 8628 | BCE 0.055325 | FTC 1.583748 | Total 1.639073
Task flag set to 0: 36/36 wrappers
Task flag set to 1: 36/36 wrappers
Epoch 5/5 | Batch 629/2000 | Step 8629 | BCE 0.677819 | FTC 1.499771 | Total 2.177589
Task flag set to 0: 36/36 wrappers
Task flag set to 1: 36/36 wrappers
Epoch 5/5 | Batch 630/2000 | Step 8630 | BCE 0.115691 | FTC 1.664284 | Total 1.779975
Task flag set to 0: 36/36 wrappers
Task flag set to 1: 36/36 wrappers
Epoch 5/5 | Batch 631/2000 | Step 8631 | BCE 0.722620 | FTC 2.335530 | Total 3.058150
Task flag set to 0: 36/36 wrappers
Task flag set to 1: 36/36 wrappers
Epoch 5/5 | Batch 632/2000 | Step 8632 | BCE 0.138783 | FTC 1.624108 | Total 1.762891
Task flag set to 0: 36/36 wrappers
Task flag set to 1: 36/36 wrappers
Epoch 5/5 | Batch 633/2000 | Step 8633 | BCE 0.688885 | FTC 1.342727 | Total 2.031612
Task flag set to 0: 36/36 wrappers
Task flag set to 1: 36/36 wrappers
Epoch 5/5 | Batch 634/2000 | Step 8634 | BCE 1.210051 | FTC 1.354904 | Total 2.564955
Task flag set to 0: 36/36 wrappers
Task flag set to 1: 36/36 wrappers
Epoch 5/5 | Batch 635/2000 | Step 8635 | BCE 0.050238 | FTC 1.752467 | Total 1.802705
Task flag set to 0: 36/36 wrappers
Task flag set to 1: 36/36 wrappers
Epoch 5/5 | Batch 636/2000 | Step 8636 | BCE 0.025845 | FTC 1.427604 | Total 1.453450
Task flag set to 0: 36/36 wrappers
Task flag set to 1: 36/36 wrappers
Epoch 5/5 | Batch 637/2000 | Step 8637 | BCE 0.220850 | FTC 0.973281 | Total 1.194131
Task flag set to 0: 36/36 wrappers
Task flag set to 1: 36/36 wrappers
Epoch 5/5 | Batch 638/2000 | Step 8638 | BCE 0.184918 | FTC 1.112692 | Total 1.297609
Task flag set to 0: 36/36 wrappers
Task flag set to 1: 36/36 wrappers
Epoch 5/5 | Batch 639/2000 | Step 8639 | BCE 1.395103 | FTC 1.669381 | Total 3.064484
Task flag set to 0: 36/36 wrappers
Task flag set to 1: 36/36 wrappers
Epoch 5/5 | Batch 640/2000 | Step 8640 | BCE 0.037065 | FTC 1.302705 | Total 1.339770
Task flag set to 0: 36/36 wrappers
Task flag set to 1: 36/36 wrappers
Epoch 5/5 | Batch 641/2000 | Step 8641 | BCE 0.097401 | FTC 0.800216 | Total 0.897617
Task flag set to 0: 36/36 wrappers
Task flag set to 1: 36/36 wrappers
Epoch 5/5 | Batch 642/2000 | Step 8642 | BCE 0.326290 | FTC 1.715550 | Total 2.041839
Task flag set to 0: 36/36 wrappers
Task flag set to 1: 36/36 wrappers
Epoch 5/5 | Batch 643/2000 | Step 8643 | BCE 0.306819 | FTC 1.530967 | Total 1.837786
Task flag set to 0: 36/36 wrappers
Task flag set to 1: 36/36 wrappers
Epoch 5/5 | Batch 644/2000 | Step 8644 | BCE 0.396563 | FTC 1.032652 | Total 1.429215
Task flag set to 0: 36/36 wrappers
Task flag set to 1: 36/36 wrappers
Epoch 5/5 | Batch 645/2000 | Step 8645 | BCE 0.229893 | FTC 1.026399 | Total 1.256292
Task flag set to 0: 36/36 wrappers
Task flag set to 1: 36/36 wrappers
Epoch 5/5 | Batch 646/2000 | Step 8646 | BCE 0.471667 | FTC 1.684879 | Total 2.156546
Task flag set to 0: 36/36 wrappers
Task flag set to 1: 36/36 wrappers
Epoch 5/5 | Batch 647/2000 | Step 8647 | BCE 0.362412 | FTC 1.519387 | Total 1.881799
Task flag set to 0: 36/36 wrappers
Task flag set to 1: 36/36 wrappers
Epoch 5/5 | Batch 648/2000 | Step 8648 | BCE 0.256306 | FTC 1.343610 | Total 1.599916
Task flag set to 0: 36/36 wrappers
Task flag set to 1: 36/36 wrappers
Epoch 5/5 | Batch 649/2000 | Step 8649 | BCE 0.225327 | FTC 1.403224 | Total 1.628550
Task flag set to 0: 36/36 wrappers
Task flag set to 1: 36/36 wrappers
Epoch 5/5 | Batch 650/2000 | Step 8650 | BCE 0.126958 | FTC 0.830315 | Total 0.957273
Task flag set to 0: 36/36 wrappers
Task flag set to 1: 36/36 wrappers
Epoch 5/5 | Batch 651/2000 | Step 8651 | BCE 0.251457 | FTC 0.925434 | Total 1.176892
Task flag set to 0: 36/36 wrappers
Task flag set to 1: 36/36 wrappers
Epoch 5/5 | Batch 652/2000 | Step 8652 | BCE 0.441189 | FTC 1.175368 | Total 1.616557
Task flag set to 0: 36/36 wrappers
Task flag set to 1: 36/36 wrappers
Epoch 5/5 | Batch 653/2000 | Step 8653 | BCE 0.218159 | FTC 0.949736 | Total 1.167896
Task flag set to 0: 36/36 wrappers
Task flag set to 1: 36/36 wrappers
Epoch 5/5 | Batch 654/2000 | Step 8654 | BCE 0.367298 | FTC 1.907008 | Total 2.274306
Task flag set to 0: 36/36 wrappers
Task flag set to 1: 36/36 wrappers
Epoch 5/5 | Batch 655/2000 | Step 8655 | BCE 0.124406 | FTC 1.962682 | Total 2.087089
Task flag set to 0: 36/36 wrappers
Task flag set to 1: 36/36 wrappers
Epoch 5/5 | Batch 656/2000 | Step 8656 | BCE 0.349216 | FTC 1.768029 | Total 2.117245
Task flag set to 0: 36/36 wrappers
Task flag set to 1: 36/36 wrappers
Epoch 5/5 | Batch 657/2000 | Step 8657 | BCE 0.639564 | FTC 2.118095 | Total 2.757659
Task flag set to 0: 36/36 wrappers
Task flag set to 1: 36/36 wrappers
Epoch 5/5 | Batch 658/2000 | Step 8658 | BCE 0.296380 | FTC 2.121235 | Total 2.417616
Task flag set to 0: 36/36 wrappers
Task flag set to 1: 36/36 wrappers
Epoch 5/5 | Batch 659/2000 | Step 8659 | BCE 0.476119 | FTC 1.228900 | Total 1.705020
Task flag set to 0: 36/36 wrappers
Task flag set to 1: 36/36 wrappers
Epoch 5/5 | Batch 660/2000 | Step 8660 | BCE 0.344862 | FTC 1.495642 | Total 1.840504
Task flag set to 0: 36/36 wrappers
Task flag set to 1: 36/36 wrappers
Epoch 5/5 | Batch 661/2000 | Step 8661 | BCE 0.126576 | FTC 1.828612 | Total 1.955188
Task flag set to 0: 36/36 wrappers
Task flag set to 1: 36/36 wrappers
Epoch 5/5 | Batch 662/2000 | Step 8662 | BCE 0.140519 | FTC 1.748142 | Total 1.888662
Task flag set to 0: 36/36 wrappers
Task flag set to 1: 36/36 wrappers
Epoch 5/5 | Batch 663/2000 | Step 8663 | BCE 0.069781 | FTC 1.396747 | Total 1.466528
Task flag set to 0: 36/36 wrappers
Task flag set to 1: 36/36 wrappers
Epoch 5/5 | Batch 664/2000 | Step 8664 | BCE 0.034970 | FTC 1.743960 | Total 1.778929
Task flag set to 0: 36/36 wrappers
Task flag set to 1: 36/36 wrappers
Epoch 5/5 | Batch 665/2000 | Step 8665 | BCE 0.212780 | FTC 1.662743 | Total 1.875524
Task flag set to 0: 36/36 wrappers
Task flag set to 1: 36/36 wrappers
Epoch 5/5 | Batch 666/2000 | Step 8666 | BCE 0.156203 | FTC 1.947199 | Total 2.103403
Task flag set to 0: 36/36 wrappers
Task flag set to 1: 36/36 wrappers
Epoch 5/5 | Batch 667/2000 | Step 8667 | BCE 0.088169 | FTC 1.567307 | Total 1.655476
Task flag set to 0: 36/36 wrappers
Task flag set to 1: 36/36 wrappers
Epoch 5/5 | Batch 668/2000 | Step 8668 | BCE 0.287519 | FTC 1.604602 | Total 1.892121
Task flag set to 0: 36/36 wrappers
Task flag set to 1: 36/36 wrappers
Epoch 5/5 | Batch 669/2000 | Step 8669 | BCE 0.880468 | FTC 1.488927 | Total 2.369395
Task flag set to 0: 36/36 wrappers
Task flag set to 1: 36/36 wrappers
Epoch 5/5 | Batch 670/2000 | Step 8670 | BCE 0.152963 | FTC 1.560002 | Total 1.712965
Task flag set to 0: 36/36 wrappers
Task flag set to 1: 36/36 wrappers
Epoch 5/5 | Batch 671/2000 | Step 8671 | BCE 0.515104 | FTC 2.127095 | Total 2.642200
Task flag set to 0: 36/36 wrappers
Task flag set to 1: 36/36 wrappers
Epoch 5/5 | Batch 672/2000 | Step 8672 | BCE 0.626876 | FTC 1.460983 | Total 2.087859
Task flag set to 0: 36/36 wrappers
Task flag set to 1: 36/36 wrappers
Epoch 5/5 | Batch 673/2000 | Step 8673 | BCE 0.154304 | FTC 1.674540 | Total 1.828844
Task flag set to 0: 36/36 wrappers
Task flag set to 1: 36/36 wrappers
Epoch 5/5 | Batch 674/2000 | Step 8674 | BCE 0.653684 | FTC 1.442563 | Total 2.096247
Task flag set to 0: 36/36 wrappers
Task flag set to 1: 36/36 wrappers
Epoch 5/5 | Batch 675/2000 | Step 8675 | BCE 0.039831 | FTC 1.326740 | Total 1.366571
Task flag set to 0: 36/36 wrappers
Task flag set to 1: 36/36 wrappers
Epoch 5/5 | Batch 676/2000 | Step 8676 | BCE 0.229495 | FTC 1.546345 | Total 1.775840
Task flag set to 0: 36/36 wrappers
Task flag set to 1: 36/36 wrappers
Epoch 5/5 | Batch 677/2000 | Step 8677 | BCE 0.179804 | FTC 1.628886 | Total 1.808690
Task flag set to 0: 36/36 wrappers
Task flag set to 1: 36/36 wrappers
Epoch 5/5 | Batch 678/2000 | Step 8678 | BCE 0.921073 | FTC 1.530507 | Total 2.451581
Task flag set to 0: 36/36 wrappers
Task flag set to 1: 36/36 wrappers
Epoch 5/5 | Batch 679/2000 | Step 8679 | BCE 0.036059 | FTC 1.204730 | Total 1.240789
Task flag set to 0: 36/36 wrappers
Task flag set to 1: 36/36 wrappers
Epoch 5/5 | Batch 680/2000 | Step 8680 | BCE 0.305062 | FTC 1.519737 | Total 1.824800
Task flag set to 0: 36/36 wrappers
Task flag set to 1: 36/36 wrappers
Epoch 5/5 | Batch 681/2000 | Step 8681 | BCE 0.027001 | FTC 1.424704 | Total 1.451705
Task flag set to 0: 36/36 wrappers
Task flag set to 1: 36/36 wrappers
Epoch 5/5 | Batch 682/2000 | Step 8682 | BCE 0.091265 | FTC 1.493320 | Total 1.584585
Task flag set to 0: 36/36 wrappers
Task flag set to 1: 36/36 wrappers
Epoch 5/5 | Batch 683/2000 | Step 8683 | BCE 0.584703 | FTC 1.734648 | Total 2.319351
Task flag set to 0: 36/36 wrappers
Task flag set to 1: 36/36 wrappers
Epoch 5/5 | Batch 684/2000 | Step 8684 | BCE 0.142764 | FTC 1.565999 | Total 1.708762
Task flag set to 0: 36/36 wrappers
Task flag set to 1: 36/36 wrappers
Epoch 5/5 | Batch 685/2000 | Step 8685 | BCE 0.338632 | FTC 1.325718 | Total 1.664350
Task flag set to 0: 36/36 wrappers
Task flag set to 1: 36/36 wrappers
Epoch 5/5 | Batch 686/2000 | Step 8686 | BCE 0.055562 | FTC 1.536832 | Total 1.592393
Task flag set to 0: 36/36 wrappers
Task flag set to 1: 36/36 wrappers
Epoch 5/5 | Batch 687/2000 | Step 8687 | BCE 0.040601 | FTC 1.738478 | Total 1.779079
Task flag set to 0: 36/36 wrappers
Task flag set to 1: 36/36 wrappers
Epoch 5/5 | Batch 688/2000 | Step 8688 | BCE 0.028614 | FTC 1.877273 | Total 1.905887
Task flag set to 0: 36/36 wrappers
Task flag set to 1: 36/36 wrappers
Epoch 5/5 | Batch 689/2000 | Step 8689 | BCE 0.503931 | FTC 0.607717 | Total 1.111648
Task flag set to 0: 36/36 wrappers
Task flag set to 1: 36/36 wrappers
Epoch 5/5 | Batch 690/2000 | Step 8690 | BCE 1.645231 | FTC 2.178452 | Total 3.823683
Task flag set to 0: 36/36 wrappers
Task flag set to 1: 36/36 wrappers
Epoch 5/5 | Batch 691/2000 | Step 8691 | BCE 1.430978 | FTC 1.828888 | Total 3.259866
Task flag set to 0: 36/36 wrappers
Task flag set to 1: 36/36 wrappers
Epoch 5/5 | Batch 692/2000 | Step 8692 | BCE 0.326366 | FTC 0.958169 | Total 1.284535
Task flag set to 0: 36/36 wrappers
Task flag set to 1: 36/36 wrappers
Epoch 5/5 | Batch 693/2000 | Step 8693 | BCE 0.017371 | FTC 1.261337 | Total 1.278708
Task flag set to 0: 36/36 wrappers
Task flag set to 1: 36/36 wrappers
Epoch 5/5 | Batch 694/2000 | Step 8694 | BCE 0.023059 | FTC 1.274331 | Total 1.297390
Task flag set to 0: 36/36 wrappers
Task flag set to 1: 36/36 wrappers
Epoch 5/5 | Batch 695/2000 | Step 8695 | BCE 0.058277 | FTC 1.728613 | Total 1.786890
Task flag set to 0: 36/36 wrappers
Task flag set to 1: 36/36 wrappers
Epoch 5/5 | Batch 696/2000 | Step 8696 | BCE 0.008556 | FTC 1.473563 | Total 1.482119
Task flag set to 0: 36/36 wrappers
Task flag set to 1: 36/36 wrappers
Epoch 5/5 | Batch 697/2000 | Step 8697 | BCE 0.199541 | FTC 1.763027 | Total 1.962568
Task flag set to 0: 36/36 wrappers
Task flag set to 1: 36/36 wrappers
Epoch 5/5 | Batch 698/2000 | Step 8698 | BCE 0.306340 | FTC 1.739652 | Total 2.045991
Task flag set to 0: 36/36 wrappers
Task flag set to 1: 36/36 wrappers
Epoch 5/5 | Batch 699/2000 | Step 8699 | BCE 0.363629 | FTC 1.152591 | Total 1.516220
Task flag set to 0: 36/36 wrappers
Task flag set to 1: 36/36 wrappers
Epoch 5/5 | Batch 700/2000 | Step 8700 | BCE 0.226089 | FTC 2.057039 | Total 2.283127
Task flag set to 0: 36/36 wrappers
Task flag set to 1: 36/36 wrappers
Epoch 5/5 | Batch 701/2000 | Step 8701 | BCE 0.110421 | FTC 1.480312 | Total 1.590733
Task flag set to 0: 36/36 wrappers
Task flag set to 1: 36/36 wrappers
Epoch 5/5 | Batch 702/2000 | Step 8702 | BCE 0.115219 | FTC 1.398177 | Total 1.513396
Task flag set to 0: 36/36 wrappers
Task flag set to 1: 36/36 wrappers
Epoch 5/5 | Batch 703/2000 | Step 8703 | BCE 0.267231 | FTC 1.442955 | Total 1.710187
Task flag set to 0: 36/36 wrappers
Task flag set to 1: 36/36 wrappers
Epoch 5/5 | Batch 704/2000 | Step 8704 | BCE 0.721302 | FTC 1.041573 | Total 1.762875
Task flag set to 0: 36/36 wrappers
Task flag set to 1: 36/36 wrappers
Epoch 5/5 | Batch 705/2000 | Step 8705 | BCE 0.077718 | FTC 1.575177 | Total 1.652895
Task flag set to 0: 36/36 wrappers
Task flag set to 1: 36/36 wrappers
Epoch 5/5 | Batch 706/2000 | Step 8706 | BCE 0.033822 | FTC 1.294125 | Total 1.327948
Task flag set to 0: 36/36 wrappers
Task flag set to 1: 36/36 wrappers
Epoch 5/5 | Batch 707/2000 | Step 8707 | BCE 0.021422 | FTC 1.232374 | Total 1.253796
Task flag set to 0: 36/36 wrappers
Task flag set to 1: 36/36 wrappers
Epoch 5/5 | Batch 708/2000 | Step 8708 | BCE 1.262138 | FTC 1.800190 | Total 3.062328
Task flag set to 0: 36/36 wrappers
Task flag set to 1: 36/36 wrappers
Epoch 5/5 | Batch 709/2000 | Step 8709 | BCE 0.987835 | FTC 1.565358 | Total 2.553194
Task flag set to 0: 36/36 wrappers
Task flag set to 1: 36/36 wrappers
Epoch 5/5 | Batch 710/2000 | Step 8710 | BCE 0.163898 | FTC 1.985597 | Total 2.149494
Task flag set to 0: 36/36 wrappers
Task flag set to 1: 36/36 wrappers
Epoch 5/5 | Batch 711/2000 | Step 8711 | BCE 0.320672 | FTC 1.648204 | Total 1.968876
Task flag set to 0: 36/36 wrappers
Task flag set to 1: 36/36 wrappers
Epoch 5/5 | Batch 712/2000 | Step 8712 | BCE 0.508371 | FTC 1.683244 | Total 2.191615
Task flag set to 0: 36/36 wrappers
Task flag set to 1: 36/36 wrappers
Epoch 5/5 | Batch 713/2000 | Step 8713 | BCE 0.075283 | FTC 1.631576 | Total 1.706859
Task flag set to 0: 36/36 wrappers
Task flag set to 1: 36/36 wrappers
Epoch 5/5 | Batch 714/2000 | Step 8714 | BCE 0.083006 | FTC 1.596039 | Total 1.679045
Task flag set to 0: 36/36 wrappers
Task flag set to 1: 36/36 wrappers
Epoch 5/5 | Batch 715/2000 | Step 8715 | BCE 0.346792 | FTC 1.578564 | Total 1.925357
Task flag set to 0: 36/36 wrappers
Task flag set to 1: 36/36 wrappers
Epoch 5/5 | Batch 716/2000 | Step 8716 | BCE 0.565288 | FTC 1.437025 | Total 2.002313
Task flag set to 0: 36/36 wrappers
Task flag set to 1: 36/36 wrappers
Epoch 5/5 | Batch 717/2000 | Step 8717 | BCE 0.388774 | FTC 1.032801 | Total 1.421574
Task flag set to 0: 36/36 wrappers
Task flag set to 1: 36/36 wrappers
Epoch 5/5 | Batch 718/2000 | Step 8718 | BCE 0.327557 | FTC 1.037256 | Total 1.364813
Task flag set to 0: 36/36 wrappers
Task flag set to 1: 36/36 wrappers
Epoch 5/5 | Batch 719/2000 | Step 8719 | BCE 0.100910 | FTC 1.623930 | Total 1.724840
Task flag set to 0: 36/36 wrappers
Task flag set to 1: 36/36 wrappers
Epoch 5/5 | Batch 720/2000 | Step 8720 | BCE 1.555203 | FTC 2.078776 | Total 3.633978
Task flag set to 0: 36/36 wrappers
Task flag set to 1: 36/36 wrappers
Epoch 5/5 | Batch 721/2000 | Step 8721 | BCE 0.134072 | FTC 1.740762 | Total 1.874834
Task flag set to 0: 36/36 wrappers
Task flag set to 1: 36/36 wrappers
Epoch 5/5 | Batch 722/2000 | Step 8722 | BCE 0.024182 | FTC 0.763190 | Total 0.787372
Task flag set to 0: 36/36 wrappers
Task flag set to 1: 36/36 wrappers
Epoch 5/5 | Batch 723/2000 | Step 8723 | BCE 0.107511 | FTC 1.584253 | Total 1.691765
Task flag set to 0: 36/36 wrappers
Task flag set to 1: 36/36 wrappers
Epoch 5/5 | Batch 724/2000 | Step 8724 | BCE 0.306623 | FTC 1.257640 | Total 1.564264
Task flag set to 0: 36/36 wrappers
Task flag set to 1: 36/36 wrappers
Epoch 5/5 | Batch 725/2000 | Step 8725 | BCE 0.182554 | FTC 1.790436 | Total 1.972991
Task flag set to 0: 36/36 wrappers
Task flag set to 1: 36/36 wrappers
Epoch 5/5 | Batch 726/2000 | Step 8726 | BCE 0.852842 | FTC 0.974717 | Total 1.827560
Task flag set to 0: 36/36 wrappers
Task flag set to 1: 36/36 wrappers
Epoch 5/5 | Batch 727/2000 | Step 8727 | BCE 0.524156 | FTC 1.290601 | Total 1.814757
Task flag set to 0: 36/36 wrappers
Task flag set to 1: 36/36 wrappers
Epoch 5/5 | Batch 728/2000 | Step 8728 | BCE 0.474046 | FTC 1.849581 | Total 2.323627
Task flag set to 0: 36/36 wrappers
Task flag set to 1: 36/36 wrappers
Epoch 5/5 | Batch 729/2000 | Step 8729 | BCE 0.372223 | FTC 1.981986 | Total 2.354209
Task flag set to 0: 36/36 wrappers
Task flag set to 1: 36/36 wrappers
Epoch 5/5 | Batch 730/2000 | Step 8730 | BCE 0.212594 | FTC 1.838285 | Total 2.050879
Task flag set to 0: 36/36 wrappers
Task flag set to 1: 36/36 wrappers
Epoch 5/5 | Batch 731/2000 | Step 8731 | BCE 0.549597 | FTC 1.674566 | Total 2.224163
Task flag set to 0: 36/36 wrappers
Task flag set to 1: 36/36 wrappers
Epoch 5/5 | Batch 732/2000 | Step 8732 | BCE 1.140836 | FTC 1.297745 | Total 2.438581
Task flag set to 0: 36/36 wrappers
Task flag set to 1: 36/36 wrappers
Epoch 5/5 | Batch 733/2000 | Step 8733 | BCE 0.195741 | FTC 1.080550 | Total 1.276291
Task flag set to 0: 36/36 wrappers
Task flag set to 1: 36/36 wrappers
Epoch 5/5 | Batch 734/2000 | Step 8734 | BCE 0.190403 | FTC 1.568529 | Total 1.758931
Task flag set to 0: 36/36 wrappers
Task flag set to 1: 36/36 wrappers
Epoch 5/5 | Batch 735/2000 | Step 8735 | BCE 0.231594 | FTC 1.550234 | Total 1.781828
Task flag set to 0: 36/36 wrappers
Task flag set to 1: 36/36 wrappers
Epoch 5/5 | Batch 736/2000 | Step 8736 | BCE 0.266638 | FTC 1.595561 | Total 1.862200
Task flag set to 0: 36/36 wrappers
Task flag set to 1: 36/36 wrappers
Epoch 5/5 | Batch 737/2000 | Step 8737 | BCE 0.815896 | FTC 1.700377 | Total 2.516273
Task flag set to 0: 36/36 wrappers
Task flag set to 1: 36/36 wrappers
Epoch 5/5 | Batch 738/2000 | Step 8738 | BCE 0.065983 | FTC 1.305366 | Total 1.371349
Task flag set to 0: 36/36 wrappers
Task flag set to 1: 36/36 wrappers
Epoch 5/5 | Batch 739/2000 | Step 8739 | BCE 0.170757 | FTC 1.529776 | Total 1.700533
Task flag set to 0: 36/36 wrappers
Task flag set to 1: 36/36 wrappers
Epoch 5/5 | Batch 740/2000 | Step 8740 | BCE 0.150756 | FTC 1.581279 | Total 1.732035
Task flag set to 0: 36/36 wrappers
Task flag set to 1: 36/36 wrappers
Epoch 5/5 | Batch 741/2000 | Step 8741 | BCE 0.948621 | FTC 1.634386 | Total 2.583007
Task flag set to 0: 36/36 wrappers
Task flag set to 1: 36/36 wrappers
Epoch 5/5 | Batch 742/2000 | Step 8742 | BCE 0.680122 | FTC 1.332959 | Total 2.013081
Task flag set to 0: 36/36 wrappers
Task flag set to 1: 36/36 wrappers
Epoch 5/5 | Batch 743/2000 | Step 8743 | BCE 1.267177 | FTC 1.751501 | Total 3.018679
Task flag set to 0: 36/36 wrappers
Task flag set to 1: 36/36 wrappers
Epoch 5/5 | Batch 744/2000 | Step 8744 | BCE 0.053361 | FTC 1.410948 | Total 1.464309
Task flag set to 0: 36/36 wrappers
Task flag set to 1: 36/36 wrappers
Epoch 5/5 | Batch 745/2000 | Step 8745 | BCE 0.019228 | FTC 1.373943 | Total 1.393171
Task flag set to 0: 36/36 wrappers
Task flag set to 1: 36/36 wrappers
Epoch 5/5 | Batch 746/2000 | Step 8746 | BCE 0.751603 | FTC 1.206811 | Total 1.958414
Task flag set to 0: 36/36 wrappers
Task flag set to 1: 36/36 wrappers
Epoch 5/5 | Batch 747/2000 | Step 8747 | BCE 0.190236 | FTC 1.349170 | Total 1.539406
Task flag set to 0: 36/36 wrappers
Task flag set to 1: 36/36 wrappers
Epoch 5/5 | Batch 748/2000 | Step 8748 | BCE 0.052585 | FTC 1.606553 | Total 1.659138
Task flag set to 0: 36/36 wrappers
Task flag set to 1: 36/36 wrappers
Epoch 5/5 | Batch 749/2000 | Step 8749 | BCE 0.637629 | FTC 1.431941 | Total 2.069570
Task flag set to 0: 36/36 wrappers
Task flag set to 1: 36/36 wrappers
Epoch 5/5 | Batch 750/2000 | Step 8750 | BCE 0.215876 | FTC 1.469234 | Total 1.685109
Task flag set to 0: 36/36 wrappers
Task flag set to 1: 36/36 wrappers
Epoch 5/5 | Batch 751/2000 | Step 8751 | BCE 0.113307 | FTC 1.500950 | Total 1.614257
Task flag set to 0: 36/36 wrappers
Task flag set to 1: 36/36 wrappers
Epoch 5/5 | Batch 752/2000 | Step 8752 | BCE 0.456844 | FTC 1.971952 | Total 2.428797
Task flag set to 0: 36/36 wrappers
Task flag set to 1: 36/36 wrappers
Epoch 5/5 | Batch 753/2000 | Step 8753 | BCE 0.632453 | FTC 1.879953 | Total 2.512406
Task flag set to 0: 36/36 wrappers
Task flag set to 1: 36/36 wrappers
Epoch 5/5 | Batch 754/2000 | Step 8754 | BCE 0.173340 | FTC 1.651120 | Total 1.824460
Task flag set to 0: 36/36 wrappers
Task flag set to 1: 36/36 wrappers
Epoch 5/5 | Batch 755/2000 | Step 8755 | BCE 0.173893 | FTC 1.770840 | Total 1.944733
Task flag set to 0: 36/36 wrappers
Task flag set to 1: 36/36 wrappers
Epoch 5/5 | Batch 756/2000 | Step 8756 | BCE 0.037987 | FTC 1.503265 | Total 1.541252
Task flag set to 0: 36/36 wrappers
Task flag set to 1: 36/36 wrappers
Epoch 5/5 | Batch 757/2000 | Step 8757 | BCE 0.507724 | FTC 1.944347 | Total 2.452071
Task flag set to 0: 36/36 wrappers
Task flag set to 1: 36/36 wrappers
Epoch 5/5 | Batch 758/2000 | Step 8758 | BCE 0.388470 | FTC 1.972298 | Total 2.360767
Task flag set to 0: 36/36 wrappers
Task flag set to 1: 36/36 wrappers
Epoch 5/5 | Batch 759/2000 | Step 8759 | BCE 0.110181 | FTC 1.697940 | Total 1.808121
Task flag set to 0: 36/36 wrappers
Task flag set to 1: 36/36 wrappers
Epoch 5/5 | Batch 760/2000 | Step 8760 | BCE 0.142628 | FTC 1.715580 | Total 1.858208
Task flag set to 0: 36/36 wrappers
Task flag set to 1: 36/36 wrappers
Epoch 5/5 | Batch 761/2000 | Step 8761 | BCE 0.033696 | FTC 1.513247 | Total 1.546944
Task flag set to 0: 36/36 wrappers
Task flag set to 1: 36/36 wrappers
Epoch 5/5 | Batch 762/2000 | Step 8762 | BCE 0.123971 | FTC 1.747094 | Total 1.871065
Task flag set to 0: 36/36 wrappers
Task flag set to 1: 36/36 wrappers
Epoch 5/5 | Batch 763/2000 | Step 8763 | BCE 0.607814 | FTC 1.489647 | Total 2.097462
Task flag set to 0: 36/36 wrappers
Task flag set to 1: 36/36 wrappers
Epoch 5/5 | Batch 764/2000 | Step 8764 | BCE 0.021843 | FTC 1.300767 | Total 1.322610
Task flag set to 0: 36/36 wrappers
Task flag set to 1: 36/36 wrappers
Epoch 5/5 | Batch 765/2000 | Step 8765 | BCE 0.126529 | FTC 1.601245 | Total 1.727775
Task flag set to 0: 36/36 wrappers
Task flag set to 1: 36/36 wrappers
Epoch 5/5 | Batch 766/2000 | Step 8766 | BCE 0.282273 | FTC 1.006012 | Total 1.288285
Task flag set to 0: 36/36 wrappers
Task flag set to 1: 36/36 wrappers
Epoch 5/5 | Batch 767/2000 | Step 8767 | BCE 1.423434 | FTC 2.081337 | Total 3.504771
Task flag set to 0: 36/36 wrappers
Task flag set to 1: 36/36 wrappers
Epoch 5/5 | Batch 768/2000 | Step 8768 | BCE 1.154941 | FTC 1.900537 | Total 3.055478
Task flag set to 0: 36/36 wrappers
Task flag set to 1: 36/36 wrappers
Epoch 5/5 | Batch 769/2000 | Step 8769 | BCE 0.013429 | FTC 1.714304 | Total 1.727732
Task flag set to 0: 36/36 wrappers
Task flag set to 1: 36/36 wrappers
Epoch 5/5 | Batch 770/2000 | Step 8770 | BCE 0.074824 | FTC 1.638989 | Total 1.713812
Task flag set to 0: 36/36 wrappers
Task flag set to 1: 36/36 wrappers
Epoch 5/5 | Batch 771/2000 | Step 8771 | BCE 0.251469 | FTC 1.511905 | Total 1.763374
Task flag set to 0: 36/36 wrappers
Task flag set to 1: 36/36 wrappers
Epoch 5/5 | Batch 772/2000 | Step 8772 | BCE 0.032460 | FTC 1.841624 | Total 1.874084
Task flag set to 0: 36/36 wrappers
Task flag set to 1: 36/36 wrappers
Epoch 5/5 | Batch 773/2000 | Step 8773 | BCE 2.548102 | FTC 2.417470 | Total 4.965572
Task flag set to 0: 36/36 wrappers
Task flag set to 1: 36/36 wrappers
Epoch 5/5 | Batch 774/2000 | Step 8774 | BCE 0.058582 | FTC 1.578604 | Total 1.637186
Task flag set to 0: 36/36 wrappers
Task flag set to 1: 36/36 wrappers
Epoch 5/5 | Batch 775/2000 | Step 8775 | BCE 0.041035 | FTC 1.518770 | Total 1.559805
Task flag set to 0: 36/36 wrappers
Task flag set to 1: 36/36 wrappers
Epoch 5/5 | Batch 776/2000 | Step 8776 | BCE 0.512565 | FTC 1.465806 | Total 1.978371
Task flag set to 0: 36/36 wrappers
Task flag set to 1: 36/36 wrappers
Epoch 5/5 | Batch 777/2000 | Step 8777 | BCE 0.013262 | FTC 1.227380 | Total 1.240642
Task flag set to 0: 36/36 wrappers
Task flag set to 1: 36/36 wrappers
Epoch 5/5 | Batch 778/2000 | Step 8778 | BCE 1.457576 | FTC 1.217540 | Total 2.675115
Task flag set to 0: 36/36 wrappers
Task flag set to 1: 36/36 wrappers
Epoch 5/5 | Batch 779/2000 | Step 8779 | BCE 0.260981 | FTC 1.359658 | Total 1.620640
Task flag set to 0: 36/36 wrappers
Task flag set to 1: 36/36 wrappers
Epoch 5/5 | Batch 780/2000 | Step 8780 | BCE 0.059482 | FTC 1.153463 | Total 1.212945
Task flag set to 0: 36/36 wrappers
Task flag set to 1: 36/36 wrappers
Epoch 5/5 | Batch 781/2000 | Step 8781 | BCE 1.795541 | FTC 1.668606 | Total 3.464147
Task flag set to 0: 36/36 wrappers
Task flag set to 1: 36/36 wrappers
Epoch 5/5 | Batch 782/2000 | Step 8782 | BCE 0.333847 | FTC 1.036649 | Total 1.370496
Task flag set to 0: 36/36 wrappers
Task flag set to 1: 36/36 wrappers
Epoch 5/5 | Batch 783/2000 | Step 8783 | BCE 0.184221 | FTC 1.478094 | Total 1.662314
Task flag set to 0: 36/36 wrappers
Task flag set to 1: 36/36 wrappers
Epoch 5/5 | Batch 784/2000 | Step 8784 | BCE 0.207677 | FTC 0.819422 | Total 1.027099
Task flag set to 0: 36/36 wrappers
Task flag set to 1: 36/36 wrappers
Epoch 5/5 | Batch 785/2000 | Step 8785 | BCE 0.526718 | FTC 1.648972 | Total 2.175690
Task flag set to 0: 36/36 wrappers
Task flag set to 1: 36/36 wrappers
Epoch 5/5 | Batch 786/2000 | Step 8786 | BCE 0.071983 | FTC 1.681515 | Total 1.753498
Task flag set to 0: 36/36 wrappers
Task flag set to 1: 36/36 wrappers
Epoch 5/5 | Batch 787/2000 | Step 8787 | BCE 0.151740 | FTC 1.852559 | Total 2.004299
Task flag set to 0: 36/36 wrappers
Task flag set to 1: 36/36 wrappers
Epoch 5/5 | Batch 788/2000 | Step 8788 | BCE 0.234201 | FTC 1.623965 | Total 1.858166
Task flag set to 0: 36/36 wrappers
Task flag set to 1: 36/36 wrappers
Epoch 5/5 | Batch 789/2000 | Step 8789 | BCE 0.034679 | FTC 1.143182 | Total 1.177860
Task flag set to 0: 36/36 wrappers
Task flag set to 1: 36/36 wrappers
Epoch 5/5 | Batch 790/2000 | Step 8790 | BCE 0.267563 | FTC 1.399175 | Total 1.666738
Task flag set to 0: 36/36 wrappers
Task flag set to 1: 36/36 wrappers
Epoch 5/5 | Batch 791/2000 | Step 8791 | BCE 0.168244 | FTC 1.507797 | Total 1.676041
Task flag set to 0: 36/36 wrappers
Task flag set to 1: 36/36 wrappers
Epoch 5/5 | Batch 792/2000 | Step 8792 | BCE 0.106084 | FTC 2.066559 | Total 2.172643
Task flag set to 0: 36/36 wrappers
Task flag set to 1: 36/36 wrappers
Epoch 5/5 | Batch 793/2000 | Step 8793 | BCE 0.117021 | FTC 1.266199 | Total 1.383219
Task flag set to 0: 36/36 wrappers
Task flag set to 1: 36/36 wrappers
Epoch 5/5 | Batch 794/2000 | Step 8794 | BCE 0.184878 | FTC 1.591776 | Total 1.776654
Task flag set to 0: 36/36 wrappers
Task flag set to 1: 36/36 wrappers
Epoch 5/5 | Batch 795/2000 | Step 8795 | BCE 0.123497 | FTC 1.923181 | Total 2.046678
Task flag set to 0: 36/36 wrappers
Task flag set to 1: 36/36 wrappers
Epoch 5/5 | Batch 796/2000 | Step 8796 | BCE 0.571691 | FTC 0.992314 | Total 1.564005
Task flag set to 0: 36/36 wrappers
Task flag set to 1: 36/36 wrappers
Epoch 5/5 | Batch 797/2000 | Step 8797 | BCE 0.167452 | FTC 1.625300 | Total 1.792752
Task flag set to 0: 36/36 wrappers
Task flag set to 1: 36/36 wrappers
Epoch 5/5 | Batch 798/2000 | Step 8798 | BCE 0.255612 | FTC 1.110863 | Total 1.366475
Task flag set to 0: 36/36 wrappers
Task flag set to 1: 36/36 wrappers
Epoch 5/5 | Batch 799/2000 | Step 8799 | BCE 0.116553 | FTC 1.186512 | Total 1.303066
Task flag set to 0: 36/36 wrappers
Task flag set to 1: 36/36 wrappers
Epoch 5/5 | Batch 800/2000 | Step 8800 | BCE 0.229903 | FTC 1.199548 | Total 1.429451
Task flag set to 0: 36/36 wrappers
Task flag set to 1: 36/36 wrappers
Epoch 5/5 | Batch 801/2000 | Step 8801 | BCE 0.234692 | FTC 0.642550 | Total 0.877242
Task flag set to 0: 36/36 wrappers
Task flag set to 1: 36/36 wrappers
Epoch 5/5 | Batch 802/2000 | Step 8802 | BCE 0.044569 | FTC 1.379405 | Total 1.423974
Task flag set to 0: 36/36 wrappers
Task flag set to 1: 36/36 wrappers
Epoch 5/5 | Batch 803/2000 | Step 8803 | BCE 0.245256 | FTC 1.202394 | Total 1.447649
Task flag set to 0: 36/36 wrappers
Task flag set to 1: 36/36 wrappers
Epoch 5/5 | Batch 804/2000 | Step 8804 | BCE 0.149787 | FTC 1.863502 | Total 2.013289
Task flag set to 0: 36/36 wrappers
Task flag set to 1: 36/36 wrappers
Epoch 5/5 | Batch 805/2000 | Step 8805 | BCE 0.095628 | FTC 1.767759 | Total 1.863388
Task flag set to 0: 36/36 wrappers
Task flag set to 1: 36/36 wrappers
Epoch 5/5 | Batch 806/2000 | Step 8806 | BCE 0.959886 | FTC 1.860141 | Total 2.820027
Task flag set to 0: 36/36 wrappers
Task flag set to 1: 36/36 wrappers
Epoch 5/5 | Batch 807/2000 | Step 8807 | BCE 0.103985 | FTC 1.819642 | Total 1.923627
Task flag set to 0: 36/36 wrappers
Task flag set to 1: 36/36 wrappers
Epoch 5/5 | Batch 808/2000 | Step 8808 | BCE 0.682126 | FTC 1.151922 | Total 1.834049
Task flag set to 0: 36/36 wrappers
Task flag set to 1: 36/36 wrappers
Epoch 5/5 | Batch 809/2000 | Step 8809 | BCE 0.636599 | FTC 1.594764 | Total 2.231363
Task flag set to 0: 36/36 wrappers
Task flag set to 1: 36/36 wrappers
Epoch 5/5 | Batch 810/2000 | Step 8810 | BCE 0.120247 | FTC 1.450130 | Total 1.570377
Task flag set to 0: 36/36 wrappers
Task flag set to 1: 36/36 wrappers
Epoch 5/5 | Batch 811/2000 | Step 8811 | BCE 0.049540 | FTC 1.475070 | Total 1.524610
Task flag set to 0: 36/36 wrappers
Task flag set to 1: 36/36 wrappers
Epoch 5/5 | Batch 812/2000 | Step 8812 | BCE 0.269364 | FTC 1.065303 | Total 1.334667
Task flag set to 0: 36/36 wrappers
Task flag set to 1: 36/36 wrappers
Epoch 5/5 | Batch 813/2000 | Step 8813 | BCE 0.910155 | FTC 0.711485 | Total 1.621639
Task flag set to 0: 36/36 wrappers
Task flag set to 1: 36/36 wrappers
Epoch 5/5 | Batch 814/2000 | Step 8814 | BCE 0.059994 | FTC 1.305314 | Total 1.365308
Task flag set to 0: 36/36 wrappers
Task flag set to 1: 36/36 wrappers
Epoch 5/5 | Batch 815/2000 | Step 8815 | BCE 0.369209 | FTC 1.631491 | Total 2.000700
Task flag set to 0: 36/36 wrappers
Task flag set to 1: 36/36 wrappers
Epoch 5/5 | Batch 816/2000 | Step 8816 | BCE 0.594260 | FTC 1.872017 | Total 2.466277
Task flag set to 0: 36/36 wrappers
Task flag set to 1: 36/36 wrappers
Epoch 5/5 | Batch 817/2000 | Step 8817 | BCE 0.860417 | FTC 2.271841 | Total 3.132257
Task flag set to 0: 36/36 wrappers
Task flag set to 1: 36/36 wrappers
Epoch 5/5 | Batch 818/2000 | Step 8818 | BCE 0.099413 | FTC 1.522130 | Total 1.621543
Task flag set to 0: 36/36 wrappers
Task flag set to 1: 36/36 wrappers
Epoch 5/5 | Batch 819/2000 | Step 8819 | BCE 0.148554 | FTC 1.728888 | Total 1.877442
Task flag set to 0: 36/36 wrappers
Task flag set to 1: 36/36 wrappers
Epoch 5/5 | Batch 820/2000 | Step 8820 | BCE 0.135994 | FTC 1.656210 | Total 1.792205
Task flag set to 0: 36/36 wrappers
Task flag set to 1: 36/36 wrappers
Epoch 5/5 | Batch 821/2000 | Step 8821 | BCE 0.128411 | FTC 1.972871 | Total 2.101281
Task flag set to 0: 36/36 wrappers
Task flag set to 1: 36/36 wrappers
Epoch 5/5 | Batch 822/2000 | Step 8822 | BCE 0.116297 | FTC 1.765344 | Total 1.881642
Task flag set to 0: 36/36 wrappers
Task flag set to 1: 36/36 wrappers
Epoch 5/5 | Batch 823/2000 | Step 8823 | BCE 0.614174 | FTC 1.264965 | Total 1.879139
Task flag set to 0: 36/36 wrappers
Task flag set to 1: 36/36 wrappers
Epoch 5/5 | Batch 824/2000 | Step 8824 | BCE 0.323537 | FTC 0.886848 | Total 1.210385
Task flag set to 0: 36/36 wrappers
Task flag set to 1: 36/36 wrappers
Epoch 5/5 | Batch 825/2000 | Step 8825 | BCE 0.487497 | FTC 1.733144 | Total 2.220641
Task flag set to 0: 36/36 wrappers
Task flag set to 1: 36/36 wrappers
Epoch 5/5 | Batch 826/2000 | Step 8826 | BCE 0.025188 | FTC 1.461570 | Total 1.486758
Task flag set to 0: 36/36 wrappers
Task flag set to 1: 36/36 wrappers
Epoch 5/5 | Batch 827/2000 | Step 8827 | BCE 0.029666 | FTC 1.466317 | Total 1.495984
Task flag set to 0: 36/36 wrappers
Task flag set to 1: 36/36 wrappers
Epoch 5/5 | Batch 828/2000 | Step 8828 | BCE 0.102792 | FTC 1.410873 | Total 1.513664
Task flag set to 0: 36/36 wrappers
Task flag set to 1: 36/36 wrappers
Epoch 5/5 | Batch 829/2000 | Step 8829 | BCE 0.297567 | FTC 1.182918 | Total 1.480484
Task flag set to 0: 36/36 wrappers
Task flag set to 1: 36/36 wrappers
Epoch 5/5 | Batch 830/2000 | Step 8830 | BCE 0.124388 | FTC 1.604264 | Total 1.728652
Task flag set to 0: 36/36 wrappers
Task flag set to 1: 36/36 wrappers
Epoch 5/5 | Batch 831/2000 | Step 8831 | BCE 0.059834 | FTC 1.798084 | Total 1.857918
Task flag set to 0: 36/36 wrappers
Task flag set to 1: 36/36 wrappers
Epoch 5/5 | Batch 832/2000 | Step 8832 | BCE 0.314775 | FTC 1.659492 | Total 1.974267
Task flag set to 0: 36/36 wrappers
Task flag set to 1: 36/36 wrappers
Epoch 5/5 | Batch 833/2000 | Step 8833 | BCE 0.047152 | FTC 1.516653 | Total 1.563805
Task flag set to 0: 36/36 wrappers
Task flag set to 1: 36/36 wrappers
Epoch 5/5 | Batch 834/2000 | Step 8834 | BCE 0.570144 | FTC 1.365931 | Total 1.936075
Task flag set to 0: 36/36 wrappers
Task flag set to 1: 36/36 wrappers
Epoch 5/5 | Batch 835/2000 | Step 8835 | BCE 0.318788 | FTC 1.522644 | Total 1.841433
Task flag set to 0: 36/36 wrappers
Task flag set to 1: 36/36 wrappers
Epoch 5/5 | Batch 836/2000 | Step 8836 | BCE 0.269697 | FTC 1.470309 | Total 1.740006
Task flag set to 0: 36/36 wrappers
Task flag set to 1: 36/36 wrappers
Epoch 5/5 | Batch 837/2000 | Step 8837 | BCE 0.455624 | FTC 1.167301 | Total 1.622925
Task flag set to 0: 36/36 wrappers
Task flag set to 1: 36/36 wrappers
Epoch 5/5 | Batch 838/2000 | Step 8838 | BCE 0.016493 | FTC 1.160675 | Total 1.177168
Task flag set to 0: 36/36 wrappers
Task flag set to 1: 36/36 wrappers
Epoch 5/5 | Batch 839/2000 | Step 8839 | BCE 0.020991 | FTC 1.641277 | Total 1.662268
Task flag set to 0: 36/36 wrappers
Task flag set to 1: 36/36 wrappers
Epoch 5/5 | Batch 840/2000 | Step 8840 | BCE 0.348432 | FTC 1.831936 | Total 2.180369
Task flag set to 0: 36/36 wrappers
Task flag set to 1: 36/36 wrappers
Epoch 5/5 | Batch 841/2000 | Step 8841 | BCE 0.423324 | FTC 1.114861 | Total 1.538184
Task flag set to 0: 36/36 wrappers
Task flag set to 1: 36/36 wrappers
Epoch 5/5 | Batch 842/2000 | Step 8842 | BCE 0.407941 | FTC 1.457192 | Total 1.865133
Task flag set to 0: 36/36 wrappers
Task flag set to 1: 36/36 wrappers
Epoch 5/5 | Batch 843/2000 | Step 8843 | BCE 0.019531 | FTC 1.182069 | Total 1.201600
Task flag set to 0: 36/36 wrappers
Task flag set to 1: 36/36 wrappers
Epoch 5/5 | Batch 844/2000 | Step 8844 | BCE 0.065650 | FTC 1.757593 | Total 1.823244
Task flag set to 0: 36/36 wrappers
Task flag set to 1: 36/36 wrappers
Epoch 5/5 | Batch 845/2000 | Step 8845 | BCE 1.221428 | FTC 1.797680 | Total 3.019108
Task flag set to 0: 36/36 wrappers
Task flag set to 1: 36/36 wrappers
Epoch 5/5 | Batch 846/2000 | Step 8846 | BCE 0.652407 | FTC 1.499800 | Total 2.152206
Task flag set to 0: 36/36 wrappers
Task flag set to 1: 36/36 wrappers
Epoch 5/5 | Batch 847/2000 | Step 8847 | BCE 0.600437 | FTC 2.075301 | Total 2.675738
Task flag set to 0: 36/36 wrappers
Task flag set to 1: 36/36 wrappers
Epoch 5/5 | Batch 848/2000 | Step 8848 | BCE 1.020549 | FTC 1.002394 | Total 2.022943
Task flag set to 0: 36/36 wrappers
Task flag set to 1: 36/36 wrappers
Epoch 5/5 | Batch 849/2000 | Step 8849 | BCE 0.056711 | FTC 1.849475 | Total 1.906186
Task flag set to 0: 36/36 wrappers
Task flag set to 1: 36/36 wrappers
Epoch 5/5 | Batch 850/2000 | Step 8850 | BCE 0.357932 | FTC 0.886162 | Total 1.244094
Task flag set to 0: 36/36 wrappers
Task flag set to 1: 36/36 wrappers
Epoch 5/5 | Batch 851/2000 | Step 8851 | BCE 0.047235 | FTC 1.522751 | Total 1.569986
Task flag set to 0: 36/36 wrappers
Task flag set to 1: 36/36 wrappers
Epoch 5/5 | Batch 852/2000 | Step 8852 | BCE 0.676047 | FTC 2.233752 | Total 2.909800
Task flag set to 0: 36/36 wrappers
Task flag set to 1: 36/36 wrappers
Epoch 5/5 | Batch 853/2000 | Step 8853 | BCE 0.418447 | FTC 0.986383 | Total 1.404830
Task flag set to 0: 36/36 wrappers
Task flag set to 1: 36/36 wrappers
Epoch 5/5 | Batch 854/2000 | Step 8854 | BCE 1.381572 | FTC 0.984538 | Total 2.366110
Task flag set to 0: 36/36 wrappers
Task flag set to 1: 36/36 wrappers
Epoch 5/5 | Batch 855/2000 | Step 8855 | BCE 0.245698 | FTC 1.367667 | Total 1.613365
Task flag set to 0: 36/36 wrappers
Task flag set to 1: 36/36 wrappers
Epoch 5/5 | Batch 856/2000 | Step 8856 | BCE 0.244869 | FTC 1.326970 | Total 1.571839
Task flag set to 0: 36/36 wrappers
Task flag set to 1: 36/36 wrappers
Epoch 5/5 | Batch 857/2000 | Step 8857 | BCE 0.626875 | FTC 1.272416 | Total 1.899292
Task flag set to 0: 36/36 wrappers
Task flag set to 1: 36/36 wrappers
Epoch 5/5 | Batch 858/2000 | Step 8858 | BCE 0.313578 | FTC 1.760446 | Total 2.074024
Task flag set to 0: 36/36 wrappers
Task flag set to 1: 36/36 wrappers
Epoch 5/5 | Batch 859/2000 | Step 8859 | BCE 0.335018 | FTC 1.250210 | Total 1.585228
Task flag set to 0: 36/36 wrappers
Task flag set to 1: 36/36 wrappers
Epoch 5/5 | Batch 860/2000 | Step 8860 | BCE 1.180784 | FTC 1.548370 | Total 2.729154
Task flag set to 0: 36/36 wrappers
Task flag set to 1: 36/36 wrappers
Epoch 5/5 | Batch 861/2000 | Step 8861 | BCE 0.440283 | FTC 1.338829 | Total 1.779111
Task flag set to 0: 36/36 wrappers
Task flag set to 1: 36/36 wrappers
Epoch 5/5 | Batch 862/2000 | Step 8862 | BCE 0.224152 | FTC 1.607149 | Total 1.831302
Task flag set to 0: 36/36 wrappers
Task flag set to 1: 36/36 wrappers
Epoch 5/5 | Batch 863/2000 | Step 8863 | BCE 0.281444 | FTC 1.901760 | Total 2.183204
Task flag set to 0: 36/36 wrappers
Task flag set to 1: 36/36 wrappers
Epoch 5/5 | Batch 864/2000 | Step 8864 | BCE 0.996540 | FTC 2.155071 | Total 3.151611
Task flag set to 0: 36/36 wrappers
Task flag set to 1: 36/36 wrappers
Epoch 5/5 | Batch 865/2000 | Step 8865 | BCE 0.006560 | FTC 1.563665 | Total 1.570226
Task flag set to 0: 36/36 wrappers
Task flag set to 1: 36/36 wrappers
Epoch 5/5 | Batch 866/2000 | Step 8866 | BCE 0.427406 | FTC 1.307263 | Total 1.734669
Task flag set to 0: 36/36 wrappers
Task flag set to 1: 36/36 wrappers
Epoch 5/5 | Batch 867/2000 | Step 8867 | BCE 0.471525 | FTC 2.036377 | Total 2.507902
Task flag set to 0: 36/36 wrappers
Task flag set to 1: 36/36 wrappers
Epoch 5/5 | Batch 868/2000 | Step 8868 | BCE 0.496910 | FTC 1.586340 | Total 2.083250
Task flag set to 0: 36/36 wrappers
Task flag set to 1: 36/36 wrappers
Epoch 5/5 | Batch 869/2000 | Step 8869 | BCE 0.774578 | FTC 0.839665 | Total 1.614244
Task flag set to 0: 36/36 wrappers
Task flag set to 1: 36/36 wrappers
Epoch 5/5 | Batch 870/2000 | Step 8870 | BCE 0.351226 | FTC 0.929570 | Total 1.280795
Task flag set to 0: 36/36 wrappers
Task flag set to 1: 36/36 wrappers
Epoch 5/5 | Batch 871/2000 | Step 8871 | BCE 0.548064 | FTC 2.396675 | Total 2.944738
Task flag set to 0: 36/36 wrappers
Task flag set to 1: 36/36 wrappers
Epoch 5/5 | Batch 872/2000 | Step 8872 | BCE 0.184316 | FTC 1.026138 | Total 1.210454
Task flag set to 0: 36/36 wrappers
Task flag set to 1: 36/36 wrappers
Epoch 5/5 | Batch 873/2000 | Step 8873 | BCE 0.287762 | FTC 1.849342 | Total 2.137104
Task flag set to 0: 36/36 wrappers
Task flag set to 1: 36/36 wrappers
Epoch 5/5 | Batch 874/2000 | Step 8874 | BCE 0.713956 | FTC 1.800319 | Total 2.514276
Task flag set to 0: 36/36 wrappers
Task flag set to 1: 36/36 wrappers
Epoch 5/5 | Batch 875/2000 | Step 8875 | BCE 0.245088 | FTC 1.811059 | Total 2.056147
Task flag set to 0: 36/36 wrappers
Task flag set to 1: 36/36 wrappers
Epoch 5/5 | Batch 876/2000 | Step 8876 | BCE 0.038693 | FTC 1.306379 | Total 1.345072
Task flag set to 0: 36/36 wrappers
Task flag set to 1: 36/36 wrappers
Epoch 5/5 | Batch 877/2000 | Step 8877 | BCE 0.013099 | FTC 1.439553 | Total 1.452653
Task flag set to 0: 36/36 wrappers
Task flag set to 1: 36/36 wrappers
Epoch 5/5 | Batch 878/2000 | Step 8878 | BCE 0.014482 | FTC 1.375779 | Total 1.390261
Task flag set to 0: 36/36 wrappers
Task flag set to 1: 36/36 wrappers
Epoch 5/5 | Batch 879/2000 | Step 8879 | BCE 1.380359 | FTC 2.159553 | Total 3.539912
Task flag set to 0: 36/36 wrappers
Task flag set to 1: 36/36 wrappers
Epoch 5/5 | Batch 880/2000 | Step 8880 | BCE 0.611714 | FTC 0.893346 | Total 1.505061
Task flag set to 0: 36/36 wrappers
Task flag set to 1: 36/36 wrappers
Epoch 5/5 | Batch 881/2000 | Step 8881 | BCE 0.793235 | FTC 1.631321 | Total 2.424556
Task flag set to 0: 36/36 wrappers
Task flag set to 1: 36/36 wrappers
Epoch 5/5 | Batch 882/2000 | Step 8882 | BCE 0.782163 | FTC 1.754685 | Total 2.536848
Task flag set to 0: 36/36 wrappers
Task flag set to 1: 36/36 wrappers
Epoch 5/5 | Batch 883/2000 | Step 8883 | BCE 0.135732 | FTC 1.703333 | Total 1.839064
Task flag set to 0: 36/36 wrappers
Task flag set to 1: 36/36 wrappers
Epoch 5/5 | Batch 884/2000 | Step 8884 | BCE 0.058774 | FTC 1.510965 | Total 1.569739
Task flag set to 0: 36/36 wrappers
Task flag set to 1: 36/36 wrappers
Epoch 5/5 | Batch 885/2000 | Step 8885 | BCE 0.197575 | FTC 1.058236 | Total 1.255811
Task flag set to 0: 36/36 wrappers
Task flag set to 1: 36/36 wrappers
Epoch 5/5 | Batch 886/2000 | Step 8886 | BCE 0.163874 | FTC 1.049960 | Total 1.213833
Task flag set to 0: 36/36 wrappers
Task flag set to 1: 36/36 wrappers
Epoch 5/5 | Batch 887/2000 | Step 8887 | BCE 0.112062 | FTC 1.384910 | Total 1.496972
Task flag set to 0: 36/36 wrappers
Task flag set to 1: 36/36 wrappers
Epoch 5/5 | Batch 888/2000 | Step 8888 | BCE 0.270637 | FTC 1.945162 | Total 2.215799
Task flag set to 0: 36/36 wrappers
Task flag set to 1: 36/36 wrappers
Epoch 5/5 | Batch 889/2000 | Step 8889 | BCE 0.402571 | FTC 1.713519 | Total 2.116090
Task flag set to 0: 36/36 wrappers
Task flag set to 1: 36/36 wrappers
Epoch 5/5 | Batch 890/2000 | Step 8890 | BCE 0.163479 | FTC 1.681530 | Total 1.845009
Task flag set to 0: 36/36 wrappers
Task flag set to 1: 36/36 wrappers
Epoch 5/5 | Batch 891/2000 | Step 8891 | BCE 0.426535 | FTC 1.606232 | Total 2.032766
Task flag set to 0: 36/36 wrappers
Task flag set to 1: 36/36 wrappers
Epoch 5/5 | Batch 892/2000 | Step 8892 | BCE 0.177061 | FTC 1.782016 | Total 1.959077
Task flag set to 0: 36/36 wrappers
Task flag set to 1: 36/36 wrappers
Epoch 5/5 | Batch 893/2000 | Step 8893 | BCE 0.465848 | FTC 2.373605 | Total 2.839453
Task flag set to 0: 36/36 wrappers
Task flag set to 1: 36/36 wrappers
Epoch 5/5 | Batch 894/2000 | Step 8894 | BCE 0.080142 | FTC 1.337192 | Total 1.417334
Task flag set to 0: 36/36 wrappers
Task flag set to 1: 36/36 wrappers
Epoch 5/5 | Batch 895/2000 | Step 8895 | BCE 0.109582 | FTC 2.012943 | Total 2.122524
Task flag set to 0: 36/36 wrappers
Task flag set to 1: 36/36 wrappers
Epoch 5/5 | Batch 896/2000 | Step 8896 | BCE 0.029322 | FTC 1.411365 | Total 1.440687
Task flag set to 0: 36/36 wrappers
Task flag set to 1: 36/36 wrappers
Epoch 5/5 | Batch 897/2000 | Step 8897 | BCE 0.303975 | FTC 1.907882 | Total 2.211857
Task flag set to 0: 36/36 wrappers
Task flag set to 1: 36/36 wrappers
Epoch 5/5 | Batch 898/2000 | Step 8898 | BCE 0.275301 | FTC 1.519007 | Total 1.794308
Task flag set to 0: 36/36 wrappers
Task flag set to 1: 36/36 wrappers
Epoch 5/5 | Batch 899/2000 | Step 8899 | BCE 0.365735 | FTC 1.134505 | Total 1.500240
Task flag set to 0: 36/36 wrappers
Task flag set to 1: 36/36 wrappers
Epoch 5/5 | Batch 900/2000 | Step 8900 | BCE 0.647827 | FTC 0.934608 | Total 1.582436
Task flag set to 0: 36/36 wrappers
Task flag set to 1: 36/36 wrappers
Epoch 5/5 | Batch 901/2000 | Step 8901 | BCE 0.168715 | FTC 1.506184 | Total 1.674898
Task flag set to 0: 36/36 wrappers
Task flag set to 1: 36/36 wrappers
Epoch 5/5 | Batch 902/2000 | Step 8902 | BCE 0.487161 | FTC 2.019945 | Total 2.507106
Task flag set to 0: 36/36 wrappers
Task flag set to 1: 36/36 wrappers
Epoch 5/5 | Batch 903/2000 | Step 8903 | BCE 0.845284 | FTC 1.603531 | Total 2.448815
Task flag set to 0: 36/36 wrappers
Task flag set to 1: 36/36 wrappers
Epoch 5/5 | Batch 904/2000 | Step 8904 | BCE 0.295009 | FTC 1.071568 | Total 1.366576
Task flag set to 0: 36/36 wrappers
Task flag set to 1: 36/36 wrappers
Epoch 5/5 | Batch 905/2000 | Step 8905 | BCE 0.210421 | FTC 1.607637 | Total 1.818058
Task flag set to 0: 36/36 wrappers
Task flag set to 1: 36/36 wrappers
Epoch 5/5 | Batch 906/2000 | Step 8906 | BCE 0.496013 | FTC 1.337283 | Total 1.833296
Task flag set to 0: 36/36 wrappers
Task flag set to 1: 36/36 wrappers
Epoch 5/5 | Batch 907/2000 | Step 8907 | BCE 0.535698 | FTC 1.241913 | Total 1.777610
Task flag set to 0: 36/36 wrappers
Task flag set to 1: 36/36 wrappers
Epoch 5/5 | Batch 908/2000 | Step 8908 | BCE 0.495248 | FTC 1.097062 | Total 1.592310
Task flag set to 0: 36/36 wrappers
Task flag set to 1: 36/36 wrappers
Epoch 5/5 | Batch 909/2000 | Step 8909 | BCE 0.034227 | FTC 1.436496 | Total 1.470723
Task flag set to 0: 36/36 wrappers
Task flag set to 1: 36/36 wrappers
Epoch 5/5 | Batch 910/2000 | Step 8910 | BCE 0.277797 | FTC 1.795558 | Total 2.073355
Task flag set to 0: 36/36 wrappers
Task flag set to 1: 36/36 wrappers
Epoch 5/5 | Batch 911/2000 | Step 8911 | BCE 0.619062 | FTC 1.342450 | Total 1.961512
Task flag set to 0: 36/36 wrappers
Task flag set to 1: 36/36 wrappers
Epoch 5/5 | Batch 912/2000 | Step 8912 | BCE 0.374437 | FTC 1.516483 | Total 1.890919
Task flag set to 0: 36/36 wrappers
Task flag set to 1: 36/36 wrappers
Epoch 5/5 | Batch 913/2000 | Step 8913 | BCE 0.091028 | FTC 1.585433 | Total 1.676461
Task flag set to 0: 36/36 wrappers
Task flag set to 1: 36/36 wrappers
Epoch 5/5 | Batch 914/2000 | Step 8914 | BCE 0.029414 | FTC 1.543189 | Total 1.572603
Task flag set to 0: 36/36 wrappers
Task flag set to 1: 36/36 wrappers
Epoch 5/5 | Batch 915/2000 | Step 8915 | BCE 0.480045 | FTC 0.895044 | Total 1.375089
Task flag set to 0: 36/36 wrappers
Task flag set to 1: 36/36 wrappers
Epoch 5/5 | Batch 916/2000 | Step 8916 | BCE 1.347220 | FTC 1.386435 | Total 2.733655
Task flag set to 0: 36/36 wrappers
Task flag set to 1: 36/36 wrappers
Epoch 5/5 | Batch 917/2000 | Step 8917 | BCE 0.045342 | FTC 1.627335 | Total 1.672677
Task flag set to 0: 36/36 wrappers
Task flag set to 1: 36/36 wrappers
Epoch 5/5 | Batch 918/2000 | Step 8918 | BCE 0.084606 | FTC 2.158186 | Total 2.242792
Task flag set to 0: 36/36 wrappers
Task flag set to 1: 36/36 wrappers
Epoch 5/5 | Batch 919/2000 | Step 8919 | BCE 0.024905 | FTC 1.326555 | Total 1.351460
Task flag set to 0: 36/36 wrappers
Task flag set to 1: 36/36 wrappers
Epoch 5/5 | Batch 920/2000 | Step 8920 | BCE 0.021748 | FTC 1.352435 | Total 1.374183
Task flag set to 0: 36/36 wrappers
Task flag set to 1: 36/36 wrappers
Epoch 5/5 | Batch 921/2000 | Step 8921 | BCE 0.288712 | FTC 1.322185 | Total 1.610897
Task flag set to 0: 36/36 wrappers
Task flag set to 1: 36/36 wrappers
Epoch 5/5 | Batch 922/2000 | Step 8922 | BCE 1.201957 | FTC 1.719754 | Total 2.921710
Task flag set to 0: 36/36 wrappers
Task flag set to 1: 36/36 wrappers
Epoch 5/5 | Batch 923/2000 | Step 8923 | BCE 0.485030 | FTC 2.172590 | Total 2.657620
Task flag set to 0: 36/36 wrappers
Task flag set to 1: 36/36 wrappers
Epoch 5/5 | Batch 924/2000 | Step 8924 | BCE 0.040921 | FTC 1.460463 | Total 1.501384
Task flag set to 0: 36/36 wrappers
Task flag set to 1: 36/36 wrappers
Epoch 5/5 | Batch 925/2000 | Step 8925 | BCE 0.343414 | FTC 1.388641 | Total 1.732055
Task flag set to 0: 36/36 wrappers
Task flag set to 1: 36/36 wrappers
Epoch 5/5 | Batch 926/2000 | Step 8926 | BCE 0.081482 | FTC 1.267827 | Total 1.349309
Task flag set to 0: 36/36 wrappers
Task flag set to 1: 36/36 wrappers
Epoch 5/5 | Batch 927/2000 | Step 8927 | BCE 0.031943 | FTC 1.619125 | Total 1.651067
Task flag set to 0: 36/36 wrappers
Task flag set to 1: 36/36 wrappers
Epoch 5/5 | Batch 928/2000 | Step 8928 | BCE 0.302746 | FTC 1.050718 | Total 1.353463
Task flag set to 0: 36/36 wrappers
Task flag set to 1: 36/36 wrappers
Epoch 5/5 | Batch 929/2000 | Step 8929 | BCE 0.033530 | FTC 1.433721 | Total 1.467251
Task flag set to 0: 36/36 wrappers
Task flag set to 1: 36/36 wrappers
Epoch 5/5 | Batch 930/2000 | Step 8930 | BCE 0.710577 | FTC 1.521182 | Total 2.231760
Task flag set to 0: 36/36 wrappers
Task flag set to 1: 36/36 wrappers
Epoch 5/5 | Batch 931/2000 | Step 8931 | BCE 0.621898 | FTC 1.381308 | Total 2.003206
Task flag set to 0: 36/36 wrappers
Task flag set to 1: 36/36 wrappers
Epoch 5/5 | Batch 932/2000 | Step 8932 | BCE 0.488243 | FTC 1.426492 | Total 1.914735
Task flag set to 0: 36/36 wrappers
Task flag set to 1: 36/36 wrappers
Epoch 5/5 | Batch 933/2000 | Step 8933 | BCE 0.296861 | FTC 0.875054 | Total 1.171914
Task flag set to 0: 36/36 wrappers
Task flag set to 1: 36/36 wrappers
Epoch 5/5 | Batch 934/2000 | Step 8934 | BCE 0.084692 | FTC 1.701268 | Total 1.785961
Task flag set to 0: 36/36 wrappers
Task flag set to 1: 36/36 wrappers
Epoch 5/5 | Batch 935/2000 | Step 8935 | BCE 0.259484 | FTC 1.446965 | Total 1.706449
Task flag set to 0: 36/36 wrappers
Task flag set to 1: 36/36 wrappers
Epoch 5/5 | Batch 936/2000 | Step 8936 | BCE 0.045665 | FTC 1.184313 | Total 1.229978
Task flag set to 0: 36/36 wrappers
Task flag set to 1: 36/36 wrappers
Epoch 5/5 | Batch 937/2000 | Step 8937 | BCE 2.290934 | FTC 2.282425 | Total 4.573359
Task flag set to 0: 36/36 wrappers
Task flag set to 1: 36/36 wrappers
Epoch 5/5 | Batch 938/2000 | Step 8938 | BCE 0.498299 | FTC 1.269249 | Total 1.767547
Task flag set to 0: 36/36 wrappers
Task flag set to 1: 36/36 wrappers
Epoch 5/5 | Batch 939/2000 | Step 8939 | BCE 0.039192 | FTC 1.537528 | Total 1.576720
Task flag set to 0: 36/36 wrappers
Task flag set to 1: 36/36 wrappers
Epoch 5/5 | Batch 940/2000 | Step 8940 | BCE 0.202450 | FTC 1.192296 | Total 1.394746
Task flag set to 0: 36/36 wrappers
Task flag set to 1: 36/36 wrappers
Epoch 5/5 | Batch 941/2000 | Step 8941 | BCE 0.495293 | FTC 1.866491 | Total 2.361784
Task flag set to 0: 36/36 wrappers
Task flag set to 1: 36/36 wrappers
Epoch 5/5 | Batch 942/2000 | Step 8942 | BCE 0.164451 | FTC 1.694719 | Total 1.859170
Task flag set to 0: 36/36 wrappers
Task flag set to 1: 36/36 wrappers
Epoch 5/5 | Batch 943/2000 | Step 8943 | BCE 0.240450 | FTC 1.758869 | Total 1.999319
Task flag set to 0: 36/36 wrappers
Task flag set to 1: 36/36 wrappers
Epoch 5/5 | Batch 944/2000 | Step 8944 | BCE 0.430126 | FTC 2.257136 | Total 2.687262
Task flag set to 0: 36/36 wrappers
Task flag set to 1: 36/36 wrappers
Epoch 5/5 | Batch 945/2000 | Step 8945 | BCE 0.443249 | FTC 1.475151 | Total 1.918400
Task flag set to 0: 36/36 wrappers
Task flag set to 1: 36/36 wrappers
Epoch 5/5 | Batch 946/2000 | Step 8946 | BCE 0.137816 | FTC 1.120308 | Total 1.258124
Task flag set to 0: 36/36 wrappers
Task flag set to 1: 36/36 wrappers
Epoch 5/5 | Batch 947/2000 | Step 8947 | BCE 0.231238 | FTC 1.253003 | Total 1.484241
Task flag set to 0: 36/36 wrappers
Task flag set to 1: 36/36 wrappers
Epoch 5/5 | Batch 948/2000 | Step 8948 | BCE 0.291570 | FTC 1.946982 | Total 2.238552
Task flag set to 0: 36/36 wrappers
Task flag set to 1: 36/36 wrappers
Epoch 5/5 | Batch 949/2000 | Step 8949 | BCE 0.645249 | FTC 1.556714 | Total 2.201963
Task flag set to 0: 36/36 wrappers
Task flag set to 1: 36/36 wrappers
Epoch 5/5 | Batch 950/2000 | Step 8950 | BCE 0.196098 | FTC 1.732699 | Total 1.928797
Task flag set to 0: 36/36 wrappers
Task flag set to 1: 36/36 wrappers
Epoch 5/5 | Batch 951/2000 | Step 8951 | BCE 0.109044 | FTC 1.590733 | Total 1.699777
Task flag set to 0: 36/36 wrappers
Task flag set to 1: 36/36 wrappers
Epoch 5/5 | Batch 952/2000 | Step 8952 | BCE 0.186509 | FTC 1.420810 | Total 1.607319
Task flag set to 0: 36/36 wrappers
Task flag set to 1: 36/36 wrappers
Epoch 5/5 | Batch 953/2000 | Step 8953 | BCE 0.144469 | FTC 1.501878 | Total 1.646346
Task flag set to 0: 36/36 wrappers
Task flag set to 1: 36/36 wrappers
Epoch 5/5 | Batch 954/2000 | Step 8954 | BCE 0.086251 | FTC 1.688014 | Total 1.774265
Task flag set to 0: 36/36 wrappers
Task flag set to 1: 36/36 wrappers
Epoch 5/5 | Batch 955/2000 | Step 8955 | BCE 0.284922 | FTC 1.453424 | Total 1.738346
Task flag set to 0: 36/36 wrappers
Task flag set to 1: 36/36 wrappers
Epoch 5/5 | Batch 956/2000 | Step 8956 | BCE 0.455090 | FTC 1.090228 | Total 1.545318
Task flag set to 0: 36/36 wrappers
Task flag set to 1: 36/36 wrappers
Epoch 5/5 | Batch 957/2000 | Step 8957 | BCE 1.406569 | FTC 1.993606 | Total 3.400176
Task flag set to 0: 36/36 wrappers
Task flag set to 1: 36/36 wrappers
Epoch 5/5 | Batch 958/2000 | Step 8958 | BCE 0.113400 | FTC 1.293880 | Total 1.407279
Task flag set to 0: 36/36 wrappers
Task flag set to 1: 36/36 wrappers
Epoch 5/5 | Batch 959/2000 | Step 8959 | BCE 0.143176 | FTC 1.911922 | Total 2.055098
Task flag set to 0: 36/36 wrappers
Task flag set to 1: 36/36 wrappers
Epoch 5/5 | Batch 960/2000 | Step 8960 | BCE 0.447052 | FTC 0.925805 | Total 1.372857
Task flag set to 0: 36/36 wrappers
Task flag set to 1: 36/36 wrappers
Epoch 5/5 | Batch 961/2000 | Step 8961 | BCE 0.148749 | FTC 1.519306 | Total 1.668054
Task flag set to 0: 36/36 wrappers
Task flag set to 1: 36/36 wrappers
Epoch 5/5 | Batch 962/2000 | Step 8962 | BCE 0.437878 | FTC 1.237490 | Total 1.675367
Task flag set to 0: 36/36 wrappers
Task flag set to 1: 36/36 wrappers
Epoch 5/5 | Batch 963/2000 | Step 8963 | BCE 0.215049 | FTC 1.391875 | Total 1.606923
Task flag set to 0: 36/36 wrappers
Task flag set to 1: 36/36 wrappers
Epoch 5/5 | Batch 964/2000 | Step 8964 | BCE 0.051842 | FTC 1.970421 | Total 2.022263
Task flag set to 0: 36/36 wrappers
Task flag set to 1: 36/36 wrappers
Epoch 5/5 | Batch 965/2000 | Step 8965 | BCE 0.370847 | FTC 1.370376 | Total 1.741223
Task flag set to 0: 36/36 wrappers
Task flag set to 1: 36/36 wrappers
Epoch 5/5 | Batch 966/2000 | Step 8966 | BCE 0.047253 | FTC 1.314985 | Total 1.362239
Task flag set to 0: 36/36 wrappers
Task flag set to 1: 36/36 wrappers
Epoch 5/5 | Batch 967/2000 | Step 8967 | BCE 0.759195 | FTC 1.502612 | Total 2.261807
Task flag set to 0: 36/36 wrappers
Task flag set to 1: 36/36 wrappers
Epoch 5/5 | Batch 968/2000 | Step 8968 | BCE 0.628774 | FTC 1.354547 | Total 1.983321
Task flag set to 0: 36/36 wrappers
Task flag set to 1: 36/36 wrappers
Epoch 5/5 | Batch 969/2000 | Step 8969 | BCE 0.321884 | FTC 1.086181 | Total 1.408065
Task flag set to 0: 36/36 wrappers
Task flag set to 1: 36/36 wrappers
Epoch 5/5 | Batch 970/2000 | Step 8970 | BCE 0.389477 | FTC 1.983081 | Total 2.372557
Task flag set to 0: 36/36 wrappers
Task flag set to 1: 36/36 wrappers
Epoch 5/5 | Batch 971/2000 | Step 8971 | BCE 0.212900 | FTC 1.412635 | Total 1.625535
Task flag set to 0: 36/36 wrappers
Task flag set to 1: 36/36 wrappers
Epoch 5/5 | Batch 972/2000 | Step 8972 | BCE 0.180318 | FTC 1.619506 | Total 1.799824
Task flag set to 0: 36/36 wrappers
Task flag set to 1: 36/36 wrappers
Epoch 5/5 | Batch 973/2000 | Step 8973 | BCE 0.322115 | FTC 1.926904 | Total 2.249019
Task flag set to 0: 36/36 wrappers
Task flag set to 1: 36/36 wrappers
Epoch 5/5 | Batch 974/2000 | Step 8974 | BCE 0.096096 | FTC 1.647665 | Total 1.743761
Task flag set to 0: 36/36 wrappers
Task flag set to 1: 36/36 wrappers
Epoch 5/5 | Batch 975/2000 | Step 8975 | BCE 0.260306 | FTC 0.367254 | Total 0.627560
Task flag set to 0: 36/36 wrappers
Task flag set to 1: 36/36 wrappers
Epoch 5/5 | Batch 976/2000 | Step 8976 | BCE 0.759806 | FTC 1.825672 | Total 2.585478
Task flag set to 0: 36/36 wrappers
Task flag set to 1: 36/36 wrappers
Epoch 5/5 | Batch 977/2000 | Step 8977 | BCE 0.526853 | FTC 1.353312 | Total 1.880165
Task flag set to 0: 36/36 wrappers
Task flag set to 1: 36/36 wrappers
Epoch 5/5 | Batch 978/2000 | Step 8978 | BCE 0.135704 | FTC 1.782121 | Total 1.917825
Task flag set to 0: 36/36 wrappers
Task flag set to 1: 36/36 wrappers
Epoch 5/5 | Batch 979/2000 | Step 8979 | BCE 0.228341 | FTC 0.779464 | Total 1.007804
Task flag set to 0: 36/36 wrappers
Task flag set to 1: 36/36 wrappers
Epoch 5/5 | Batch 980/2000 | Step 8980 | BCE 0.087615 | FTC 1.564901 | Total 1.652516
Task flag set to 0: 36/36 wrappers
Task flag set to 1: 36/36 wrappers
Epoch 5/5 | Batch 981/2000 | Step 8981 | BCE 0.293847 | FTC 1.718304 | Total 2.012151
Task flag set to 0: 36/36 wrappers
Task flag set to 1: 36/36 wrappers
Epoch 5/5 | Batch 982/2000 | Step 8982 | BCE 0.042260 | FTC 1.636892 | Total 1.679153
Task flag set to 0: 36/36 wrappers
Task flag set to 1: 36/36 wrappers
Epoch 5/5 | Batch 983/2000 | Step 8983 | BCE 0.169549 | FTC 1.635917 | Total 1.805466
Task flag set to 0: 36/36 wrappers
Task flag set to 1: 36/36 wrappers
Epoch 5/5 | Batch 984/2000 | Step 8984 | BCE 0.626917 | FTC 1.332417 | Total 1.959334
Task flag set to 0: 36/36 wrappers
Task flag set to 1: 36/36 wrappers
Epoch 5/5 | Batch 985/2000 | Step 8985 | BCE 0.054171 | FTC 1.665479 | Total 1.719650
Task flag set to 0: 36/36 wrappers
Task flag set to 1: 36/36 wrappers
Epoch 5/5 | Batch 986/2000 | Step 8986 | BCE 0.387567 | FTC 1.645329 | Total 2.032896
Task flag set to 0: 36/36 wrappers
Task flag set to 1: 36/36 wrappers
Epoch 5/5 | Batch 987/2000 | Step 8987 | BCE 0.116714 | FTC 1.216241 | Total 1.332955
Task flag set to 0: 36/36 wrappers
Task flag set to 1: 36/36 wrappers
Epoch 5/5 | Batch 988/2000 | Step 8988 | BCE 0.095208 | FTC 1.585015 | Total 1.680224
Task flag set to 0: 36/36 wrappers
Task flag set to 1: 36/36 wrappers
Epoch 5/5 | Batch 989/2000 | Step 8989 | BCE 0.086055 | FTC 1.480025 | Total 1.566080
Task flag set to 0: 36/36 wrappers
Task flag set to 1: 36/36 wrappers
Epoch 5/5 | Batch 990/2000 | Step 8990 | BCE 0.745200 | FTC 1.209945 | Total 1.955145
Task flag set to 0: 36/36 wrappers
Task flag set to 1: 36/36 wrappers
Epoch 5/5 | Batch 991/2000 | Step 8991 | BCE 0.058613 | FTC 1.562039 | Total 1.620652
Task flag set to 0: 36/36 wrappers
Task flag set to 1: 36/36 wrappers
Epoch 5/5 | Batch 992/2000 | Step 8992 | BCE 0.089044 | FTC 2.109684 | Total 2.198728
Task flag set to 0: 36/36 wrappers
Task flag set to 1: 36/36 wrappers
Epoch 5/5 | Batch 993/2000 | Step 8993 | BCE 0.080891 | FTC 1.920954 | Total 2.001845
Task flag set to 0: 36/36 wrappers
Task flag set to 1: 36/36 wrappers
Epoch 5/5 | Batch 994/2000 | Step 8994 | BCE 0.271679 | FTC 1.304342 | Total 1.576020
Task flag set to 0: 36/36 wrappers
Task flag set to 1: 36/36 wrappers
Epoch 5/5 | Batch 995/2000 | Step 8995 | BCE 0.028991 | FTC 1.431033 | Total 1.460025
Task flag set to 0: 36/36 wrappers
Task flag set to 1: 36/36 wrappers
Epoch 5/5 | Batch 996/2000 | Step 8996 | BCE 1.102248 | FTC 1.447782 | Total 2.550030
Task flag set to 0: 36/36 wrappers
Task flag set to 1: 36/36 wrappers
Epoch 5/5 | Batch 997/2000 | Step 8997 | BCE 0.225414 | FTC 1.874305 | Total 2.099720
Task flag set to 0: 36/36 wrappers
Task flag set to 1: 36/36 wrappers
Epoch 5/5 | Batch 998/2000 | Step 8998 | BCE 0.194114 | FTC 1.110973 | Total 1.305087
Task flag set to 0: 36/36 wrappers
Task flag set to 1: 36/36 wrappers
Epoch 5/5 | Batch 999/2000 | Step 8999 | BCE 0.172807 | FTC 1.230426 | Total 1.403233
Task flag set to 0: 36/36 wrappers
Task flag set to 1: 36/36 wrappers
Epoch 5/5 | Batch 1000/2000 | Step 9000 | BCE 0.037392 | FTC 1.491340 | Total 1.528732
Task flag set to 0: 36/36 wrappers
Task flag set to 1: 36/36 wrappers
Epoch 5/5 | Batch 1001/2000 | Step 9001 | BCE 1.814774 | FTC 2.040891 | Total 3.855665
Task flag set to 0: 36/36 wrappers
Task flag set to 1: 36/36 wrappers
Epoch 5/5 | Batch 1002/2000 | Step 9002 | BCE 0.231195 | FTC 0.835290 | Total 1.066485
Task flag set to 0: 36/36 wrappers
Task flag set to 1: 36/36 wrappers
Epoch 5/5 | Batch 1003/2000 | Step 9003 | BCE 0.049740 | FTC 1.510119 | Total 1.559859
Task flag set to 0: 36/36 wrappers
Task flag set to 1: 36/36 wrappers
Epoch 5/5 | Batch 1004/2000 | Step 9004 | BCE 0.090397 | FTC 1.290221 | Total 1.380619
Task flag set to 0: 36/36 wrappers
Task flag set to 1: 36/36 wrappers
Epoch 5/5 | Batch 1005/2000 | Step 9005 | BCE 0.128291 | FTC 1.324235 | Total 1.452526
Task flag set to 0: 36/36 wrappers
Task flag set to 1: 36/36 wrappers
Epoch 5/5 | Batch 1006/2000 | Step 9006 | BCE 0.637955 | FTC 1.417220 | Total 2.055175
Task flag set to 0: 36/36 wrappers
Task flag set to 1: 36/36 wrappers
Epoch 5/5 | Batch 1007/2000 | Step 9007 | BCE 0.072963 | FTC 1.536983 | Total 1.609946
Task flag set to 0: 36/36 wrappers
Task flag set to 1: 36/36 wrappers
Epoch 5/5 | Batch 1008/2000 | Step 9008 | BCE 0.646122 | FTC 1.041515 | Total 1.687637
Task flag set to 0: 36/36 wrappers
Task flag set to 1: 36/36 wrappers
Epoch 5/5 | Batch 1009/2000 | Step 9009 | BCE 0.297888 | FTC 1.590328 | Total 1.888216
Task flag set to 0: 36/36 wrappers
Task flag set to 1: 36/36 wrappers
Epoch 5/5 | Batch 1010/2000 | Step 9010 | BCE 0.316482 | FTC 2.026577 | Total 2.343059
Task flag set to 0: 36/36 wrappers
Task flag set to 1: 36/36 wrappers
Epoch 5/5 | Batch 1011/2000 | Step 9011 | BCE 0.190847 | FTC 1.795283 | Total 1.986130
Task flag set to 0: 36/36 wrappers
Task flag set to 1: 36/36 wrappers
Epoch 5/5 | Batch 1012/2000 | Step 9012 | BCE 0.722794 | FTC 1.383628 | Total 2.106422
Task flag set to 0: 36/36 wrappers
Task flag set to 1: 36/36 wrappers
Epoch 5/5 | Batch 1013/2000 | Step 9013 | BCE 0.042031 | FTC 1.802845 | Total 1.844877
Task flag set to 0: 36/36 wrappers
Task flag set to 1: 36/36 wrappers
Epoch 5/5 | Batch 1014/2000 | Step 9014 | BCE 0.323818 | FTC 1.881821 | Total 2.205639
Task flag set to 0: 36/36 wrappers
Task flag set to 1: 36/36 wrappers
Epoch 5/5 | Batch 1015/2000 | Step 9015 | BCE 0.153192 | FTC 1.322183 | Total 1.475376
Task flag set to 0: 36/36 wrappers
Task flag set to 1: 36/36 wrappers
Epoch 5/5 | Batch 1016/2000 | Step 9016 | BCE 0.031964 | FTC 1.587056 | Total 1.619020
Task flag set to 0: 36/36 wrappers
Task flag set to 1: 36/36 wrappers
Epoch 5/5 | Batch 1017/2000 | Step 9017 | BCE 0.233962 | FTC 1.353929 | Total 1.587891
Task flag set to 0: 36/36 wrappers
Task flag set to 1: 36/36 wrappers
Epoch 5/5 | Batch 1018/2000 | Step 9018 | BCE 0.101579 | FTC 1.544072 | Total 1.645651
Task flag set to 0: 36/36 wrappers
Task flag set to 1: 36/36 wrappers
Epoch 5/5 | Batch 1019/2000 | Step 9019 | BCE 0.068939 | FTC 1.534979 | Total 1.603918
Task flag set to 0: 36/36 wrappers
Task flag set to 1: 36/36 wrappers
Epoch 5/5 | Batch 1020/2000 | Step 9020 | BCE 0.585774 | FTC 1.217173 | Total 1.802947
Task flag set to 0: 36/36 wrappers
Task flag set to 1: 36/36 wrappers
Epoch 5/5 | Batch 1021/2000 | Step 9021 | BCE 0.249000 | FTC 1.613261 | Total 1.862261
Task flag set to 0: 36/36 wrappers
Task flag set to 1: 36/36 wrappers
Epoch 5/5 | Batch 1022/2000 | Step 9022 | BCE 0.021086 | FTC 1.388085 | Total 1.409171
Task flag set to 0: 36/36 wrappers
Task flag set to 1: 36/36 wrappers
Epoch 5/5 | Batch 1023/2000 | Step 9023 | BCE 0.096490 | FTC 1.569531 | Total 1.666022
Task flag set to 0: 36/36 wrappers
Task flag set to 1: 36/36 wrappers
Epoch 5/5 | Batch 1024/2000 | Step 9024 | BCE 0.134997 | FTC 1.867483 | Total 2.002480
Task flag set to 0: 36/36 wrappers
Task flag set to 1: 36/36 wrappers
Epoch 5/5 | Batch 1025/2000 | Step 9025 | BCE 0.149482 | FTC 1.691745 | Total 1.841227
Task flag set to 0: 36/36 wrappers
Task flag set to 1: 36/36 wrappers
Epoch 5/5 | Batch 1026/2000 | Step 9026 | BCE 1.916224 | FTC 2.232870 | Total 4.149094
Task flag set to 0: 36/36 wrappers
Task flag set to 1: 36/36 wrappers
Epoch 5/5 | Batch 1027/2000 | Step 9027 | BCE 0.034316 | FTC 1.445324 | Total 1.479641
Task flag set to 0: 36/36 wrappers
Task flag set to 1: 36/36 wrappers
Epoch 5/5 | Batch 1028/2000 | Step 9028 | BCE 0.043148 | FTC 1.555513 | Total 1.598662
Task flag set to 0: 36/36 wrappers
Task flag set to 1: 36/36 wrappers
Epoch 5/5 | Batch 1029/2000 | Step 9029 | BCE 1.224081 | FTC 1.468986 | Total 2.693067
Task flag set to 0: 36/36 wrappers
Task flag set to 1: 36/36 wrappers
Epoch 5/5 | Batch 1030/2000 | Step 9030 | BCE 0.038559 | FTC 1.483043 | Total 1.521601
Task flag set to 0: 36/36 wrappers
Task flag set to 1: 36/36 wrappers
Epoch 5/5 | Batch 1031/2000 | Step 9031 | BCE 0.034965 | FTC 1.584609 | Total 1.619574
Task flag set to 0: 36/36 wrappers
Task flag set to 1: 36/36 wrappers
Epoch 5/5 | Batch 1032/2000 | Step 9032 | BCE 0.046534 | FTC 1.690143 | Total 1.736677
Task flag set to 0: 36/36 wrappers
Task flag set to 1: 36/36 wrappers
Epoch 5/5 | Batch 1033/2000 | Step 9033 | BCE 0.010134 | FTC 1.427970 | Total 1.438104
Task flag set to 0: 36/36 wrappers
Task flag set to 1: 36/36 wrappers
Epoch 5/5 | Batch 1034/2000 | Step 9034 | BCE 0.676779 | FTC 1.476611 | Total 2.153390
Task flag set to 0: 36/36 wrappers
Task flag set to 1: 36/36 wrappers
Epoch 5/5 | Batch 1035/2000 | Step 9035 | BCE 1.239139 | FTC 1.801585 | Total 3.040724
Task flag set to 0: 36/36 wrappers
Task flag set to 1: 36/36 wrappers
Epoch 5/5 | Batch 1036/2000 | Step 9036 | BCE 0.044894 | FTC 1.228580 | Total 1.273474
Task flag set to 0: 36/36 wrappers
Task flag set to 1: 36/36 wrappers
Epoch 5/5 | Batch 1037/2000 | Step 9037 | BCE 0.761126 | FTC 2.010682 | Total 2.771809
Task flag set to 0: 36/36 wrappers
Task flag set to 1: 36/36 wrappers
Epoch 5/5 | Batch 1038/2000 | Step 9038 | BCE 1.056000 | FTC 1.693292 | Total 2.749292
Task flag set to 0: 36/36 wrappers
Task flag set to 1: 36/36 wrappers
Epoch 5/5 | Batch 1039/2000 | Step 9039 | BCE 0.956640 | FTC 1.252828 | Total 2.209468
Task flag set to 0: 36/36 wrappers
Task flag set to 1: 36/36 wrappers
Epoch 5/5 | Batch 1040/2000 | Step 9040 | BCE 0.073158 | FTC 1.458101 | Total 1.531259
Task flag set to 0: 36/36 wrappers
Task flag set to 1: 36/36 wrappers
Epoch 5/5 | Batch 1041/2000 | Step 9041 | BCE 0.124089 | FTC 1.728658 | Total 1.852747
Task flag set to 0: 36/36 wrappers
Task flag set to 1: 36/36 wrappers
Epoch 5/5 | Batch 1042/2000 | Step 9042 | BCE 0.127745 | FTC 1.048334 | Total 1.176079
Task flag set to 0: 36/36 wrappers
Task flag set to 1: 36/36 wrappers
Epoch 5/5 | Batch 1043/2000 | Step 9043 | BCE 0.813600 | FTC 1.158878 | Total 1.972478
Task flag set to 0: 36/36 wrappers
Task flag set to 1: 36/36 wrappers
Epoch 5/5 | Batch 1044/2000 | Step 9044 | BCE 0.239236 | FTC 1.913297 | Total 2.152532
Task flag set to 0: 36/36 wrappers
Task flag set to 1: 36/36 wrappers
Epoch 5/5 | Batch 1045/2000 | Step 9045 | BCE 0.025581 | FTC 1.373459 | Total 1.399040
Task flag set to 0: 36/36 wrappers
Task flag set to 1: 36/36 wrappers
Epoch 5/5 | Batch 1046/2000 | Step 9046 | BCE 0.363174 | FTC 1.147089 | Total 1.510263
Task flag set to 0: 36/36 wrappers
Task flag set to 1: 36/36 wrappers
Epoch 5/5 | Batch 1047/2000 | Step 9047 | BCE 1.094216 | FTC 1.622349 | Total 2.716566
Task flag set to 0: 36/36 wrappers
Task flag set to 1: 36/36 wrappers
Epoch 5/5 | Batch 1048/2000 | Step 9048 | BCE 0.764143 | FTC 2.040266 | Total 2.804410
Task flag set to 0: 36/36 wrappers
Task flag set to 1: 36/36 wrappers
Epoch 5/5 | Batch 1049/2000 | Step 9049 | BCE 0.473317 | FTC 1.760166 | Total 2.233483
Task flag set to 0: 36/36 wrappers
Task flag set to 1: 36/36 wrappers
Epoch 5/5 | Batch 1050/2000 | Step 9050 | BCE 0.342693 | FTC 1.717695 | Total 2.060388
Task flag set to 0: 36/36 wrappers
Task flag set to 1: 36/36 wrappers
Epoch 5/5 | Batch 1051/2000 | Step 9051 | BCE 0.327884 | FTC 1.987362 | Total 2.315247
Task flag set to 0: 36/36 wrappers
Task flag set to 1: 36/36 wrappers
Epoch 5/5 | Batch 1052/2000 | Step 9052 | BCE 1.052354 | FTC 1.831110 | Total 2.883465
Task flag set to 0: 36/36 wrappers
Task flag set to 1: 36/36 wrappers
Epoch 5/5 | Batch 1053/2000 | Step 9053 | BCE 0.126292 | FTC 1.649701 | Total 1.775994
Task flag set to 0: 36/36 wrappers
Task flag set to 1: 36/36 wrappers
Epoch 5/5 | Batch 1054/2000 | Step 9054 | BCE 0.213996 | FTC 1.814858 | Total 2.028854
Task flag set to 0: 36/36 wrappers
Task flag set to 1: 36/36 wrappers
Epoch 5/5 | Batch 1055/2000 | Step 9055 | BCE 0.061002 | FTC 1.859806 | Total 1.920808
Task flag set to 0: 36/36 wrappers
Task flag set to 1: 36/36 wrappers
Epoch 5/5 | Batch 1056/2000 | Step 9056 | BCE 0.390599 | FTC 1.516196 | Total 1.906794
Task flag set to 0: 36/36 wrappers
Task flag set to 1: 36/36 wrappers
Epoch 5/5 | Batch 1057/2000 | Step 9057 | BCE 0.144827 | FTC 1.438901 | Total 1.583727
Task flag set to 0: 36/36 wrappers
Task flag set to 1: 36/36 wrappers
Epoch 5/5 | Batch 1058/2000 | Step 9058 | BCE 0.130019 | FTC 0.886994 | Total 1.017013
Task flag set to 0: 36/36 wrappers
Task flag set to 1: 36/36 wrappers
Epoch 5/5 | Batch 1059/2000 | Step 9059 | BCE 0.513594 | FTC 0.913128 | Total 1.426723
Task flag set to 0: 36/36 wrappers
Task flag set to 1: 36/36 wrappers
Epoch 5/5 | Batch 1060/2000 | Step 9060 | BCE 0.116951 | FTC 1.727456 | Total 1.844408
Task flag set to 0: 36/36 wrappers
Task flag set to 1: 36/36 wrappers
Epoch 5/5 | Batch 1061/2000 | Step 9061 | BCE 0.120007 | FTC 0.936501 | Total 1.056508
Task flag set to 0: 36/36 wrappers
Task flag set to 1: 36/36 wrappers
Epoch 5/5 | Batch 1062/2000 | Step 9062 | BCE 0.040016 | FTC 1.308494 | Total 1.348510
Task flag set to 0: 36/36 wrappers
Task flag set to 1: 36/36 wrappers
Epoch 5/5 | Batch 1063/2000 | Step 9063 | BCE 0.013678 | FTC 1.325657 | Total 1.339334
Task flag set to 0: 36/36 wrappers
Task flag set to 1: 36/36 wrappers
Epoch 5/5 | Batch 1064/2000 | Step 9064 | BCE 0.021060 | FTC 1.241475 | Total 1.262535
Task flag set to 0: 36/36 wrappers
Task flag set to 1: 36/36 wrappers
Epoch 5/5 | Batch 1065/2000 | Step 9065 | BCE 0.345646 | FTC 1.351120 | Total 1.696766
Task flag set to 0: 36/36 wrappers
Task flag set to 1: 36/36 wrappers
Epoch 5/5 | Batch 1066/2000 | Step 9066 | BCE 0.043993 | FTC 1.161541 | Total 1.205534
Task flag set to 0: 36/36 wrappers
Task flag set to 1: 36/36 wrappers
Epoch 5/5 | Batch 1067/2000 | Step 9067 | BCE 0.014154 | FTC 1.267238 | Total 1.281392
Task flag set to 0: 36/36 wrappers
Task flag set to 1: 36/36 wrappers
Epoch 5/5 | Batch 1068/2000 | Step 9068 | BCE 0.178461 | FTC 1.628450 | Total 1.806911
Task flag set to 0: 36/36 wrappers
Task flag set to 1: 36/36 wrappers
Epoch 5/5 | Batch 1069/2000 | Step 9069 | BCE 0.107652 | FTC 1.260359 | Total 1.368010
Task flag set to 0: 36/36 wrappers
Task flag set to 1: 36/36 wrappers
Epoch 5/5 | Batch 1070/2000 | Step 9070 | BCE 0.158144 | FTC 1.052808 | Total 1.210951
Task flag set to 0: 36/36 wrappers
Task flag set to 1: 36/36 wrappers
Epoch 5/5 | Batch 1071/2000 | Step 9071 | BCE 0.009019 | FTC 0.932058 | Total 0.941077
Task flag set to 0: 36/36 wrappers
Task flag set to 1: 36/36 wrappers
Epoch 5/5 | Batch 1072/2000 | Step 9072 | BCE 0.410737 | FTC 2.095196 | Total 2.505933
Task flag set to 0: 36/36 wrappers
Task flag set to 1: 36/36 wrappers
Epoch 5/5 | Batch 1073/2000 | Step 9073 | BCE 0.602123 | FTC 1.005373 | Total 1.607495
Task flag set to 0: 36/36 wrappers
Task flag set to 1: 36/36 wrappers
Epoch 5/5 | Batch 1074/2000 | Step 9074 | BCE 0.338372 | FTC 2.018006 | Total 2.356378
Task flag set to 0: 36/36 wrappers
Task flag set to 1: 36/36 wrappers
Epoch 5/5 | Batch 1075/2000 | Step 9075 | BCE 0.095185 | FTC 1.727021 | Total 1.822205
Task flag set to 0: 36/36 wrappers
Task flag set to 1: 36/36 wrappers
Epoch 5/5 | Batch 1076/2000 | Step 9076 | BCE 0.461068 | FTC 1.172703 | Total 1.633771
Task flag set to 0: 36/36 wrappers
Task flag set to 1: 36/36 wrappers
Epoch 5/5 | Batch 1077/2000 | Step 9077 | BCE 0.143970 | FTC 1.960254 | Total 2.104224
Task flag set to 0: 36/36 wrappers
Task flag set to 1: 36/36 wrappers
Epoch 5/5 | Batch 1078/2000 | Step 9078 | BCE 0.936111 | FTC 1.556338 | Total 2.492449
Task flag set to 0: 36/36 wrappers
Task flag set to 1: 36/36 wrappers
Epoch 5/5 | Batch 1079/2000 | Step 9079 | BCE 0.021454 | FTC 1.868177 | Total 1.889631
Task flag set to 0: 36/36 wrappers
Task flag set to 1: 36/36 wrappers
Epoch 5/5 | Batch 1080/2000 | Step 9080 | BCE 0.077336 | FTC 1.821606 | Total 1.898942
Task flag set to 0: 36/36 wrappers
Task flag set to 1: 36/36 wrappers
Epoch 5/5 | Batch 1081/2000 | Step 9081 | BCE 0.193642 | FTC 1.423435 | Total 1.617077
Task flag set to 0: 36/36 wrappers
Task flag set to 1: 36/36 wrappers
Epoch 5/5 | Batch 1082/2000 | Step 9082 | BCE 0.084887 | FTC 1.810326 | Total 1.895213
Task flag set to 0: 36/36 wrappers
Task flag set to 1: 36/36 wrappers
Epoch 5/5 | Batch 1083/2000 | Step 9083 | BCE 0.101423 | FTC 1.620348 | Total 1.721771
Task flag set to 0: 36/36 wrappers
Task flag set to 1: 36/36 wrappers
Epoch 5/5 | Batch 1084/2000 | Step 9084 | BCE 0.078349 | FTC 1.919022 | Total 1.997372
Task flag set to 0: 36/36 wrappers
Task flag set to 1: 36/36 wrappers
Epoch 5/5 | Batch 1085/2000 | Step 9085 | BCE 0.154378 | FTC 1.395005 | Total 1.549383
Task flag set to 0: 36/36 wrappers
Task flag set to 1: 36/36 wrappers
Epoch 5/5 | Batch 1086/2000 | Step 9086 | BCE 0.023417 | FTC 1.427555 | Total 1.450971
Task flag set to 0: 36/36 wrappers
Task flag set to 1: 36/36 wrappers
Epoch 5/5 | Batch 1087/2000 | Step 9087 | BCE 0.339551 | FTC 1.818834 | Total 2.158386
Task flag set to 0: 36/36 wrappers
Task flag set to 1: 36/36 wrappers
Epoch 5/5 | Batch 1088/2000 | Step 9088 | BCE 0.363790 | FTC 1.220120 | Total 1.583910
Task flag set to 0: 36/36 wrappers
Task flag set to 1: 36/36 wrappers
Epoch 5/5 | Batch 1089/2000 | Step 9089 | BCE 0.453630 | FTC 1.624323 | Total 2.077953
Task flag set to 0: 36/36 wrappers
Task flag set to 1: 36/36 wrappers
Epoch 5/5 | Batch 1090/2000 | Step 9090 | BCE 0.012736 | FTC 1.789949 | Total 1.802684
Task flag set to 0: 36/36 wrappers
Task flag set to 1: 36/36 wrappers
Epoch 5/5 | Batch 1091/2000 | Step 9091 | BCE 0.038056 | FTC 1.599329 | Total 1.637385
Task flag set to 0: 36/36 wrappers
Task flag set to 1: 36/36 wrappers
Epoch 5/5 | Batch 1092/2000 | Step 9092 | BCE 0.199763 | FTC 1.471694 | Total 1.671457
Task flag set to 0: 36/36 wrappers
Task flag set to 1: 36/36 wrappers
Epoch 5/5 | Batch 1093/2000 | Step 9093 | BCE 0.440860 | FTC 1.829749 | Total 2.270608
Task flag set to 0: 36/36 wrappers
Task flag set to 1: 36/36 wrappers
Epoch 5/5 | Batch 1094/2000 | Step 9094 | BCE 0.247458 | FTC 1.646542 | Total 1.894000
Task flag set to 0: 36/36 wrappers
Task flag set to 1: 36/36 wrappers
Epoch 5/5 | Batch 1095/2000 | Step 9095 | BCE 1.145963 | FTC 1.882857 | Total 3.028820
Task flag set to 0: 36/36 wrappers
Task flag set to 1: 36/36 wrappers
Epoch 5/5 | Batch 1096/2000 | Step 9096 | BCE 0.877781 | FTC 1.503538 | Total 2.381319
Task flag set to 0: 36/36 wrappers
Task flag set to 1: 36/36 wrappers
Epoch 5/5 | Batch 1097/2000 | Step 9097 | BCE 0.183392 | FTC 1.513000 | Total 1.696392
Task flag set to 0: 36/36 wrappers
Task flag set to 1: 36/36 wrappers
Epoch 5/5 | Batch 1098/2000 | Step 9098 | BCE 0.081237 | FTC 1.166604 | Total 1.247841
Task flag set to 0: 36/36 wrappers
Task flag set to 1: 36/36 wrappers
Epoch 5/5 | Batch 1099/2000 | Step 9099 | BCE 0.449745 | FTC 1.396499 | Total 1.846244
Task flag set to 0: 36/36 wrappers
Task flag set to 1: 36/36 wrappers
Epoch 5/5 | Batch 1100/2000 | Step 9100 | BCE 0.213684 | FTC 1.715167 | Total 1.928851
Task flag set to 0: 36/36 wrappers
Task flag set to 1: 36/36 wrappers
Epoch 5/5 | Batch 1101/2000 | Step 9101 | BCE 0.045798 | FTC 1.314343 | Total 1.360142
Task flag set to 0: 36/36 wrappers
Task flag set to 1: 36/36 wrappers
Epoch 5/5 | Batch 1102/2000 | Step 9102 | BCE 0.519377 | FTC 1.296694 | Total 1.816071
Task flag set to 0: 36/36 wrappers
Task flag set to 1: 36/36 wrappers
Epoch 5/5 | Batch 1103/2000 | Step 9103 | BCE 0.162567 | FTC 1.312645 | Total 1.475212
Task flag set to 0: 36/36 wrappers
Task flag set to 1: 36/36 wrappers
Epoch 5/5 | Batch 1104/2000 | Step 9104 | BCE 0.749114 | FTC 1.237148 | Total 1.986263
Task flag set to 0: 36/36 wrappers
Task flag set to 1: 36/36 wrappers
Epoch 5/5 | Batch 1105/2000 | Step 9105 | BCE 0.102945 | FTC 1.153873 | Total 1.256818
Task flag set to 0: 36/36 wrappers
Task flag set to 1: 36/36 wrappers
Epoch 5/5 | Batch 1106/2000 | Step 9106 | BCE 0.123772 | FTC 1.685017 | Total 1.808789
Task flag set to 0: 36/36 wrappers
Task flag set to 1: 36/36 wrappers
Epoch 5/5 | Batch 1107/2000 | Step 9107 | BCE 0.187471 | FTC 2.022192 | Total 2.209663
Task flag set to 0: 36/36 wrappers
Task flag set to 1: 36/36 wrappers
Epoch 5/5 | Batch 1108/2000 | Step 9108 | BCE 0.030570 | FTC 1.281659 | Total 1.312228
Task flag set to 0: 36/36 wrappers
Task flag set to 1: 36/36 wrappers
Epoch 5/5 | Batch 1109/2000 | Step 9109 | BCE 0.019038 | FTC 1.737415 | Total 1.756453
Task flag set to 0: 36/36 wrappers
Task flag set to 1: 36/36 wrappers
Epoch 5/5 | Batch 1110/2000 | Step 9110 | BCE 0.852798 | FTC 1.694604 | Total 2.547402
Task flag set to 0: 36/36 wrappers
Task flag set to 1: 36/36 wrappers
Epoch 5/5 | Batch 1111/2000 | Step 9111 | BCE 0.697980 | FTC 1.425324 | Total 2.123303
Task flag set to 0: 36/36 wrappers
Task flag set to 1: 36/36 wrappers
Epoch 5/5 | Batch 1112/2000 | Step 9112 | BCE 0.135273 | FTC 2.006610 | Total 2.141884
Task flag set to 0: 36/36 wrappers
Task flag set to 1: 36/36 wrappers
Epoch 5/5 | Batch 1113/2000 | Step 9113 | BCE 0.368182 | FTC 1.196169 | Total 1.564351
Task flag set to 0: 36/36 wrappers
Task flag set to 1: 36/36 wrappers
Epoch 5/5 | Batch 1114/2000 | Step 9114 | BCE 0.132075 | FTC 1.585356 | Total 1.717431
Task flag set to 0: 36/36 wrappers
Task flag set to 1: 36/36 wrappers
Epoch 5/5 | Batch 1115/2000 | Step 9115 | BCE 0.093524 | FTC 1.364491 | Total 1.458016
Task flag set to 0: 36/36 wrappers
Task flag set to 1: 36/36 wrappers
Epoch 5/5 | Batch 1116/2000 | Step 9116 | BCE 0.006273 | FTC 1.222689 | Total 1.228962
Task flag set to 0: 36/36 wrappers
Task flag set to 1: 36/36 wrappers
Epoch 5/5 | Batch 1117/2000 | Step 9117 | BCE 0.872014 | FTC 1.346883 | Total 2.218897
Task flag set to 0: 36/36 wrappers
Task flag set to 1: 36/36 wrappers
Epoch 5/5 | Batch 1118/2000 | Step 9118 | BCE 1.265928 | FTC 2.056498 | Total 3.322426
Task flag set to 0: 36/36 wrappers
Task flag set to 1: 36/36 wrappers
Epoch 5/5 | Batch 1119/2000 | Step 9119 | BCE 0.646742 | FTC 1.507268 | Total 2.154011
Task flag set to 0: 36/36 wrappers
Task flag set to 1: 36/36 wrappers
Epoch 5/5 | Batch 1120/2000 | Step 9120 | BCE 0.277772 | FTC 1.481127 | Total 1.758899
Task flag set to 0: 36/36 wrappers
Task flag set to 1: 36/36 wrappers
Epoch 5/5 | Batch 1121/2000 | Step 9121 | BCE 0.158308 | FTC 1.805664 | Total 1.963972
Task flag set to 0: 36/36 wrappers
Task flag set to 1: 36/36 wrappers
Epoch 5/5 | Batch 1122/2000 | Step 9122 | BCE 0.050498 | FTC 1.618276 | Total 1.668774
Task flag set to 0: 36/36 wrappers
Task flag set to 1: 36/36 wrappers
Epoch 5/5 | Batch 1123/2000 | Step 9123 | BCE 0.165502 | FTC 1.774134 | Total 1.939637
Task flag set to 0: 36/36 wrappers
Task flag set to 1: 36/36 wrappers
Epoch 5/5 | Batch 1124/2000 | Step 9124 | BCE 0.249114 | FTC 0.959971 | Total 1.209085
Task flag set to 0: 36/36 wrappers
Task flag set to 1: 36/36 wrappers
Epoch 5/5 | Batch 1125/2000 | Step 9125 | BCE 0.049554 | FTC 1.446074 | Total 1.495628
Task flag set to 0: 36/36 wrappers
Task flag set to 1: 36/36 wrappers
Epoch 5/5 | Batch 1126/2000 | Step 9126 | BCE 0.135273 | FTC 1.335336 | Total 1.470609
Task flag set to 0: 36/36 wrappers
Task flag set to 1: 36/36 wrappers
Epoch 5/5 | Batch 1127/2000 | Step 9127 | BCE 0.206410 | FTC 1.810828 | Total 2.017238
Task flag set to 0: 36/36 wrappers
Task flag set to 1: 36/36 wrappers
Epoch 5/5 | Batch 1128/2000 | Step 9128 | BCE 0.936273 | FTC 1.413242 | Total 2.349515
Task flag set to 0: 36/36 wrappers
Task flag set to 1: 36/36 wrappers
Epoch 5/5 | Batch 1129/2000 | Step 9129 | BCE 1.563421 | FTC 1.864291 | Total 3.427712
Task flag set to 0: 36/36 wrappers
Task flag set to 1: 36/36 wrappers
Epoch 5/5 | Batch 1130/2000 | Step 9130 | BCE 0.197759 | FTC 1.642995 | Total 1.840755
Task flag set to 0: 36/36 wrappers
Task flag set to 1: 36/36 wrappers
Epoch 5/5 | Batch 1131/2000 | Step 9131 | BCE 0.128673 | FTC 1.590941 | Total 1.719615
Task flag set to 0: 36/36 wrappers
Task flag set to 1: 36/36 wrappers
Epoch 5/5 | Batch 1132/2000 | Step 9132 | BCE 0.105817 | FTC 1.631656 | Total 1.737473
Task flag set to 0: 36/36 wrappers
Task flag set to 1: 36/36 wrappers
Epoch 5/5 | Batch 1133/2000 | Step 9133 | BCE 0.235915 | FTC 1.658598 | Total 1.894513
Task flag set to 0: 36/36 wrappers
Task flag set to 1: 36/36 wrappers
Epoch 5/5 | Batch 1134/2000 | Step 9134 | BCE 0.310809 | FTC 0.687977 | Total 0.998786
Task flag set to 0: 36/36 wrappers
Task flag set to 1: 36/36 wrappers
Epoch 5/5 | Batch 1135/2000 | Step 9135 | BCE 0.210381 | FTC 1.494540 | Total 1.704921
Task flag set to 0: 36/36 wrappers
Task flag set to 1: 36/36 wrappers
Epoch 5/5 | Batch 1136/2000 | Step 9136 | BCE 0.060955 | FTC 1.600697 | Total 1.661653
Task flag set to 0: 36/36 wrappers
Task flag set to 1: 36/36 wrappers
Epoch 5/5 | Batch 1137/2000 | Step 9137 | BCE 0.125548 | FTC 1.916986 | Total 2.042534
Task flag set to 0: 36/36 wrappers
Task flag set to 1: 36/36 wrappers
Epoch 5/5 | Batch 1138/2000 | Step 9138 | BCE 0.070958 | FTC 1.382735 | Total 1.453692
Task flag set to 0: 36/36 wrappers
Task flag set to 1: 36/36 wrappers
Epoch 5/5 | Batch 1139/2000 | Step 9139 | BCE 0.104011 | FTC 1.414478 | Total 1.518489
Task flag set to 0: 36/36 wrappers
Task flag set to 1: 36/36 wrappers
Epoch 5/5 | Batch 1140/2000 | Step 9140 | BCE 0.255657 | FTC 1.784081 | Total 2.039738
Task flag set to 0: 36/36 wrappers
Task flag set to 1: 36/36 wrappers
Epoch 5/5 | Batch 1141/2000 | Step 9141 | BCE 0.386199 | FTC 1.916975 | Total 2.303173
Task flag set to 0: 36/36 wrappers
Task flag set to 1: 36/36 wrappers
Epoch 5/5 | Batch 1142/2000 | Step 9142 | BCE 0.377988 | FTC 0.949090 | Total 1.327078
Task flag set to 0: 36/36 wrappers
Task flag set to 1: 36/36 wrappers
Epoch 5/5 | Batch 1143/2000 | Step 9143 | BCE 0.036990 | FTC 1.397963 | Total 1.434953
Task flag set to 0: 36/36 wrappers
Task flag set to 1: 36/36 wrappers
Epoch 5/5 | Batch 1144/2000 | Step 9144 | BCE 0.192734 | FTC 0.787374 | Total 0.980108
Task flag set to 0: 36/36 wrappers
Task flag set to 1: 36/36 wrappers
Epoch 5/5 | Batch 1145/2000 | Step 9145 | BCE 0.129199 | FTC 1.496492 | Total 1.625692
Task flag set to 0: 36/36 wrappers
Task flag set to 1: 36/36 wrappers
Epoch 5/5 | Batch 1146/2000 | Step 9146 | BCE 0.622726 | FTC 1.274600 | Total 1.897326
Task flag set to 0: 36/36 wrappers
Task flag set to 1: 36/36 wrappers
Epoch 5/5 | Batch 1147/2000 | Step 9147 | BCE 0.149224 | FTC 1.338137 | Total 1.487361
Task flag set to 0: 36/36 wrappers
Task flag set to 1: 36/36 wrappers
Epoch 5/5 | Batch 1148/2000 | Step 9148 | BCE 0.102683 | FTC 1.842416 | Total 1.945099
Task flag set to 0: 36/36 wrappers
Task flag set to 1: 36/36 wrappers
Epoch 5/5 | Batch 1149/2000 | Step 9149 | BCE 0.305867 | FTC 1.562008 | Total 1.867875
Task flag set to 0: 36/36 wrappers
Task flag set to 1: 36/36 wrappers
Epoch 5/5 | Batch 1150/2000 | Step 9150 | BCE 0.205526 | FTC 1.497961 | Total 1.703487
Task flag set to 0: 36/36 wrappers
Task flag set to 1: 36/36 wrappers
Epoch 5/5 | Batch 1151/2000 | Step 9151 | BCE 0.687995 | FTC 1.696747 | Total 2.384742
Task flag set to 0: 36/36 wrappers
Task flag set to 1: 36/36 wrappers
Epoch 5/5 | Batch 1152/2000 | Step 9152 | BCE 0.812690 | FTC 2.100234 | Total 2.912924
Task flag set to 0: 36/36 wrappers
Task flag set to 1: 36/36 wrappers
Epoch 5/5 | Batch 1153/2000 | Step 9153 | BCE 0.735490 | FTC 0.817674 | Total 1.553164
Task flag set to 0: 36/36 wrappers
Task flag set to 1: 36/36 wrappers
Epoch 5/5 | Batch 1154/2000 | Step 9154 | BCE 0.351538 | FTC 1.144255 | Total 1.495793
Task flag set to 0: 36/36 wrappers
Task flag set to 1: 36/36 wrappers
Epoch 5/5 | Batch 1155/2000 | Step 9155 | BCE 0.331664 | FTC 1.633630 | Total 1.965294
Task flag set to 0: 36/36 wrappers
Task flag set to 1: 36/36 wrappers
Epoch 5/5 | Batch 1156/2000 | Step 9156 | BCE 0.342319 | FTC 2.242730 | Total 2.585050
Task flag set to 0: 36/36 wrappers
Task flag set to 1: 36/36 wrappers
Epoch 5/5 | Batch 1157/2000 | Step 9157 | BCE 0.577063 | FTC 1.478008 | Total 2.055071
Task flag set to 0: 36/36 wrappers
Task flag set to 1: 36/36 wrappers
Epoch 5/5 | Batch 1158/2000 | Step 9158 | BCE 0.296527 | FTC 2.006911 | Total 2.303438
Task flag set to 0: 36/36 wrappers
Task flag set to 1: 36/36 wrappers
Epoch 5/5 | Batch 1159/2000 | Step 9159 | BCE 0.079414 | FTC 1.061643 | Total 1.141057
Task flag set to 0: 36/36 wrappers
Task flag set to 1: 36/36 wrappers
Epoch 5/5 | Batch 1160/2000 | Step 9160 | BCE 0.236335 | FTC 1.738068 | Total 1.974403
Task flag set to 0: 36/36 wrappers
Task flag set to 1: 36/36 wrappers
Epoch 5/5 | Batch 1161/2000 | Step 9161 | BCE 0.259214 | FTC 1.940796 | Total 2.200011
Task flag set to 0: 36/36 wrappers
Task flag set to 1: 36/36 wrappers
Epoch 5/5 | Batch 1162/2000 | Step 9162 | BCE 0.332109 | FTC 0.861313 | Total 1.193422
Task flag set to 0: 36/36 wrappers
Task flag set to 1: 36/36 wrappers
Epoch 5/5 | Batch 1163/2000 | Step 9163 | BCE 0.512469 | FTC 1.255535 | Total 1.768004
Task flag set to 0: 36/36 wrappers
Task flag set to 1: 36/36 wrappers
Epoch 5/5 | Batch 1164/2000 | Step 9164 | BCE 0.197653 | FTC 1.797360 | Total 1.995014
Task flag set to 0: 36/36 wrappers
Task flag set to 1: 36/36 wrappers
Epoch 5/5 | Batch 1165/2000 | Step 9165 | BCE 0.487749 | FTC 1.324233 | Total 1.811982
Task flag set to 0: 36/36 wrappers
Task flag set to 1: 36/36 wrappers
Epoch 5/5 | Batch 1166/2000 | Step 9166 | BCE 0.055451 | FTC 1.302406 | Total 1.357857
Task flag set to 0: 36/36 wrappers
Task flag set to 1: 36/36 wrappers
Epoch 5/5 | Batch 1167/2000 | Step 9167 | BCE 0.237366 | FTC 0.997974 | Total 1.235340
Task flag set to 0: 36/36 wrappers
Task flag set to 1: 36/36 wrappers
Epoch 5/5 | Batch 1168/2000 | Step 9168 | BCE 0.654150 | FTC 2.048112 | Total 2.702261
Task flag set to 0: 36/36 wrappers
Task flag set to 1: 36/36 wrappers
Epoch 5/5 | Batch 1169/2000 | Step 9169 | BCE 0.101961 | FTC 1.580673 | Total 1.682634
Task flag set to 0: 36/36 wrappers
Task flag set to 1: 36/36 wrappers
Epoch 5/5 | Batch 1170/2000 | Step 9170 | BCE 0.050742 | FTC 1.368158 | Total 1.418900
Task flag set to 0: 36/36 wrappers
Task flag set to 1: 36/36 wrappers
Epoch 5/5 | Batch 1171/2000 | Step 9171 | BCE 0.450854 | FTC 1.944915 | Total 2.395769
Task flag set to 0: 36/36 wrappers
Task flag set to 1: 36/36 wrappers
Epoch 5/5 | Batch 1172/2000 | Step 9172 | BCE 0.105819 | FTC 1.467910 | Total 1.573729
Task flag set to 0: 36/36 wrappers
Task flag set to 1: 36/36 wrappers
Epoch 5/5 | Batch 1173/2000 | Step 9173 | BCE 0.311252 | FTC 0.959330 | Total 1.270582
Task flag set to 0: 36/36 wrappers
Task flag set to 1: 36/36 wrappers
Epoch 5/5 | Batch 1174/2000 | Step 9174 | BCE 0.100394 | FTC 1.177290 | Total 1.277684
Task flag set to 0: 36/36 wrappers
Task flag set to 1: 36/36 wrappers
Epoch 5/5 | Batch 1175/2000 | Step 9175 | BCE 0.111656 | FTC 1.360987 | Total 1.472642
Task flag set to 0: 36/36 wrappers
Task flag set to 1: 36/36 wrappers
Epoch 5/5 | Batch 1176/2000 | Step 9176 | BCE 0.126957 | FTC 1.562969 | Total 1.689925
Task flag set to 0: 36/36 wrappers
Task flag set to 1: 36/36 wrappers
Epoch 5/5 | Batch 1177/2000 | Step 9177 | BCE 0.718688 | FTC 1.706324 | Total 2.425012
Task flag set to 0: 36/36 wrappers
Task flag set to 1: 36/36 wrappers
Epoch 5/5 | Batch 1178/2000 | Step 9178 | BCE 0.028611 | FTC 1.588914 | Total 1.617525
Task flag set to 0: 36/36 wrappers
Task flag set to 1: 36/36 wrappers
Epoch 5/5 | Batch 1179/2000 | Step 9179 | BCE 0.031731 | FTC 1.401787 | Total 1.433518
Task flag set to 0: 36/36 wrappers
Task flag set to 1: 36/36 wrappers
Epoch 5/5 | Batch 1180/2000 | Step 9180 | BCE 0.330106 | FTC 1.524594 | Total 1.854700
Task flag set to 0: 36/36 wrappers
Task flag set to 1: 36/36 wrappers
Epoch 5/5 | Batch 1181/2000 | Step 9181 | BCE 0.285100 | FTC 1.721971 | Total 2.007071
Task flag set to 0: 36/36 wrappers
Task flag set to 1: 36/36 wrappers
Epoch 5/5 | Batch 1182/2000 | Step 9182 | BCE 0.011587 | FTC 1.498605 | Total 1.510193
Task flag set to 0: 36/36 wrappers
Task flag set to 1: 36/36 wrappers
Epoch 5/5 | Batch 1183/2000 | Step 9183 | BCE 0.754097 | FTC 1.501451 | Total 2.255548
Task flag set to 0: 36/36 wrappers
Task flag set to 1: 36/36 wrappers
Epoch 5/5 | Batch 1184/2000 | Step 9184 | BCE 0.006296 | FTC 0.984853 | Total 0.991149
Task flag set to 0: 36/36 wrappers
Task flag set to 1: 36/36 wrappers
Epoch 5/5 | Batch 1185/2000 | Step 9185 | BCE 0.074930 | FTC 1.179994 | Total 1.254924
Task flag set to 0: 36/36 wrappers
Task flag set to 1: 36/36 wrappers
Epoch 5/5 | Batch 1186/2000 | Step 9186 | BCE 0.209603 | FTC 1.301790 | Total 1.511393
Task flag set to 0: 36/36 wrappers
Task flag set to 1: 36/36 wrappers
Epoch 5/5 | Batch 1187/2000 | Step 9187 | BCE 0.046200 | FTC 1.970502 | Total 2.016702
Task flag set to 0: 36/36 wrappers
Task flag set to 1: 36/36 wrappers
Epoch 5/5 | Batch 1188/2000 | Step 9188 | BCE 1.974302 | FTC 2.058792 | Total 4.033094
Task flag set to 0: 36/36 wrappers
Task flag set to 1: 36/36 wrappers
Epoch 5/5 | Batch 1189/2000 | Step 9189 | BCE 0.030811 | FTC 2.101575 | Total 2.132386
Task flag set to 0: 36/36 wrappers
Task flag set to 1: 36/36 wrappers
Epoch 5/5 | Batch 1190/2000 | Step 9190 | BCE 0.490722 | FTC 1.832426 | Total 2.323148
Task flag set to 0: 36/36 wrappers
Task flag set to 1: 36/36 wrappers
Epoch 5/5 | Batch 1191/2000 | Step 9191 | BCE 0.247361 | FTC 0.820059 | Total 1.067420
Task flag set to 0: 36/36 wrappers
Task flag set to 1: 36/36 wrappers
Epoch 5/5 | Batch 1192/2000 | Step 9192 | BCE 2.711843 | FTC 2.267168 | Total 4.979011
Task flag set to 0: 36/36 wrappers
Task flag set to 1: 36/36 wrappers
Epoch 5/5 | Batch 1193/2000 | Step 9193 | BCE 0.156394 | FTC 1.770457 | Total 1.926851
Task flag set to 0: 36/36 wrappers
Task flag set to 1: 36/36 wrappers
Epoch 5/5 | Batch 1194/2000 | Step 9194 | BCE 0.405671 | FTC 1.540175 | Total 1.945846
Task flag set to 0: 36/36 wrappers
Task flag set to 1: 36/36 wrappers
Epoch 5/5 | Batch 1195/2000 | Step 9195 | BCE 0.030917 | FTC 1.298741 | Total 1.329657
Task flag set to 0: 36/36 wrappers
Task flag set to 1: 36/36 wrappers
Epoch 5/5 | Batch 1196/2000 | Step 9196 | BCE 0.394439 | FTC 1.801798 | Total 2.196236
Task flag set to 0: 36/36 wrappers
Task flag set to 1: 36/36 wrappers
Epoch 5/5 | Batch 1197/2000 | Step 9197 | BCE 0.104917 | FTC 1.261832 | Total 1.366748
Task flag set to 0: 36/36 wrappers
Task flag set to 1: 36/36 wrappers
Epoch 5/5 | Batch 1198/2000 | Step 9198 | BCE 0.266511 | FTC 1.123300 | Total 1.389810
Task flag set to 0: 36/36 wrappers
Task flag set to 1: 36/36 wrappers
Epoch 5/5 | Batch 1199/2000 | Step 9199 | BCE 0.496907 | FTC 1.218150 | Total 1.715057
Task flag set to 0: 36/36 wrappers
Task flag set to 1: 36/36 wrappers
Epoch 5/5 | Batch 1200/2000 | Step 9200 | BCE 0.309139 | FTC 1.792320 | Total 2.101460
Task flag set to 0: 36/36 wrappers
Task flag set to 1: 36/36 wrappers
Epoch 5/5 | Batch 1201/2000 | Step 9201 | BCE 0.060072 | FTC 1.667680 | Total 1.727752
Task flag set to 0: 36/36 wrappers
Task flag set to 1: 36/36 wrappers
Epoch 5/5 | Batch 1202/2000 | Step 9202 | BCE 0.686191 | FTC 1.509541 | Total 2.195731
Task flag set to 0: 36/36 wrappers
Task flag set to 1: 36/36 wrappers
Epoch 5/5 | Batch 1203/2000 | Step 9203 | BCE 0.445394 | FTC 1.028562 | Total 1.473957
Task flag set to 0: 36/36 wrappers
Task flag set to 1: 36/36 wrappers
Epoch 5/5 | Batch 1204/2000 | Step 9204 | BCE 0.919526 | FTC 1.897559 | Total 2.817085
Task flag set to 0: 36/36 wrappers
Task flag set to 1: 36/36 wrappers
Epoch 5/5 | Batch 1205/2000 | Step 9205 | BCE 0.495757 | FTC 1.034801 | Total 1.530558
Task flag set to 0: 36/36 wrappers
Task flag set to 1: 36/36 wrappers
Epoch 5/5 | Batch 1206/2000 | Step 9206 | BCE 0.059710 | FTC 1.094777 | Total 1.154487
Task flag set to 0: 36/36 wrappers
Task flag set to 1: 36/36 wrappers
Epoch 5/5 | Batch 1207/2000 | Step 9207 | BCE 0.126524 | FTC 1.071263 | Total 1.197787
Task flag set to 0: 36/36 wrappers
Task flag set to 1: 36/36 wrappers
Epoch 5/5 | Batch 1208/2000 | Step 9208 | BCE 0.048349 | FTC 2.002167 | Total 2.050515
Task flag set to 0: 36/36 wrappers
Task flag set to 1: 36/36 wrappers
Epoch 5/5 | Batch 1209/2000 | Step 9209 | BCE 0.400290 | FTC 1.321904 | Total 1.722194
Task flag set to 0: 36/36 wrappers
Task flag set to 1: 36/36 wrappers
Epoch 5/5 | Batch 1210/2000 | Step 9210 | BCE 0.515047 | FTC 1.042890 | Total 1.557937
Task flag set to 0: 36/36 wrappers
Task flag set to 1: 36/36 wrappers
Epoch 5/5 | Batch 1211/2000 | Step 9211 | BCE 0.651926 | FTC 1.383443 | Total 2.035368
Task flag set to 0: 36/36 wrappers
Task flag set to 1: 36/36 wrappers
Epoch 5/5 | Batch 1212/2000 | Step 9212 | BCE 0.152395 | FTC 1.290915 | Total 1.443310
Task flag set to 0: 36/36 wrappers
Task flag set to 1: 36/36 wrappers
Epoch 5/5 | Batch 1213/2000 | Step 9213 | BCE 1.083323 | FTC 1.717743 | Total 2.801066
Task flag set to 0: 36/36 wrappers
Task flag set to 1: 36/36 wrappers
Epoch 5/5 | Batch 1214/2000 | Step 9214 | BCE 0.167121 | FTC 0.874643 | Total 1.041764
Task flag set to 0: 36/36 wrappers
Task flag set to 1: 36/36 wrappers
Epoch 5/5 | Batch 1215/2000 | Step 9215 | BCE 0.496700 | FTC 1.570115 | Total 2.066815
Task flag set to 0: 36/36 wrappers
Task flag set to 1: 36/36 wrappers
Epoch 5/5 | Batch 1216/2000 | Step 9216 | BCE 0.256107 | FTC 1.588860 | Total 1.844967
Task flag set to 0: 36/36 wrappers
Task flag set to 1: 36/36 wrappers
Epoch 5/5 | Batch 1217/2000 | Step 9217 | BCE 0.209345 | FTC 1.567536 | Total 1.776881
Task flag set to 0: 36/36 wrappers
Task flag set to 1: 36/36 wrappers
Epoch 5/5 | Batch 1218/2000 | Step 9218 | BCE 1.057922 | FTC 1.027187 | Total 2.085109
Task flag set to 0: 36/36 wrappers
Task flag set to 1: 36/36 wrappers
Epoch 5/5 | Batch 1219/2000 | Step 9219 | BCE 0.089110 | FTC 1.017272 | Total 1.106382
Task flag set to 0: 36/36 wrappers
Task flag set to 1: 36/36 wrappers
Epoch 5/5 | Batch 1220/2000 | Step 9220 | BCE 0.075407 | FTC 1.670294 | Total 1.745701
Task flag set to 0: 36/36 wrappers
Task flag set to 1: 36/36 wrappers
Epoch 5/5 | Batch 1221/2000 | Step 9221 | BCE 0.185958 | FTC 1.262477 | Total 1.448435
Task flag set to 0: 36/36 wrappers
Task flag set to 1: 36/36 wrappers
Epoch 5/5 | Batch 1222/2000 | Step 9222 | BCE 0.143551 | FTC 1.724592 | Total 1.868143
Task flag set to 0: 36/36 wrappers
Task flag set to 1: 36/36 wrappers
Epoch 5/5 | Batch 1223/2000 | Step 9223 | BCE 0.144350 | FTC 1.126199 | Total 1.270549
Task flag set to 0: 36/36 wrappers
Task flag set to 1: 36/36 wrappers
Epoch 5/5 | Batch 1224/2000 | Step 9224 | BCE 0.743600 | FTC 0.783634 | Total 1.527234
Task flag set to 0: 36/36 wrappers
Task flag set to 1: 36/36 wrappers
Epoch 5/5 | Batch 1225/2000 | Step 9225 | BCE 0.462955 | FTC 1.680762 | Total 2.143717
Task flag set to 0: 36/36 wrappers
Task flag set to 1: 36/36 wrappers
Epoch 5/5 | Batch 1226/2000 | Step 9226 | BCE 0.420436 | FTC 1.384295 | Total 1.804730
Task flag set to 0: 36/36 wrappers
Task flag set to 1: 36/36 wrappers
Epoch 5/5 | Batch 1227/2000 | Step 9227 | BCE 0.067487 | FTC 1.382820 | Total 1.450306
Task flag set to 0: 36/36 wrappers
Task flag set to 1: 36/36 wrappers
Epoch 5/5 | Batch 1228/2000 | Step 9228 | BCE 0.281304 | FTC 2.407184 | Total 2.688488
Task flag set to 0: 36/36 wrappers
Task flag set to 1: 36/36 wrappers
Epoch 5/5 | Batch 1229/2000 | Step 9229 | BCE 0.031003 | FTC 1.351268 | Total 1.382271
Task flag set to 0: 36/36 wrappers
Task flag set to 1: 36/36 wrappers
Epoch 5/5 | Batch 1230/2000 | Step 9230 | BCE 0.072736 | FTC 0.459332 | Total 0.532068
Task flag set to 0: 36/36 wrappers
Task flag set to 1: 36/36 wrappers
Epoch 5/5 | Batch 1231/2000 | Step 9231 | BCE 1.080652 | FTC 0.808326 | Total 1.888979
Task flag set to 0: 36/36 wrappers
Task flag set to 1: 36/36 wrappers
Epoch 5/5 | Batch 1232/2000 | Step 9232 | BCE 0.723470 | FTC 1.124091 | Total 1.847561
Task flag set to 0: 36/36 wrappers
Task flag set to 1: 36/36 wrappers
Epoch 5/5 | Batch 1233/2000 | Step 9233 | BCE 0.880593 | FTC 1.676893 | Total 2.557487
Task flag set to 0: 36/36 wrappers
Task flag set to 1: 36/36 wrappers
Epoch 5/5 | Batch 1234/2000 | Step 9234 | BCE 0.010729 | FTC 1.136113 | Total 1.146842
Task flag set to 0: 36/36 wrappers
Task flag set to 1: 36/36 wrappers
Epoch 5/5 | Batch 1235/2000 | Step 9235 | BCE 1.344596 | FTC 1.597024 | Total 2.941620
Task flag set to 0: 36/36 wrappers
Task flag set to 1: 36/36 wrappers
Epoch 5/5 | Batch 1236/2000 | Step 9236 | BCE 0.828349 | FTC 1.031227 | Total 1.859576
Task flag set to 0: 36/36 wrappers
Task flag set to 1: 36/36 wrappers
Epoch 5/5 | Batch 1237/2000 | Step 9237 | BCE 0.092101 | FTC 1.432477 | Total 1.524578
Task flag set to 0: 36/36 wrappers
Task flag set to 1: 36/36 wrappers
Epoch 5/5 | Batch 1238/2000 | Step 9238 | BCE 0.095117 | FTC 1.778104 | Total 1.873221
Task flag set to 0: 36/36 wrappers
Task flag set to 1: 36/36 wrappers
Epoch 5/5 | Batch 1239/2000 | Step 9239 | BCE 0.099935 | FTC 2.306931 | Total 2.406866
Task flag set to 0: 36/36 wrappers
Task flag set to 1: 36/36 wrappers
Epoch 5/5 | Batch 1240/2000 | Step 9240 | BCE 0.156271 | FTC 0.978435 | Total 1.134706
Task flag set to 0: 36/36 wrappers
Task flag set to 1: 36/36 wrappers
Epoch 5/5 | Batch 1241/2000 | Step 9241 | BCE 0.277853 | FTC 1.978299 | Total 2.256151
Task flag set to 0: 36/36 wrappers
Task flag set to 1: 36/36 wrappers
Epoch 5/5 | Batch 1242/2000 | Step 9242 | BCE 0.561101 | FTC 1.684205 | Total 2.245306
Task flag set to 0: 36/36 wrappers
Task flag set to 1: 36/36 wrappers
Epoch 5/5 | Batch 1243/2000 | Step 9243 | BCE 0.266452 | FTC 1.391530 | Total 1.657982
Task flag set to 0: 36/36 wrappers
Task flag set to 1: 36/36 wrappers
Epoch 5/5 | Batch 1244/2000 | Step 9244 | BCE 0.247171 | FTC 2.068388 | Total 2.315559
Task flag set to 0: 36/36 wrappers
Task flag set to 1: 36/36 wrappers
Epoch 5/5 | Batch 1245/2000 | Step 9245 | BCE 0.608070 | FTC 1.186264 | Total 1.794334
Task flag set to 0: 36/36 wrappers
Task flag set to 1: 36/36 wrappers
Epoch 5/5 | Batch 1246/2000 | Step 9246 | BCE 0.366540 | FTC 1.256139 | Total 1.622679
Task flag set to 0: 36/36 wrappers
Task flag set to 1: 36/36 wrappers
Epoch 5/5 | Batch 1247/2000 | Step 9247 | BCE 0.195832 | FTC 1.158126 | Total 1.353958
Task flag set to 0: 36/36 wrappers
Task flag set to 1: 36/36 wrappers
Epoch 5/5 | Batch 1248/2000 | Step 9248 | BCE 0.251376 | FTC 1.510467 | Total 1.761843
Task flag set to 0: 36/36 wrappers
Task flag set to 1: 36/36 wrappers
Epoch 5/5 | Batch 1249/2000 | Step 9249 | BCE 0.378252 | FTC 2.424897 | Total 2.803149
Task flag set to 0: 36/36 wrappers
Task flag set to 1: 36/36 wrappers
Epoch 5/5 | Batch 1250/2000 | Step 9250 | BCE 0.373907 | FTC 1.729495 | Total 2.103402
Task flag set to 0: 36/36 wrappers
Task flag set to 1: 36/36 wrappers
Epoch 5/5 | Batch 1251/2000 | Step 9251 | BCE 0.200882 | FTC 1.819245 | Total 2.020127
Task flag set to 0: 36/36 wrappers
Task flag set to 1: 36/36 wrappers
Epoch 5/5 | Batch 1252/2000 | Step 9252 | BCE 0.559087 | FTC 1.451393 | Total 2.010479
Task flag set to 0: 36/36 wrappers
Task flag set to 1: 36/36 wrappers
Epoch 5/5 | Batch 1253/2000 | Step 9253 | BCE 0.194199 | FTC 2.041822 | Total 2.236021
Task flag set to 0: 36/36 wrappers
Task flag set to 1: 36/36 wrappers
Epoch 5/5 | Batch 1254/2000 | Step 9254 | BCE 0.203829 | FTC 1.520061 | Total 1.723891
Task flag set to 0: 36/36 wrappers
Task flag set to 1: 36/36 wrappers
Epoch 5/5 | Batch 1255/2000 | Step 9255 | BCE 0.070697 | FTC 1.490524 | Total 1.561221
Task flag set to 0: 36/36 wrappers
Task flag set to 1: 36/36 wrappers
Epoch 5/5 | Batch 1256/2000 | Step 9256 | BCE 0.060929 | FTC 1.678312 | Total 1.739242
Task flag set to 0: 36/36 wrappers
Task flag set to 1: 36/36 wrappers
Epoch 5/5 | Batch 1257/2000 | Step 9257 | BCE 0.750083 | FTC 1.487108 | Total 2.237191
Task flag set to 0: 36/36 wrappers
Task flag set to 1: 36/36 wrappers
Epoch 5/5 | Batch 1258/2000 | Step 9258 | BCE 0.220436 | FTC 1.519439 | Total 1.739874
Task flag set to 0: 36/36 wrappers
Task flag set to 1: 36/36 wrappers
Epoch 5/5 | Batch 1259/2000 | Step 9259 | BCE 0.059735 | FTC 1.839372 | Total 1.899108
Task flag set to 0: 36/36 wrappers
Task flag set to 1: 36/36 wrappers
Epoch 5/5 | Batch 1260/2000 | Step 9260 | BCE 0.651778 | FTC 1.457295 | Total 2.109073
Task flag set to 0: 36/36 wrappers
Task flag set to 1: 36/36 wrappers
Epoch 5/5 | Batch 1261/2000 | Step 9261 | BCE 0.569276 | FTC 1.481727 | Total 2.051002
Task flag set to 0: 36/36 wrappers
Task flag set to 1: 36/36 wrappers
Epoch 5/5 | Batch 1262/2000 | Step 9262 | BCE 0.261508 | FTC 1.771515 | Total 2.033024
Task flag set to 0: 36/36 wrappers
Task flag set to 1: 36/36 wrappers
Epoch 5/5 | Batch 1263/2000 | Step 9263 | BCE 0.266596 | FTC 0.717700 | Total 0.984295
Task flag set to 0: 36/36 wrappers
Task flag set to 1: 36/36 wrappers
Epoch 5/5 | Batch 1264/2000 | Step 9264 | BCE 0.235002 | FTC 1.718995 | Total 1.953997
Task flag set to 0: 36/36 wrappers
Task flag set to 1: 36/36 wrappers
Epoch 5/5 | Batch 1265/2000 | Step 9265 | BCE 0.189390 | FTC 1.373520 | Total 1.562910
Task flag set to 0: 36/36 wrappers
Task flag set to 1: 36/36 wrappers
Epoch 5/5 | Batch 1266/2000 | Step 9266 | BCE 0.179692 | FTC 1.490484 | Total 1.670176
Task flag set to 0: 36/36 wrappers
Task flag set to 1: 36/36 wrappers
Epoch 5/5 | Batch 1267/2000 | Step 9267 | BCE 0.200390 | FTC 1.602415 | Total 1.802805
Task flag set to 0: 36/36 wrappers
Task flag set to 1: 36/36 wrappers
Epoch 5/5 | Batch 1268/2000 | Step 9268 | BCE 0.043494 | FTC 1.617273 | Total 1.660767
Task flag set to 0: 36/36 wrappers
Task flag set to 1: 36/36 wrappers
Epoch 5/5 | Batch 1269/2000 | Step 9269 | BCE 0.198706 | FTC 1.496897 | Total 1.695603
Task flag set to 0: 36/36 wrappers
Task flag set to 1: 36/36 wrappers
Epoch 5/5 | Batch 1270/2000 | Step 9270 | BCE 0.039308 | FTC 1.563864 | Total 1.603172
Task flag set to 0: 36/36 wrappers
Task flag set to 1: 36/36 wrappers
Epoch 5/5 | Batch 1271/2000 | Step 9271 | BCE 0.772389 | FTC 1.350660 | Total 2.123049
Task flag set to 0: 36/36 wrappers
Task flag set to 1: 36/36 wrappers
Epoch 5/5 | Batch 1272/2000 | Step 9272 | BCE 0.737393 | FTC 1.302921 | Total 2.040314
Task flag set to 0: 36/36 wrappers
Task flag set to 1: 36/36 wrappers
Epoch 5/5 | Batch 1273/2000 | Step 9273 | BCE 1.598294 | FTC 1.908664 | Total 3.506958
Task flag set to 0: 36/36 wrappers
Task flag set to 1: 36/36 wrappers
Epoch 5/5 | Batch 1274/2000 | Step 9274 | BCE 0.106827 | FTC 1.730544 | Total 1.837371
Task flag set to 0: 36/36 wrappers
Task flag set to 1: 36/36 wrappers
Epoch 5/5 | Batch 1275/2000 | Step 9275 | BCE 0.259074 | FTC 1.491041 | Total 1.750115
Task flag set to 0: 36/36 wrappers
Task flag set to 1: 36/36 wrappers
Epoch 5/5 | Batch 1276/2000 | Step 9276 | BCE 0.019716 | FTC 1.407621 | Total 1.427337
Task flag set to 0: 36/36 wrappers
Task flag set to 1: 36/36 wrappers
Epoch 5/5 | Batch 1277/2000 | Step 9277 | BCE 0.352516 | FTC 1.630169 | Total 1.982685
Task flag set to 0: 36/36 wrappers
Task flag set to 1: 36/36 wrappers
Epoch 5/5 | Batch 1278/2000 | Step 9278 | BCE 0.022431 | FTC 1.742555 | Total 1.764986
Task flag set to 0: 36/36 wrappers
Task flag set to 1: 36/36 wrappers
Epoch 5/5 | Batch 1279/2000 | Step 9279 | BCE 0.260126 | FTC 1.652457 | Total 1.912583
Task flag set to 0: 36/36 wrappers
Task flag set to 1: 36/36 wrappers
Epoch 5/5 | Batch 1280/2000 | Step 9280 | BCE 0.282073 | FTC 1.745486 | Total 2.027559
Task flag set to 0: 36/36 wrappers
Task flag set to 1: 36/36 wrappers
Epoch 5/5 | Batch 1281/2000 | Step 9281 | BCE 0.102898 | FTC 1.387464 | Total 1.490361
Task flag set to 0: 36/36 wrappers
Task flag set to 1: 36/36 wrappers
Epoch 5/5 | Batch 1282/2000 | Step 9282 | BCE 0.017289 | FTC 1.482311 | Total 1.499600
Task flag set to 0: 36/36 wrappers
Task flag set to 1: 36/36 wrappers
Epoch 5/5 | Batch 1283/2000 | Step 9283 | BCE 0.116091 | FTC 1.592300 | Total 1.708392
Task flag set to 0: 36/36 wrappers
Task flag set to 1: 36/36 wrappers
Epoch 5/5 | Batch 1284/2000 | Step 9284 | BCE 0.363164 | FTC 1.408947 | Total 1.772111
Task flag set to 0: 36/36 wrappers
Task flag set to 1: 36/36 wrappers
Epoch 5/5 | Batch 1285/2000 | Step 9285 | BCE 0.073778 | FTC 1.630311 | Total 1.704089
Task flag set to 0: 36/36 wrappers
Task flag set to 1: 36/36 wrappers
Epoch 5/5 | Batch 1286/2000 | Step 9286 | BCE 0.052817 | FTC 1.478722 | Total 1.531538
Task flag set to 0: 36/36 wrappers
Task flag set to 1: 36/36 wrappers
Epoch 5/5 | Batch 1287/2000 | Step 9287 | BCE 0.016203 | FTC 1.527357 | Total 1.543560
Task flag set to 0: 36/36 wrappers
Task flag set to 1: 36/36 wrappers
Epoch 5/5 | Batch 1288/2000 | Step 9288 | BCE 0.145733 | FTC 1.695070 | Total 1.840802
Task flag set to 0: 36/36 wrappers
Task flag set to 1: 36/36 wrappers
Epoch 5/5 | Batch 1289/2000 | Step 9289 | BCE 0.062684 | FTC 1.648190 | Total 1.710874
Task flag set to 0: 36/36 wrappers
Task flag set to 1: 36/36 wrappers
Epoch 5/5 | Batch 1290/2000 | Step 9290 | BCE 0.617510 | FTC 1.424300 | Total 2.041810
Task flag set to 0: 36/36 wrappers
Task flag set to 1: 36/36 wrappers
Epoch 5/5 | Batch 1291/2000 | Step 9291 | BCE 0.037489 | FTC 1.158887 | Total 1.196376
Task flag set to 0: 36/36 wrappers
Task flag set to 1: 36/36 wrappers
Epoch 5/5 | Batch 1292/2000 | Step 9292 | BCE 0.151940 | FTC 1.823542 | Total 1.975482
Task flag set to 0: 36/36 wrappers
Task flag set to 1: 36/36 wrappers
Epoch 5/5 | Batch 1293/2000 | Step 9293 | BCE 0.145122 | FTC 1.067708 | Total 1.212830
Task flag set to 0: 36/36 wrappers
Task flag set to 1: 36/36 wrappers
Epoch 5/5 | Batch 1294/2000 | Step 9294 | BCE 0.244978 | FTC 1.651649 | Total 1.896627
Task flag set to 0: 36/36 wrappers
Task flag set to 1: 36/36 wrappers
Epoch 5/5 | Batch 1295/2000 | Step 9295 | BCE 0.122099 | FTC 1.396968 | Total 1.519067
Task flag set to 0: 36/36 wrappers
Task flag set to 1: 36/36 wrappers
Epoch 5/5 | Batch 1296/2000 | Step 9296 | BCE 0.023097 | FTC 1.787706 | Total 1.810803
Task flag set to 0: 36/36 wrappers
Task flag set to 1: 36/36 wrappers
Epoch 5/5 | Batch 1297/2000 | Step 9297 | BCE 0.084672 | FTC 1.532497 | Total 1.617169
Task flag set to 0: 36/36 wrappers
Task flag set to 1: 36/36 wrappers
Epoch 5/5 | Batch 1298/2000 | Step 9298 | BCE 0.042419 | FTC 1.383331 | Total 1.425750
Task flag set to 0: 36/36 wrappers
Task flag set to 1: 36/36 wrappers
Epoch 5/5 | Batch 1299/2000 | Step 9299 | BCE 0.006081 | FTC 1.169118 | Total 1.175198
Task flag set to 0: 36/36 wrappers
Task flag set to 1: 36/36 wrappers
Epoch 5/5 | Batch 1300/2000 | Step 9300 | BCE 1.535392 | FTC 2.513100 | Total 4.048492
Task flag set to 0: 36/36 wrappers
Task flag set to 1: 36/36 wrappers
Epoch 5/5 | Batch 1301/2000 | Step 9301 | BCE 0.010607 | FTC 1.354481 | Total 1.365088
Task flag set to 0: 36/36 wrappers
Task flag set to 1: 36/36 wrappers
Epoch 5/5 | Batch 1302/2000 | Step 9302 | BCE 0.070685 | FTC 1.797328 | Total 1.868013
Task flag set to 0: 36/36 wrappers
Task flag set to 1: 36/36 wrappers
Epoch 5/5 | Batch 1303/2000 | Step 9303 | BCE 0.106512 | FTC 1.619609 | Total 1.726121
Task flag set to 0: 36/36 wrappers
Task flag set to 1: 36/36 wrappers
Epoch 5/5 | Batch 1304/2000 | Step 9304 | BCE 1.542903 | FTC 2.118864 | Total 3.661767
Task flag set to 0: 36/36 wrappers
Task flag set to 1: 36/36 wrappers
Epoch 5/5 | Batch 1305/2000 | Step 9305 | BCE 0.435642 | FTC 1.103835 | Total 1.539477
Task flag set to 0: 36/36 wrappers
Task flag set to 1: 36/36 wrappers
Epoch 5/5 | Batch 1306/2000 | Step 9306 | BCE 0.013010 | FTC 1.301233 | Total 1.314244
Task flag set to 0: 36/36 wrappers
Task flag set to 1: 36/36 wrappers
Epoch 5/5 | Batch 1307/2000 | Step 9307 | BCE 0.007793 | FTC 1.555868 | Total 1.563661
Task flag set to 0: 36/36 wrappers
Task flag set to 1: 36/36 wrappers
Epoch 5/5 | Batch 1308/2000 | Step 9308 | BCE 0.033738 | FTC 1.424518 | Total 1.458256
Task flag set to 0: 36/36 wrappers
Task flag set to 1: 36/36 wrappers
Epoch 5/5 | Batch 1309/2000 | Step 9309 | BCE 0.021193 | FTC 1.457219 | Total 1.478412
Task flag set to 0: 36/36 wrappers
Task flag set to 1: 36/36 wrappers
Epoch 5/5 | Batch 1310/2000 | Step 9310 | BCE 0.054723 | FTC 1.415566 | Total 1.470289
Task flag set to 0: 36/36 wrappers
Task flag set to 1: 36/36 wrappers
Epoch 5/5 | Batch 1311/2000 | Step 9311 | BCE 0.009137 | FTC 1.626593 | Total 1.635730
Task flag set to 0: 36/36 wrappers
Task flag set to 1: 36/36 wrappers
Epoch 5/5 | Batch 1312/2000 | Step 9312 | BCE 0.247041 | FTC 1.454367 | Total 1.701409
Task flag set to 0: 36/36 wrappers
Task flag set to 1: 36/36 wrappers
Epoch 5/5 | Batch 1313/2000 | Step 9313 | BCE 0.065483 | FTC 1.580055 | Total 1.645538
Task flag set to 0: 36/36 wrappers
Task flag set to 1: 36/36 wrappers
Epoch 5/5 | Batch 1314/2000 | Step 9314 | BCE 0.011047 | FTC 1.538826 | Total 1.549874
Task flag set to 0: 36/36 wrappers
Task flag set to 1: 36/36 wrappers
Epoch 5/5 | Batch 1315/2000 | Step 9315 | BCE 1.624191 | FTC 2.673356 | Total 4.297547
Task flag set to 0: 36/36 wrappers
Task flag set to 1: 36/36 wrappers
Epoch 5/5 | Batch 1316/2000 | Step 9316 | BCE 0.938692 | FTC 2.000039 | Total 2.938731
Task flag set to 0: 36/36 wrappers
Task flag set to 1: 36/36 wrappers
Epoch 5/5 | Batch 1317/2000 | Step 9317 | BCE 0.046516 | FTC 1.606473 | Total 1.652988
Task flag set to 0: 36/36 wrappers
Task flag set to 1: 36/36 wrappers
Epoch 5/5 | Batch 1318/2000 | Step 9318 | BCE 1.150037 | FTC 1.955484 | Total 3.105521
Task flag set to 0: 36/36 wrappers
Task flag set to 1: 36/36 wrappers
Epoch 5/5 | Batch 1319/2000 | Step 9319 | BCE 0.208716 | FTC 1.621608 | Total 1.830324
Task flag set to 0: 36/36 wrappers
Task flag set to 1: 36/36 wrappers
Epoch 5/5 | Batch 1320/2000 | Step 9320 | BCE 0.101281 | FTC 1.505282 | Total 1.606563
Task flag set to 0: 36/36 wrappers
Task flag set to 1: 36/36 wrappers
Epoch 5/5 | Batch 1321/2000 | Step 9321 | BCE 0.121898 | FTC 1.755419 | Total 1.877317
Task flag set to 0: 36/36 wrappers
Task flag set to 1: 36/36 wrappers
Epoch 5/5 | Batch 1322/2000 | Step 9322 | BCE 0.108249 | FTC 1.495596 | Total 1.603844
Task flag set to 0: 36/36 wrappers
Task flag set to 1: 36/36 wrappers
Epoch 5/5 | Batch 1323/2000 | Step 9323 | BCE 0.327479 | FTC 1.107880 | Total 1.435359
Task flag set to 0: 36/36 wrappers
Task flag set to 1: 36/36 wrappers
Epoch 5/5 | Batch 1324/2000 | Step 9324 | BCE 0.041289 | FTC 1.874701 | Total 1.915990
Task flag set to 0: 36/36 wrappers
Task flag set to 1: 36/36 wrappers
Epoch 5/5 | Batch 1325/2000 | Step 9325 | BCE 0.043324 | FTC 1.466104 | Total 1.509428
Task flag set to 0: 36/36 wrappers
Task flag set to 1: 36/36 wrappers
Epoch 5/5 | Batch 1326/2000 | Step 9326 | BCE 0.250918 | FTC 0.983429 | Total 1.234348
Task flag set to 0: 36/36 wrappers
Task flag set to 1: 36/36 wrappers
Epoch 5/5 | Batch 1327/2000 | Step 9327 | BCE 0.416504 | FTC 1.603919 | Total 2.020422
Task flag set to 0: 36/36 wrappers
Task flag set to 1: 36/36 wrappers
Epoch 5/5 | Batch 1328/2000 | Step 9328 | BCE 1.578290 | FTC 1.532861 | Total 3.111151
Task flag set to 0: 36/36 wrappers
Task flag set to 1: 36/36 wrappers
Epoch 5/5 | Batch 1329/2000 | Step 9329 | BCE 0.419475 | FTC 1.352725 | Total 1.772200
Task flag set to 0: 36/36 wrappers
Task flag set to 1: 36/36 wrappers
Epoch 5/5 | Batch 1330/2000 | Step 9330 | BCE 0.436603 | FTC 1.342628 | Total 1.779231
Task flag set to 0: 36/36 wrappers
Task flag set to 1: 36/36 wrappers
Epoch 5/5 | Batch 1331/2000 | Step 9331 | BCE 0.200899 | FTC 1.672807 | Total 1.873706
Task flag set to 0: 36/36 wrappers
Task flag set to 1: 36/36 wrappers
Epoch 5/5 | Batch 1332/2000 | Step 9332 | BCE 0.034485 | FTC 1.442428 | Total 1.476912
Task flag set to 0: 36/36 wrappers
Task flag set to 1: 36/36 wrappers
Epoch 5/5 | Batch 1333/2000 | Step 9333 | BCE 0.225987 | FTC 1.003820 | Total 1.229806
Task flag set to 0: 36/36 wrappers
Task flag set to 1: 36/36 wrappers
Epoch 5/5 | Batch 1334/2000 | Step 9334 | BCE 0.115730 | FTC 1.355572 | Total 1.471302
Task flag set to 0: 36/36 wrappers
Task flag set to 1: 36/36 wrappers
Epoch 5/5 | Batch 1335/2000 | Step 9335 | BCE 0.207467 | FTC 1.749723 | Total 1.957190
Task flag set to 0: 36/36 wrappers
Task flag set to 1: 36/36 wrappers
Epoch 5/5 | Batch 1336/2000 | Step 9336 | BCE 0.804414 | FTC 1.746664 | Total 2.551078
Task flag set to 0: 36/36 wrappers
Task flag set to 1: 36/36 wrappers
Epoch 5/5 | Batch 1337/2000 | Step 9337 | BCE 0.873189 | FTC 1.850776 | Total 2.723965
Task flag set to 0: 36/36 wrappers
Task flag set to 1: 36/36 wrappers
Epoch 5/5 | Batch 1338/2000 | Step 9338 | BCE 0.117876 | FTC 1.288519 | Total 1.406395
Task flag set to 0: 36/36 wrappers
Task flag set to 1: 36/36 wrappers
Epoch 5/5 | Batch 1339/2000 | Step 9339 | BCE 0.365172 | FTC 1.582387 | Total 1.947559
Task flag set to 0: 36/36 wrappers
Task flag set to 1: 36/36 wrappers
Epoch 5/5 | Batch 1340/2000 | Step 9340 | BCE 0.892234 | FTC 2.057055 | Total 2.949290
Task flag set to 0: 36/36 wrappers
Task flag set to 1: 36/36 wrappers
Epoch 5/5 | Batch 1341/2000 | Step 9341 | BCE 0.143288 | FTC 0.142098 | Total 0.285386
Task flag set to 0: 36/36 wrappers
Task flag set to 1: 36/36 wrappers
Epoch 5/5 | Batch 1342/2000 | Step 9342 | BCE 0.217508 | FTC 1.720808 | Total 1.938316
Task flag set to 0: 36/36 wrappers
Task flag set to 1: 36/36 wrappers
Epoch 5/5 | Batch 1343/2000 | Step 9343 | BCE 0.143848 | FTC 1.735744 | Total 1.879592
Task flag set to 0: 36/36 wrappers
Task flag set to 1: 36/36 wrappers
Epoch 5/5 | Batch 1344/2000 | Step 9344 | BCE 0.200425 | FTC 1.492831 | Total 1.693255
Task flag set to 0: 36/36 wrappers
Task flag set to 1: 36/36 wrappers
Epoch 5/5 | Batch 1345/2000 | Step 9345 | BCE 0.324415 | FTC 1.551036 | Total 1.875451
Task flag set to 0: 36/36 wrappers
Task flag set to 1: 36/36 wrappers
Epoch 5/5 | Batch 1346/2000 | Step 9346 | BCE 0.144592 | FTC 1.790860 | Total 1.935452
Task flag set to 0: 36/36 wrappers
Task flag set to 1: 36/36 wrappers
Epoch 5/5 | Batch 1347/2000 | Step 9347 | BCE 0.340582 | FTC 1.448909 | Total 1.789491
Task flag set to 0: 36/36 wrappers
Task flag set to 1: 36/36 wrappers
Epoch 5/5 | Batch 1348/2000 | Step 9348 | BCE 0.508293 | FTC 0.518230 | Total 1.026524
Task flag set to 0: 36/36 wrappers
Task flag set to 1: 36/36 wrappers
Epoch 5/5 | Batch 1349/2000 | Step 9349 | BCE 1.162420 | FTC 1.555233 | Total 2.717652
Task flag set to 0: 36/36 wrappers
Task flag set to 1: 36/36 wrappers
Epoch 5/5 | Batch 1350/2000 | Step 9350 | BCE 0.126477 | FTC 1.393893 | Total 1.520370
Task flag set to 0: 36/36 wrappers
Task flag set to 1: 36/36 wrappers
Epoch 5/5 | Batch 1351/2000 | Step 9351 | BCE 1.682746 | FTC 1.805743 | Total 3.488489
Task flag set to 0: 36/36 wrappers
Task flag set to 1: 36/36 wrappers
Epoch 5/5 | Batch 1352/2000 | Step 9352 | BCE 0.198130 | FTC 1.486679 | Total 1.684808
Task flag set to 0: 36/36 wrappers
Task flag set to 1: 36/36 wrappers
Epoch 5/5 | Batch 1353/2000 | Step 9353 | BCE 0.976229 | FTC 1.604332 | Total 2.580561
Task flag set to 0: 36/36 wrappers
Task flag set to 1: 36/36 wrappers
Epoch 5/5 | Batch 1354/2000 | Step 9354 | BCE 0.601188 | FTC 2.214006 | Total 2.815194
Task flag set to 0: 36/36 wrappers
Task flag set to 1: 36/36 wrappers
Epoch 5/5 | Batch 1355/2000 | Step 9355 | BCE 0.642163 | FTC 1.158378 | Total 1.800542
Task flag set to 0: 36/36 wrappers
Task flag set to 1: 36/36 wrappers
Epoch 5/5 | Batch 1356/2000 | Step 9356 | BCE 0.320139 | FTC 1.190480 | Total 1.510620
Task flag set to 0: 36/36 wrappers
Task flag set to 1: 36/36 wrappers
Epoch 5/5 | Batch 1357/2000 | Step 9357 | BCE 0.116324 | FTC 1.650800 | Total 1.767124
Task flag set to 0: 36/36 wrappers
Task flag set to 1: 36/36 wrappers
Epoch 5/5 | Batch 1358/2000 | Step 9358 | BCE 0.148819 | FTC 1.714366 | Total 1.863186
Task flag set to 0: 36/36 wrappers
Task flag set to 1: 36/36 wrappers
Epoch 5/5 | Batch 1359/2000 | Step 9359 | BCE 0.269922 | FTC 1.669255 | Total 1.939178
Task flag set to 0: 36/36 wrappers
Task flag set to 1: 36/36 wrappers
Epoch 5/5 | Batch 1360/2000 | Step 9360 | BCE 0.227962 | FTC 1.816219 | Total 2.044181
Task flag set to 0: 36/36 wrappers
Task flag set to 1: 36/36 wrappers
Epoch 5/5 | Batch 1361/2000 | Step 9361 | BCE 0.630955 | FTC 2.268499 | Total 2.899453
Task flag set to 0: 36/36 wrappers
Task flag set to 1: 36/36 wrappers
Epoch 5/5 | Batch 1362/2000 | Step 9362 | BCE 0.354575 | FTC 1.134661 | Total 1.489236
Task flag set to 0: 36/36 wrappers
Task flag set to 1: 36/36 wrappers
Epoch 5/5 | Batch 1363/2000 | Step 9363 | BCE 0.321013 | FTC 1.024058 | Total 1.345072
Task flag set to 0: 36/36 wrappers
Task flag set to 1: 36/36 wrappers
Epoch 5/5 | Batch 1364/2000 | Step 9364 | BCE 0.501596 | FTC 1.583923 | Total 2.085519
Task flag set to 0: 36/36 wrappers
Task flag set to 1: 36/36 wrappers
Epoch 5/5 | Batch 1365/2000 | Step 9365 | BCE 0.250375 | FTC 0.859624 | Total 1.109998
Task flag set to 0: 36/36 wrappers
Task flag set to 1: 36/36 wrappers
Epoch 5/5 | Batch 1366/2000 | Step 9366 | BCE 0.241174 | FTC 2.079380 | Total 2.320554
Task flag set to 0: 36/36 wrappers
Task flag set to 1: 36/36 wrappers
Epoch 5/5 | Batch 1367/2000 | Step 9367 | BCE 0.390886 | FTC 1.776302 | Total 2.167188
Task flag set to 0: 36/36 wrappers
Task flag set to 1: 36/36 wrappers
Epoch 5/5 | Batch 1368/2000 | Step 9368 | BCE 0.035062 | FTC 1.771462 | Total 1.806524
Task flag set to 0: 36/36 wrappers
Task flag set to 1: 36/36 wrappers
Epoch 5/5 | Batch 1369/2000 | Step 9369 | BCE 0.305467 | FTC 1.716552 | Total 2.022019
Task flag set to 0: 36/36 wrappers
Task flag set to 1: 36/36 wrappers
Epoch 5/5 | Batch 1370/2000 | Step 9370 | BCE 0.059691 | FTC 1.750942 | Total 1.810633
Task flag set to 0: 36/36 wrappers
Task flag set to 1: 36/36 wrappers
Epoch 5/5 | Batch 1371/2000 | Step 9371 | BCE 1.242156 | FTC 1.674097 | Total 2.916253
Task flag set to 0: 36/36 wrappers
Task flag set to 1: 36/36 wrappers
Epoch 5/5 | Batch 1372/2000 | Step 9372 | BCE 0.303921 | FTC 1.507944 | Total 1.811865
Task flag set to 0: 36/36 wrappers
Task flag set to 1: 36/36 wrappers
Epoch 5/5 | Batch 1373/2000 | Step 9373 | BCE 0.609237 | FTC 1.342858 | Total 1.952095
Task flag set to 0: 36/36 wrappers
Task flag set to 1: 36/36 wrappers
Epoch 5/5 | Batch 1374/2000 | Step 9374 | BCE 1.280819 | FTC 1.829246 | Total 3.110065
Task flag set to 0: 36/36 wrappers
Task flag set to 1: 36/36 wrappers
Epoch 5/5 | Batch 1375/2000 | Step 9375 | BCE 0.671093 | FTC 1.365532 | Total 2.036625
Task flag set to 0: 36/36 wrappers
Task flag set to 1: 36/36 wrappers
Epoch 5/5 | Batch 1376/2000 | Step 9376 | BCE 0.129534 | FTC 1.691176 | Total 1.820710
Task flag set to 0: 36/36 wrappers
Task flag set to 1: 36/36 wrappers
Epoch 5/5 | Batch 1377/2000 | Step 9377 | BCE 0.467816 | FTC 1.729540 | Total 2.197356
Task flag set to 0: 36/36 wrappers
Task flag set to 1: 36/36 wrappers
Epoch 5/5 | Batch 1378/2000 | Step 9378 | BCE 0.012865 | FTC 1.499822 | Total 1.512686
Task flag set to 0: 36/36 wrappers
Task flag set to 1: 36/36 wrappers
Epoch 5/5 | Batch 1379/2000 | Step 9379 | BCE 0.161006 | FTC 1.468240 | Total 1.629245
Task flag set to 0: 36/36 wrappers
Task flag set to 1: 36/36 wrappers
Epoch 5/5 | Batch 1380/2000 | Step 9380 | BCE 0.801418 | FTC 0.626251 | Total 1.427670
Task flag set to 0: 36/36 wrappers
Task flag set to 1: 36/36 wrappers
Epoch 5/5 | Batch 1381/2000 | Step 9381 | BCE 0.061781 | FTC 1.436377 | Total 1.498159
Task flag set to 0: 36/36 wrappers
Task flag set to 1: 36/36 wrappers
Epoch 5/5 | Batch 1382/2000 | Step 9382 | BCE 0.153488 | FTC 1.818321 | Total 1.971810
Task flag set to 0: 36/36 wrappers
Task flag set to 1: 36/36 wrappers
Epoch 5/5 | Batch 1383/2000 | Step 9383 | BCE 0.074060 | FTC 1.470548 | Total 1.544608
Task flag set to 0: 36/36 wrappers
Task flag set to 1: 36/36 wrappers
Epoch 5/5 | Batch 1384/2000 | Step 9384 | BCE 0.117721 | FTC 1.502913 | Total 1.620633
Task flag set to 0: 36/36 wrappers
Task flag set to 1: 36/36 wrappers
Epoch 5/5 | Batch 1385/2000 | Step 9385 | BCE 0.094790 | FTC 1.531785 | Total 1.626575
Task flag set to 0: 36/36 wrappers
Task flag set to 1: 36/36 wrappers
Epoch 5/5 | Batch 1386/2000 | Step 9386 | BCE 0.109439 | FTC 1.298905 | Total 1.408344
Task flag set to 0: 36/36 wrappers
Task flag set to 1: 36/36 wrappers
Epoch 5/5 | Batch 1387/2000 | Step 9387 | BCE 0.270635 | FTC 1.239748 | Total 1.510383
Task flag set to 0: 36/36 wrappers
Task flag set to 1: 36/36 wrappers
Epoch 5/5 | Batch 1388/2000 | Step 9388 | BCE 0.025364 | FTC 1.654350 | Total 1.679715
Task flag set to 0: 36/36 wrappers
Task flag set to 1: 36/36 wrappers
Epoch 5/5 | Batch 1389/2000 | Step 9389 | BCE 0.024420 | FTC 1.974615 | Total 1.999034
Task flag set to 0: 36/36 wrappers
Task flag set to 1: 36/36 wrappers
Epoch 5/5 | Batch 1390/2000 | Step 9390 | BCE 1.327210 | FTC 2.039319 | Total 3.366529
Task flag set to 0: 36/36 wrappers
Task flag set to 1: 36/36 wrappers
Epoch 5/5 | Batch 1391/2000 | Step 9391 | BCE 0.411267 | FTC 1.267159 | Total 1.678426
Task flag set to 0: 36/36 wrappers
Task flag set to 1: 36/36 wrappers
Epoch 5/5 | Batch 1392/2000 | Step 9392 | BCE 1.088426 | FTC 1.149459 | Total 2.237885
Task flag set to 0: 36/36 wrappers
Task flag set to 1: 36/36 wrappers
Epoch 5/5 | Batch 1393/2000 | Step 9393 | BCE 0.527046 | FTC 1.240896 | Total 1.767942
Task flag set to 0: 36/36 wrappers
Task flag set to 1: 36/36 wrappers
Epoch 5/5 | Batch 1394/2000 | Step 9394 | BCE 0.181946 | FTC 1.598878 | Total 1.780824
Task flag set to 0: 36/36 wrappers
Task flag set to 1: 36/36 wrappers
Epoch 5/5 | Batch 1395/2000 | Step 9395 | BCE 0.073409 | FTC 1.799606 | Total 1.873015
Task flag set to 0: 36/36 wrappers
Task flag set to 1: 36/36 wrappers
Epoch 5/5 | Batch 1396/2000 | Step 9396 | BCE 0.229635 | FTC 1.618252 | Total 1.847887
Task flag set to 0: 36/36 wrappers
Task flag set to 1: 36/36 wrappers
Epoch 5/5 | Batch 1397/2000 | Step 9397 | BCE 0.708761 | FTC 1.611438 | Total 2.320199
Task flag set to 0: 36/36 wrappers
Task flag set to 1: 36/36 wrappers
Epoch 5/5 | Batch 1398/2000 | Step 9398 | BCE 0.026098 | FTC 1.487192 | Total 1.513290
Task flag set to 0: 36/36 wrappers
Task flag set to 1: 36/36 wrappers
Epoch 5/5 | Batch 1399/2000 | Step 9399 | BCE 0.057014 | FTC 1.573250 | Total 1.630264
Task flag set to 0: 36/36 wrappers
Task flag set to 1: 36/36 wrappers
Epoch 5/5 | Batch 1400/2000 | Step 9400 | BCE 1.168164 | FTC 2.003927 | Total 3.172091
Task flag set to 0: 36/36 wrappers
Task flag set to 1: 36/36 wrappers
Epoch 5/5 | Batch 1401/2000 | Step 9401 | BCE 0.406961 | FTC 1.380635 | Total 1.787596
Task flag set to 0: 36/36 wrappers
Task flag set to 1: 36/36 wrappers
Epoch 5/5 | Batch 1402/2000 | Step 9402 | BCE 0.017737 | FTC 1.387998 | Total 1.405736
Task flag set to 0: 36/36 wrappers
Task flag set to 1: 36/36 wrappers
Epoch 5/5 | Batch 1403/2000 | Step 9403 | BCE 0.058550 | FTC 1.217878 | Total 1.276429
Task flag set to 0: 36/36 wrappers
Task flag set to 1: 36/36 wrappers
Epoch 5/5 | Batch 1404/2000 | Step 9404 | BCE 0.235519 | FTC 1.181257 | Total 1.416776
Task flag set to 0: 36/36 wrappers
Task flag set to 1: 36/36 wrappers
Epoch 5/5 | Batch 1405/2000 | Step 9405 | BCE 0.303805 | FTC 1.504577 | Total 1.808383
Task flag set to 0: 36/36 wrappers
Task flag set to 1: 36/36 wrappers
Epoch 5/5 | Batch 1406/2000 | Step 9406 | BCE 0.224897 | FTC 1.246492 | Total 1.471388
Task flag set to 0: 36/36 wrappers
Task flag set to 1: 36/36 wrappers
Epoch 5/5 | Batch 1407/2000 | Step 9407 | BCE 0.951413 | FTC 2.090658 | Total 3.042071
Task flag set to 0: 36/36 wrappers
Task flag set to 1: 36/36 wrappers
Epoch 5/5 | Batch 1408/2000 | Step 9408 | BCE 0.078111 | FTC 1.339187 | Total 1.417298
Task flag set to 0: 36/36 wrappers
Task flag set to 1: 36/36 wrappers
Epoch 5/5 | Batch 1409/2000 | Step 9409 | BCE 0.556594 | FTC 1.265923 | Total 1.822516
Task flag set to 0: 36/36 wrappers
Task flag set to 1: 36/36 wrappers
Epoch 5/5 | Batch 1410/2000 | Step 9410 | BCE 0.674145 | FTC 1.346399 | Total 2.020544
Task flag set to 0: 36/36 wrappers
Task flag set to 1: 36/36 wrappers
Epoch 5/5 | Batch 1411/2000 | Step 9411 | BCE 0.374109 | FTC 1.308384 | Total 1.682493
Task flag set to 0: 36/36 wrappers
Task flag set to 1: 36/36 wrappers
Epoch 5/5 | Batch 1412/2000 | Step 9412 | BCE 0.292989 | FTC 1.229904 | Total 1.522892
Task flag set to 0: 36/36 wrappers
Task flag set to 1: 36/36 wrappers
Epoch 5/5 | Batch 1413/2000 | Step 9413 | BCE 0.821999 | FTC 1.645920 | Total 2.467918
Task flag set to 0: 36/36 wrappers
Task flag set to 1: 36/36 wrappers
Epoch 5/5 | Batch 1414/2000 | Step 9414 | BCE 0.221277 | FTC 1.102424 | Total 1.323701
Task flag set to 0: 36/36 wrappers
Task flag set to 1: 36/36 wrappers
Epoch 5/5 | Batch 1415/2000 | Step 9415 | BCE 0.018804 | FTC 1.584698 | Total 1.603502
Task flag set to 0: 36/36 wrappers
Task flag set to 1: 36/36 wrappers
Epoch 5/5 | Batch 1416/2000 | Step 9416 | BCE 0.396386 | FTC 2.042454 | Total 2.438839
Task flag set to 0: 36/36 wrappers
Task flag set to 1: 36/36 wrappers
Epoch 5/5 | Batch 1417/2000 | Step 9417 | BCE 0.551656 | FTC 0.539720 | Total 1.091377
Task flag set to 0: 36/36 wrappers
Task flag set to 1: 36/36 wrappers
Epoch 5/5 | Batch 1418/2000 | Step 9418 | BCE 0.228419 | FTC 0.922699 | Total 1.151118
Task flag set to 0: 36/36 wrappers
Task flag set to 1: 36/36 wrappers
Epoch 5/5 | Batch 1419/2000 | Step 9419 | BCE 0.568427 | FTC 1.151936 | Total 1.720364
Task flag set to 0: 36/36 wrappers
Task flag set to 1: 36/36 wrappers
Epoch 5/5 | Batch 1420/2000 | Step 9420 | BCE 0.358391 | FTC 1.095842 | Total 1.454233
Task flag set to 0: 36/36 wrappers
Task flag set to 1: 36/36 wrappers
Epoch 5/5 | Batch 1421/2000 | Step 9421 | BCE 0.146522 | FTC 1.407652 | Total 1.554174
Task flag set to 0: 36/36 wrappers
Task flag set to 1: 36/36 wrappers
Epoch 5/5 | Batch 1422/2000 | Step 9422 | BCE 0.660006 | FTC 2.269272 | Total 2.929278
Task flag set to 0: 36/36 wrappers
Task flag set to 1: 36/36 wrappers
Epoch 5/5 | Batch 1423/2000 | Step 9423 | BCE 0.236905 | FTC 1.632622 | Total 1.869527
Task flag set to 0: 36/36 wrappers
Task flag set to 1: 36/36 wrappers
Epoch 5/5 | Batch 1424/2000 | Step 9424 | BCE 0.603819 | FTC 1.235149 | Total 1.838968
Task flag set to 0: 36/36 wrappers
Task flag set to 1: 36/36 wrappers
Epoch 5/5 | Batch 1425/2000 | Step 9425 | BCE 0.700011 | FTC 1.993977 | Total 2.693988
Task flag set to 0: 36/36 wrappers
Task flag set to 1: 36/36 wrappers
Epoch 5/5 | Batch 1426/2000 | Step 9426 | BCE 0.230048 | FTC 0.827938 | Total 1.057986
Task flag set to 0: 36/36 wrappers
Task flag set to 1: 36/36 wrappers
Epoch 5/5 | Batch 1427/2000 | Step 9427 | BCE 0.095662 | FTC 1.631064 | Total 1.726727
Task flag set to 0: 36/36 wrappers
Task flag set to 1: 36/36 wrappers
Epoch 5/5 | Batch 1428/2000 | Step 9428 | BCE 0.687188 | FTC 1.491760 | Total 2.178948
Task flag set to 0: 36/36 wrappers
Task flag set to 1: 36/36 wrappers
Epoch 5/5 | Batch 1429/2000 | Step 9429 | BCE 0.743288 | FTC 1.792359 | Total 2.535648
Task flag set to 0: 36/36 wrappers
Task flag set to 1: 36/36 wrappers
Epoch 5/5 | Batch 1430/2000 | Step 9430 | BCE 0.313963 | FTC 1.745736 | Total 2.059699
Task flag set to 0: 36/36 wrappers
Task flag set to 1: 36/36 wrappers
Epoch 5/5 | Batch 1431/2000 | Step 9431 | BCE 0.282971 | FTC 1.697507 | Total 1.980478
Task flag set to 0: 36/36 wrappers
Task flag set to 1: 36/36 wrappers
Epoch 5/5 | Batch 1432/2000 | Step 9432 | BCE 0.562860 | FTC 1.864780 | Total 2.427640
Task flag set to 0: 36/36 wrappers
Task flag set to 1: 36/36 wrappers
Epoch 5/5 | Batch 1433/2000 | Step 9433 | BCE 0.221035 | FTC 1.759946 | Total 1.980981
Task flag set to 0: 36/36 wrappers
Task flag set to 1: 36/36 wrappers
Epoch 5/5 | Batch 1434/2000 | Step 9434 | BCE 0.247832 | FTC 1.327248 | Total 1.575080
Task flag set to 0: 36/36 wrappers
Task flag set to 1: 36/36 wrappers
Epoch 5/5 | Batch 1435/2000 | Step 9435 | BCE 0.052857 | FTC 1.275796 | Total 1.328653
Task flag set to 0: 36/36 wrappers
Task flag set to 1: 36/36 wrappers
Epoch 5/5 | Batch 1436/2000 | Step 9436 | BCE 0.307416 | FTC 1.717514 | Total 2.024930
Task flag set to 0: 36/36 wrappers
Task flag set to 1: 36/36 wrappers
Epoch 5/5 | Batch 1437/2000 | Step 9437 | BCE 0.046798 | FTC 1.359992 | Total 1.406790
Task flag set to 0: 36/36 wrappers
Task flag set to 1: 36/36 wrappers
Epoch 5/5 | Batch 1438/2000 | Step 9438 | BCE 0.054287 | FTC 1.351839 | Total 1.406126
Task flag set to 0: 36/36 wrappers
Task flag set to 1: 36/36 wrappers
Epoch 5/5 | Batch 1439/2000 | Step 9439 | BCE 0.052315 | FTC 1.568427 | Total 1.620742
Task flag set to 0: 36/36 wrappers
Task flag set to 1: 36/36 wrappers
Epoch 5/5 | Batch 1440/2000 | Step 9440 | BCE 0.448209 | FTC 1.605886 | Total 2.054095
Task flag set to 0: 36/36 wrappers
Task flag set to 1: 36/36 wrappers
Epoch 5/5 | Batch 1441/2000 | Step 9441 | BCE 0.867853 | FTC 1.265211 | Total 2.133064
Task flag set to 0: 36/36 wrappers
Task flag set to 1: 36/36 wrappers
Epoch 5/5 | Batch 1442/2000 | Step 9442 | BCE 0.239267 | FTC 1.120499 | Total 1.359766
Task flag set to 0: 36/36 wrappers
Task flag set to 1: 36/36 wrappers
Epoch 5/5 | Batch 1443/2000 | Step 9443 | BCE 0.189561 | FTC 1.683147 | Total 1.872708
Task flag set to 0: 36/36 wrappers
Task flag set to 1: 36/36 wrappers
Epoch 5/5 | Batch 1444/2000 | Step 9444 | BCE 0.159315 | FTC 1.443534 | Total 1.602848
Task flag set to 0: 36/36 wrappers
Task flag set to 1: 36/36 wrappers
Epoch 5/5 | Batch 1445/2000 | Step 9445 | BCE 1.050078 | FTC 0.988766 | Total 2.038843
Task flag set to 0: 36/36 wrappers
Task flag set to 1: 36/36 wrappers
Epoch 5/5 | Batch 1446/2000 | Step 9446 | BCE 0.193721 | FTC 1.816072 | Total 2.009793
Task flag set to 0: 36/36 wrappers
Task flag set to 1: 36/36 wrappers
Epoch 5/5 | Batch 1447/2000 | Step 9447 | BCE 0.601815 | FTC 1.666219 | Total 2.268034
Task flag set to 0: 36/36 wrappers
Task flag set to 1: 36/36 wrappers
Epoch 5/5 | Batch 1448/2000 | Step 9448 | BCE 0.181662 | FTC 1.759505 | Total 1.941167
Task flag set to 0: 36/36 wrappers
Task flag set to 1: 36/36 wrappers
Epoch 5/5 | Batch 1449/2000 | Step 9449 | BCE 0.035119 | FTC 1.598312 | Total 1.633431
Task flag set to 0: 36/36 wrappers
Task flag set to 1: 36/36 wrappers
Epoch 5/5 | Batch 1450/2000 | Step 9450 | BCE 0.034165 | FTC 1.445537 | Total 1.479702
Task flag set to 0: 36/36 wrappers
Task flag set to 1: 36/36 wrappers
Epoch 5/5 | Batch 1451/2000 | Step 9451 | BCE 0.742036 | FTC 2.033079 | Total 2.775115
Task flag set to 0: 36/36 wrappers
Task flag set to 1: 36/36 wrappers
Epoch 5/5 | Batch 1452/2000 | Step 9452 | BCE 0.457706 | FTC 1.229545 | Total 1.687250
Task flag set to 0: 36/36 wrappers
Task flag set to 1: 36/36 wrappers
Epoch 5/5 | Batch 1453/2000 | Step 9453 | BCE 0.167258 | FTC 1.607088 | Total 1.774346
Task flag set to 0: 36/36 wrappers
Task flag set to 1: 36/36 wrappers
Epoch 5/5 | Batch 1454/2000 | Step 9454 | BCE 0.057041 | FTC 1.539448 | Total 1.596490
Task flag set to 0: 36/36 wrappers
Task flag set to 1: 36/36 wrappers
Epoch 5/5 | Batch 1455/2000 | Step 9455 | BCE 0.013020 | FTC 1.112610 | Total 1.125630
Task flag set to 0: 36/36 wrappers
Task flag set to 1: 36/36 wrappers
Epoch 5/5 | Batch 1456/2000 | Step 9456 | BCE 0.830222 | FTC 1.638663 | Total 2.468885
Task flag set to 0: 36/36 wrappers
Task flag set to 1: 36/36 wrappers
Epoch 5/5 | Batch 1457/2000 | Step 9457 | BCE 0.939828 | FTC 1.080738 | Total 2.020566
Task flag set to 0: 36/36 wrappers
Task flag set to 1: 36/36 wrappers
Epoch 5/5 | Batch 1458/2000 | Step 9458 | BCE 0.579006 | FTC 1.242981 | Total 1.821987
Task flag set to 0: 36/36 wrappers
Task flag set to 1: 36/36 wrappers
Epoch 5/5 | Batch 1459/2000 | Step 9459 | BCE 0.232929 | FTC 1.509636 | Total 1.742564
Task flag set to 0: 36/36 wrappers
Task flag set to 1: 36/36 wrappers
Epoch 5/5 | Batch 1460/2000 | Step 9460 | BCE 1.224172 | FTC 0.758896 | Total 1.983069
Task flag set to 0: 36/36 wrappers
Task flag set to 1: 36/36 wrappers
Epoch 5/5 | Batch 1461/2000 | Step 9461 | BCE 0.488981 | FTC 0.881361 | Total 1.370342
Task flag set to 0: 36/36 wrappers
Task flag set to 1: 36/36 wrappers
Epoch 5/5 | Batch 1462/2000 | Step 9462 | BCE 0.355382 | FTC 1.896930 | Total 2.252313
Task flag set to 0: 36/36 wrappers
Task flag set to 1: 36/36 wrappers
Epoch 5/5 | Batch 1463/2000 | Step 9463 | BCE 0.038838 | FTC 1.519209 | Total 1.558046
Task flag set to 0: 36/36 wrappers
Task flag set to 1: 36/36 wrappers
Epoch 5/5 | Batch 1464/2000 | Step 9464 | BCE 0.323561 | FTC 1.028763 | Total 1.352325
Task flag set to 0: 36/36 wrappers
Task flag set to 1: 36/36 wrappers
Epoch 5/5 | Batch 1465/2000 | Step 9465 | BCE 0.295209 | FTC 1.342928 | Total 1.638137
Task flag set to 0: 36/36 wrappers
Task flag set to 1: 36/36 wrappers
Epoch 5/5 | Batch 1466/2000 | Step 9466 | BCE 0.569868 | FTC 1.373930 | Total 1.943799
Task flag set to 0: 36/36 wrappers
Task flag set to 1: 36/36 wrappers
Epoch 5/5 | Batch 1467/2000 | Step 9467 | BCE 0.188389 | FTC 1.538890 | Total 1.727278
Task flag set to 0: 36/36 wrappers
Task flag set to 1: 36/36 wrappers
Epoch 5/5 | Batch 1468/2000 | Step 9468 | BCE 0.333914 | FTC 1.719467 | Total 2.053381
Task flag set to 0: 36/36 wrappers
Task flag set to 1: 36/36 wrappers
Epoch 5/5 | Batch 1469/2000 | Step 9469 | BCE 0.230768 | FTC 1.631101 | Total 1.861869
Task flag set to 0: 36/36 wrappers
Task flag set to 1: 36/36 wrappers
Epoch 5/5 | Batch 1470/2000 | Step 9470 | BCE 0.516524 | FTC 1.537992 | Total 2.054516
Task flag set to 0: 36/36 wrappers
Task flag set to 1: 36/36 wrappers
Epoch 5/5 | Batch 1471/2000 | Step 9471 | BCE 0.339607 | FTC 2.002598 | Total 2.342205
Task flag set to 0: 36/36 wrappers
Task flag set to 1: 36/36 wrappers
Epoch 5/5 | Batch 1472/2000 | Step 9472 | BCE 0.281725 | FTC 1.392792 | Total 1.674516
Task flag set to 0: 36/36 wrappers
Task flag set to 1: 36/36 wrappers
Epoch 5/5 | Batch 1473/2000 | Step 9473 | BCE 0.260185 | FTC 1.977006 | Total 2.237190
Task flag set to 0: 36/36 wrappers
Task flag set to 1: 36/36 wrappers
Epoch 5/5 | Batch 1474/2000 | Step 9474 | BCE 0.011827 | FTC 1.684548 | Total 1.696374
Task flag set to 0: 36/36 wrappers
Task flag set to 1: 36/36 wrappers
Epoch 5/5 | Batch 1475/2000 | Step 9475 | BCE 0.098690 | FTC 1.541524 | Total 1.640213
Task flag set to 0: 36/36 wrappers
Task flag set to 1: 36/36 wrappers
Epoch 5/5 | Batch 1476/2000 | Step 9476 | BCE 0.050675 | FTC 1.475438 | Total 1.526114
Task flag set to 0: 36/36 wrappers
Task flag set to 1: 36/36 wrappers
Epoch 5/5 | Batch 1477/2000 | Step 9477 | BCE 0.047848 | FTC 1.561059 | Total 1.608907
Task flag set to 0: 36/36 wrappers
Task flag set to 1: 36/36 wrappers
Epoch 5/5 | Batch 1478/2000 | Step 9478 | BCE 1.199783 | FTC 1.133271 | Total 2.333055
Task flag set to 0: 36/36 wrappers
Task flag set to 1: 36/36 wrappers
Epoch 5/5 | Batch 1479/2000 | Step 9479 | BCE 0.649901 | FTC 1.817521 | Total 2.467422
Task flag set to 0: 36/36 wrappers
Task flag set to 1: 36/36 wrappers
Epoch 5/5 | Batch 1480/2000 | Step 9480 | BCE 0.559305 | FTC 2.075083 | Total 2.634388
Task flag set to 0: 36/36 wrappers
Task flag set to 1: 36/36 wrappers
Epoch 5/5 | Batch 1481/2000 | Step 9481 | BCE 0.042945 | FTC 1.546164 | Total 1.589109
Task flag set to 0: 36/36 wrappers
Task flag set to 1: 36/36 wrappers
Epoch 5/5 | Batch 1482/2000 | Step 9482 | BCE 0.242338 | FTC 0.994195 | Total 1.236534
Task flag set to 0: 36/36 wrappers
Task flag set to 1: 36/36 wrappers
Epoch 5/5 | Batch 1483/2000 | Step 9483 | BCE 0.032927 | FTC 0.789863 | Total 0.822790
Task flag set to 0: 36/36 wrappers
Task flag set to 1: 36/36 wrappers
Epoch 5/5 | Batch 1484/2000 | Step 9484 | BCE 0.494324 | FTC 1.410881 | Total 1.905205
Task flag set to 0: 36/36 wrappers
Task flag set to 1: 36/36 wrappers
Epoch 5/5 | Batch 1485/2000 | Step 9485 | BCE 0.245771 | FTC 1.105836 | Total 1.351607
Task flag set to 0: 36/36 wrappers
Task flag set to 1: 36/36 wrappers
Epoch 5/5 | Batch 1486/2000 | Step 9486 | BCE 0.228423 | FTC 1.192954 | Total 1.421377
Task flag set to 0: 36/36 wrappers
Task flag set to 1: 36/36 wrappers
Epoch 5/5 | Batch 1487/2000 | Step 9487 | BCE 0.073939 | FTC 1.411191 | Total 1.485130
Task flag set to 0: 36/36 wrappers
Task flag set to 1: 36/36 wrappers
Epoch 5/5 | Batch 1488/2000 | Step 9488 | BCE 0.225991 | FTC 2.337941 | Total 2.563933
Task flag set to 0: 36/36 wrappers
Task flag set to 1: 36/36 wrappers
Epoch 5/5 | Batch 1489/2000 | Step 9489 | BCE 0.039668 | FTC 1.360796 | Total 1.400464
Task flag set to 0: 36/36 wrappers
Task flag set to 1: 36/36 wrappers
Epoch 5/5 | Batch 1490/2000 | Step 9490 | BCE 0.155806 | FTC 1.536349 | Total 1.692155
Task flag set to 0: 36/36 wrappers
Task flag set to 1: 36/36 wrappers
Epoch 5/5 | Batch 1491/2000 | Step 9491 | BCE 0.091387 | FTC 1.878795 | Total 1.970182
Task flag set to 0: 36/36 wrappers
Task flag set to 1: 36/36 wrappers
Epoch 5/5 | Batch 1492/2000 | Step 9492 | BCE 0.077790 | FTC 1.473833 | Total 1.551624
Task flag set to 0: 36/36 wrappers
Task flag set to 1: 36/36 wrappers
Epoch 5/5 | Batch 1493/2000 | Step 9493 | BCE 0.223431 | FTC 1.819643 | Total 2.043074
Task flag set to 0: 36/36 wrappers
Task flag set to 1: 36/36 wrappers
Epoch 5/5 | Batch 1494/2000 | Step 9494 | BCE 0.196294 | FTC 1.965139 | Total 2.161433
Task flag set to 0: 36/36 wrappers
Task flag set to 1: 36/36 wrappers
Epoch 5/5 | Batch 1495/2000 | Step 9495 | BCE 0.193757 | FTC 1.110511 | Total 1.304268
Task flag set to 0: 36/36 wrappers
Task flag set to 1: 36/36 wrappers
Epoch 5/5 | Batch 1496/2000 | Step 9496 | BCE 0.246490 | FTC 1.098090 | Total 1.344580
Task flag set to 0: 36/36 wrappers
Task flag set to 1: 36/36 wrappers
Epoch 5/5 | Batch 1497/2000 | Step 9497 | BCE 0.011860 | FTC 1.542908 | Total 1.554768
Task flag set to 0: 36/36 wrappers
Task flag set to 1: 36/36 wrappers
Epoch 5/5 | Batch 1498/2000 | Step 9498 | BCE 0.022179 | FTC 1.828919 | Total 1.851098
Task flag set to 0: 36/36 wrappers
Task flag set to 1: 36/36 wrappers
Epoch 5/5 | Batch 1499/2000 | Step 9499 | BCE 0.069913 | FTC 1.503187 | Total 1.573100
Task flag set to 0: 36/36 wrappers
Task flag set to 1: 36/36 wrappers
Epoch 5/5 | Batch 1500/2000 | Step 9500 | BCE 1.287086 | FTC 1.854879 | Total 3.141965
Task flag set to 0: 36/36 wrappers
Task flag set to 1: 36/36 wrappers
Epoch 5/5 | Batch 1501/2000 | Step 9501 | BCE 0.016601 | FTC 1.346248 | Total 1.362849
Task flag set to 0: 36/36 wrappers
Task flag set to 1: 36/36 wrappers
Epoch 5/5 | Batch 1502/2000 | Step 9502 | BCE 0.117474 | FTC 1.168911 | Total 1.286385
Task flag set to 0: 36/36 wrappers
Task flag set to 1: 36/36 wrappers
Epoch 5/5 | Batch 1503/2000 | Step 9503 | BCE 0.706081 | FTC 1.168487 | Total 1.874568
Task flag set to 0: 36/36 wrappers
Task flag set to 1: 36/36 wrappers
Epoch 5/5 | Batch 1504/2000 | Step 9504 | BCE 0.076805 | FTC 1.586724 | Total 1.663529
Task flag set to 0: 36/36 wrappers
Task flag set to 1: 36/36 wrappers
Epoch 5/5 | Batch 1505/2000 | Step 9505 | BCE 0.543124 | FTC 1.147982 | Total 1.691106
Task flag set to 0: 36/36 wrappers
Task flag set to 1: 36/36 wrappers
Epoch 5/5 | Batch 1506/2000 | Step 9506 | BCE 1.334700 | FTC 2.020190 | Total 3.354891
Task flag set to 0: 36/36 wrappers
Task flag set to 1: 36/36 wrappers
Epoch 5/5 | Batch 1507/2000 | Step 9507 | BCE 1.083942 | FTC 1.431607 | Total 2.515549
Task flag set to 0: 36/36 wrappers
Task flag set to 1: 36/36 wrappers
Epoch 5/5 | Batch 1508/2000 | Step 9508 | BCE 0.021534 | FTC 1.697230 | Total 1.718765
Task flag set to 0: 36/36 wrappers
Task flag set to 1: 36/36 wrappers
Epoch 5/5 | Batch 1509/2000 | Step 9509 | BCE 0.536328 | FTC 1.726606 | Total 2.262934
Task flag set to 0: 36/36 wrappers
Task flag set to 1: 36/36 wrappers
Epoch 5/5 | Batch 1510/2000 | Step 9510 | BCE 0.162731 | FTC 0.907821 | Total 1.070551
Task flag set to 0: 36/36 wrappers
Task flag set to 1: 36/36 wrappers
Epoch 5/5 | Batch 1511/2000 | Step 9511 | BCE 0.129665 | FTC 0.852856 | Total 0.982521
Task flag set to 0: 36/36 wrappers
Task flag set to 1: 36/36 wrappers
Epoch 5/5 | Batch 1512/2000 | Step 9512 | BCE 0.441227 | FTC 1.049077 | Total 1.490303
Task flag set to 0: 36/36 wrappers
Task flag set to 1: 36/36 wrappers
Epoch 5/5 | Batch 1513/2000 | Step 9513 | BCE 0.638683 | FTC 1.277897 | Total 1.916580
Task flag set to 0: 36/36 wrappers
Task flag set to 1: 36/36 wrappers
Epoch 5/5 | Batch 1514/2000 | Step 9514 | BCE 0.435157 | FTC 1.877082 | Total 2.312239
Task flag set to 0: 36/36 wrappers
Task flag set to 1: 36/36 wrappers
Epoch 5/5 | Batch 1515/2000 | Step 9515 | BCE 0.078906 | FTC 1.457350 | Total 1.536256
Task flag set to 0: 36/36 wrappers
Task flag set to 1: 36/36 wrappers
Epoch 5/5 | Batch 1516/2000 | Step 9516 | BCE 0.645462 | FTC 1.953779 | Total 2.599241
Task flag set to 0: 36/36 wrappers
Task flag set to 1: 36/36 wrappers
Epoch 5/5 | Batch 1517/2000 | Step 9517 | BCE 0.191878 | FTC 1.223090 | Total 1.414968
Task flag set to 0: 36/36 wrappers
Task flag set to 1: 36/36 wrappers
Epoch 5/5 | Batch 1518/2000 | Step 9518 | BCE 0.308010 | FTC 0.434353 | Total 0.742364
Task flag set to 0: 36/36 wrappers
Task flag set to 1: 36/36 wrappers
Epoch 5/5 | Batch 1519/2000 | Step 9519 | BCE 0.177032 | FTC 1.746919 | Total 1.923951
Task flag set to 0: 36/36 wrappers
Task flag set to 1: 36/36 wrappers
Epoch 5/5 | Batch 1520/2000 | Step 9520 | BCE 0.550106 | FTC 1.310549 | Total 1.860656
Task flag set to 0: 36/36 wrappers
Task flag set to 1: 36/36 wrappers
Epoch 5/5 | Batch 1521/2000 | Step 9521 | BCE 0.639312 | FTC 2.314150 | Total 2.953462
Task flag set to 0: 36/36 wrappers
Task flag set to 1: 36/36 wrappers
Epoch 5/5 | Batch 1522/2000 | Step 9522 | BCE 0.343244 | FTC 1.837838 | Total 2.181082
Task flag set to 0: 36/36 wrappers
Task flag set to 1: 36/36 wrappers
Epoch 5/5 | Batch 1523/2000 | Step 9523 | BCE 0.241833 | FTC 1.087640 | Total 1.329473
Task flag set to 0: 36/36 wrappers
Task flag set to 1: 36/36 wrappers
Epoch 5/5 | Batch 1524/2000 | Step 9524 | BCE 0.917999 | FTC 1.249614 | Total 2.167614
Task flag set to 0: 36/36 wrappers
Task flag set to 1: 36/36 wrappers
Epoch 5/5 | Batch 1525/2000 | Step 9525 | BCE 0.196317 | FTC 1.595492 | Total 1.791809
Task flag set to 0: 36/36 wrappers
Task flag set to 1: 36/36 wrappers
Epoch 5/5 | Batch 1526/2000 | Step 9526 | BCE 0.458739 | FTC 2.383458 | Total 2.842197
Task flag set to 0: 36/36 wrappers
Task flag set to 1: 36/36 wrappers
Epoch 5/5 | Batch 1527/2000 | Step 9527 | BCE 0.194026 | FTC 1.649991 | Total 1.844017
Task flag set to 0: 36/36 wrappers
Task flag set to 1: 36/36 wrappers
Epoch 5/5 | Batch 1528/2000 | Step 9528 | BCE 0.679791 | FTC 2.217752 | Total 2.897543
Task flag set to 0: 36/36 wrappers
Task flag set to 1: 36/36 wrappers
Epoch 5/5 | Batch 1529/2000 | Step 9529 | BCE 1.072004 | FTC 1.594568 | Total 2.666572
Task flag set to 0: 36/36 wrappers
Task flag set to 1: 36/36 wrappers
Epoch 5/5 | Batch 1530/2000 | Step 9530 | BCE 0.262657 | FTC 1.854610 | Total 2.117267
Task flag set to 0: 36/36 wrappers
Task flag set to 1: 36/36 wrappers
Epoch 5/5 | Batch 1531/2000 | Step 9531 | BCE 0.134559 | FTC 1.979769 | Total 2.114328
Task flag set to 0: 36/36 wrappers
Task flag set to 1: 36/36 wrappers
Epoch 5/5 | Batch 1532/2000 | Step 9532 | BCE 0.284459 | FTC 1.269615 | Total 1.554074
Task flag set to 0: 36/36 wrappers
Task flag set to 1: 36/36 wrappers
Epoch 5/5 | Batch 1533/2000 | Step 9533 | BCE 0.178112 | FTC 1.194225 | Total 1.372337
Task flag set to 0: 36/36 wrappers
Task flag set to 1: 36/36 wrappers
Epoch 5/5 | Batch 1534/2000 | Step 9534 | BCE 0.008519 | FTC 1.289830 | Total 1.298349
Task flag set to 0: 36/36 wrappers
Task flag set to 1: 36/36 wrappers
Epoch 5/5 | Batch 1535/2000 | Step 9535 | BCE 0.044676 | FTC 1.152296 | Total 1.196972
Task flag set to 0: 36/36 wrappers
Task flag set to 1: 36/36 wrappers
Epoch 5/5 | Batch 1536/2000 | Step 9536 | BCE 0.283060 | FTC 1.314231 | Total 1.597291
Task flag set to 0: 36/36 wrappers
Task flag set to 1: 36/36 wrappers
Epoch 5/5 | Batch 1537/2000 | Step 9537 | BCE 0.541142 | FTC 0.994680 | Total 1.535822
Task flag set to 0: 36/36 wrappers
Task flag set to 1: 36/36 wrappers
Epoch 5/5 | Batch 1538/2000 | Step 9538 | BCE 1.098814 | FTC 1.728762 | Total 2.827575
Task flag set to 0: 36/36 wrappers
Task flag set to 1: 36/36 wrappers
Epoch 5/5 | Batch 1539/2000 | Step 9539 | BCE 0.024424 | FTC 1.519473 | Total 1.543897
Task flag set to 0: 36/36 wrappers
Task flag set to 1: 36/36 wrappers
Epoch 5/5 | Batch 1540/2000 | Step 9540 | BCE 0.369244 | FTC 1.420174 | Total 1.789418
Task flag set to 0: 36/36 wrappers
Task flag set to 1: 36/36 wrappers
Epoch 5/5 | Batch 1541/2000 | Step 9541 | BCE 0.058323 | FTC 1.248096 | Total 1.306419
Task flag set to 0: 36/36 wrappers
Task flag set to 1: 36/36 wrappers
Epoch 5/5 | Batch 1542/2000 | Step 9542 | BCE 0.149687 | FTC 1.692905 | Total 1.842592
Task flag set to 0: 36/36 wrappers
Task flag set to 1: 36/36 wrappers
Epoch 5/5 | Batch 1543/2000 | Step 9543 | BCE 0.724866 | FTC 1.075551 | Total 1.800418
Task flag set to 0: 36/36 wrappers
Task flag set to 1: 36/36 wrappers
Epoch 5/5 | Batch 1544/2000 | Step 9544 | BCE 0.516219 | FTC 1.211386 | Total 1.727605
Task flag set to 0: 36/36 wrappers
Task flag set to 1: 36/36 wrappers
Epoch 5/5 | Batch 1545/2000 | Step 9545 | BCE 0.394538 | FTC 1.843227 | Total 2.237766
Task flag set to 0: 36/36 wrappers
Task flag set to 1: 36/36 wrappers
Epoch 5/5 | Batch 1546/2000 | Step 9546 | BCE 0.707894 | FTC 1.642157 | Total 2.350051
Task flag set to 0: 36/36 wrappers
Task flag set to 1: 36/36 wrappers
Epoch 5/5 | Batch 1547/2000 | Step 9547 | BCE 0.022901 | FTC 1.541991 | Total 1.564892
Task flag set to 0: 36/36 wrappers
Task flag set to 1: 36/36 wrappers
Epoch 5/5 | Batch 1548/2000 | Step 9548 | BCE 0.724706 | FTC 1.688477 | Total 2.413183
Task flag set to 0: 36/36 wrappers
Task flag set to 1: 36/36 wrappers
Epoch 5/5 | Batch 1549/2000 | Step 9549 | BCE 0.065710 | FTC 1.502508 | Total 1.568219
Task flag set to 0: 36/36 wrappers
Task flag set to 1: 36/36 wrappers
Epoch 5/5 | Batch 1550/2000 | Step 9550 | BCE 0.244478 | FTC 1.551791 | Total 1.796268
Task flag set to 0: 36/36 wrappers
Task flag set to 1: 36/36 wrappers
Epoch 5/5 | Batch 1551/2000 | Step 9551 | BCE 0.862398 | FTC 1.485373 | Total 2.347772
Task flag set to 0: 36/36 wrappers
Task flag set to 1: 36/36 wrappers
Epoch 5/5 | Batch 1552/2000 | Step 9552 | BCE 0.785140 | FTC 1.505159 | Total 2.290299
Task flag set to 0: 36/36 wrappers
Task flag set to 1: 36/36 wrappers
Epoch 5/5 | Batch 1553/2000 | Step 9553 | BCE 0.102799 | FTC 0.746352 | Total 0.849150
Task flag set to 0: 36/36 wrappers
Task flag set to 1: 36/36 wrappers
Epoch 5/5 | Batch 1554/2000 | Step 9554 | BCE 0.040853 | FTC 1.731555 | Total 1.772408
Task flag set to 0: 36/36 wrappers
Task flag set to 1: 36/36 wrappers
Epoch 5/5 | Batch 1555/2000 | Step 9555 | BCE 0.322744 | FTC 1.491165 | Total 1.813909
Task flag set to 0: 36/36 wrappers
Task flag set to 1: 36/36 wrappers
Epoch 5/5 | Batch 1556/2000 | Step 9556 | BCE 1.144044 | FTC 2.293887 | Total 3.437931
Task flag set to 0: 36/36 wrappers
Task flag set to 1: 36/36 wrappers
Epoch 5/5 | Batch 1557/2000 | Step 9557 | BCE 0.414332 | FTC 2.079172 | Total 2.493504
Task flag set to 0: 36/36 wrappers
Task flag set to 1: 36/36 wrappers
Epoch 5/5 | Batch 1558/2000 | Step 9558 | BCE 0.311566 | FTC 1.210002 | Total 1.521569
Task flag set to 0: 36/36 wrappers
Task flag set to 1: 36/36 wrappers
Epoch 5/5 | Batch 1559/2000 | Step 9559 | BCE 0.117578 | FTC 1.033942 | Total 1.151520
Task flag set to 0: 36/36 wrappers
Task flag set to 1: 36/36 wrappers
Epoch 5/5 | Batch 1560/2000 | Step 9560 | BCE 0.007629 | FTC 1.827909 | Total 1.835538
Task flag set to 0: 36/36 wrappers
Task flag set to 1: 36/36 wrappers
Epoch 5/5 | Batch 1561/2000 | Step 9561 | BCE 1.110372 | FTC 1.498637 | Total 2.609009
Task flag set to 0: 36/36 wrappers
Task flag set to 1: 36/36 wrappers
Epoch 5/5 | Batch 1562/2000 | Step 9562 | BCE 0.498798 | FTC 2.170726 | Total 2.669524
Task flag set to 0: 36/36 wrappers
Task flag set to 1: 36/36 wrappers
Epoch 5/5 | Batch 1563/2000 | Step 9563 | BCE 0.434352 | FTC 1.905402 | Total 2.339755
Task flag set to 0: 36/36 wrappers
Task flag set to 1: 36/36 wrappers
Epoch 5/5 | Batch 1564/2000 | Step 9564 | BCE 0.380411 | FTC 1.507085 | Total 1.887496
Task flag set to 0: 36/36 wrappers
Task flag set to 1: 36/36 wrappers
Epoch 5/5 | Batch 1565/2000 | Step 9565 | BCE 0.180358 | FTC 1.420174 | Total 1.600532
Task flag set to 0: 36/36 wrappers
Task flag set to 1: 36/36 wrappers
Epoch 5/5 | Batch 1566/2000 | Step 9566 | BCE 0.063932 | FTC 1.781631 | Total 1.845563
Task flag set to 0: 36/36 wrappers
Task flag set to 1: 36/36 wrappers
Epoch 5/5 | Batch 1567/2000 | Step 9567 | BCE 0.153482 | FTC 1.778307 | Total 1.931790
Task flag set to 0: 36/36 wrappers
Task flag set to 1: 36/36 wrappers
Epoch 5/5 | Batch 1568/2000 | Step 9568 | BCE 0.383544 | FTC 1.689917 | Total 2.073461
Task flag set to 0: 36/36 wrappers
Task flag set to 1: 36/36 wrappers
Epoch 5/5 | Batch 1569/2000 | Step 9569 | BCE 1.066614 | FTC 0.776378 | Total 1.842991
Task flag set to 0: 36/36 wrappers
Task flag set to 1: 36/36 wrappers
Epoch 5/5 | Batch 1570/2000 | Step 9570 | BCE 0.205311 | FTC 0.973961 | Total 1.179272
Task flag set to 0: 36/36 wrappers
Task flag set to 1: 36/36 wrappers
Epoch 5/5 | Batch 1571/2000 | Step 9571 | BCE 0.645744 | FTC 1.104891 | Total 1.750635
Task flag set to 0: 36/36 wrappers
Task flag set to 1: 36/36 wrappers
Epoch 5/5 | Batch 1572/2000 | Step 9572 | BCE 0.323564 | FTC 1.658714 | Total 1.982278
Task flag set to 0: 36/36 wrappers
Task flag set to 1: 36/36 wrappers
Epoch 5/5 | Batch 1573/2000 | Step 9573 | BCE 0.014767 | FTC 1.398632 | Total 1.413399
Task flag set to 0: 36/36 wrappers
Task flag set to 1: 36/36 wrappers
Epoch 5/5 | Batch 1574/2000 | Step 9574 | BCE 0.218953 | FTC 0.923300 | Total 1.142253
Task flag set to 0: 36/36 wrappers
Task flag set to 1: 36/36 wrappers
Epoch 5/5 | Batch 1575/2000 | Step 9575 | BCE 0.006067 | FTC 1.637045 | Total 1.643111
Task flag set to 0: 36/36 wrappers
Task flag set to 1: 36/36 wrappers
Epoch 5/5 | Batch 1576/2000 | Step 9576 | BCE 0.084765 | FTC 1.448284 | Total 1.533049
Task flag set to 0: 36/36 wrappers
Task flag set to 1: 36/36 wrappers
Epoch 5/5 | Batch 1577/2000 | Step 9577 | BCE 0.011560 | FTC 1.255193 | Total 1.266753
Task flag set to 0: 36/36 wrappers
Task flag set to 1: 36/36 wrappers
Epoch 5/5 | Batch 1578/2000 | Step 9578 | BCE 0.089218 | FTC 1.998546 | Total 2.087764
Task flag set to 0: 36/36 wrappers
Task flag set to 1: 36/36 wrappers
Epoch 5/5 | Batch 1579/2000 | Step 9579 | BCE 0.634474 | FTC 1.165993 | Total 1.800467
Task flag set to 0: 36/36 wrappers
Task flag set to 1: 36/36 wrappers
Epoch 5/5 | Batch 1580/2000 | Step 9580 | BCE 0.081256 | FTC 1.665303 | Total 1.746558
Task flag set to 0: 36/36 wrappers
Task flag set to 1: 36/36 wrappers
Epoch 5/5 | Batch 1581/2000 | Step 9581 | BCE 0.083016 | FTC 1.895905 | Total 1.978922
Task flag set to 0: 36/36 wrappers
Task flag set to 1: 36/36 wrappers
Epoch 5/5 | Batch 1582/2000 | Step 9582 | BCE 0.018276 | FTC 1.393696 | Total 1.411972
Task flag set to 0: 36/36 wrappers
Task flag set to 1: 36/36 wrappers
Epoch 5/5 | Batch 1583/2000 | Step 9583 | BCE 0.144857 | FTC 1.434799 | Total 1.579656
Task flag set to 0: 36/36 wrappers
Task flag set to 1: 36/36 wrappers
Epoch 5/5 | Batch 1584/2000 | Step 9584 | BCE 0.055715 | FTC 1.320591 | Total 1.376306
Task flag set to 0: 36/36 wrappers
Task flag set to 1: 36/36 wrappers
Epoch 5/5 | Batch 1585/2000 | Step 9585 | BCE 0.046591 | FTC 1.732497 | Total 1.779089
Task flag set to 0: 36/36 wrappers
Task flag set to 1: 36/36 wrappers
Epoch 5/5 | Batch 1586/2000 | Step 9586 | BCE 0.090923 | FTC 1.392435 | Total 1.483358
Task flag set to 0: 36/36 wrappers
Task flag set to 1: 36/36 wrappers
Epoch 5/5 | Batch 1587/2000 | Step 9587 | BCE 1.401480 | FTC 1.695830 | Total 3.097310
Task flag set to 0: 36/36 wrappers
Task flag set to 1: 36/36 wrappers
Epoch 5/5 | Batch 1588/2000 | Step 9588 | BCE 0.015023 | FTC 1.611156 | Total 1.626178
Task flag set to 0: 36/36 wrappers
Task flag set to 1: 36/36 wrappers
Epoch 5/5 | Batch 1589/2000 | Step 9589 | BCE 0.034173 | FTC 1.555822 | Total 1.589995
Task flag set to 0: 36/36 wrappers
Task flag set to 1: 36/36 wrappers
Epoch 5/5 | Batch 1590/2000 | Step 9590 | BCE 0.086141 | FTC 1.222784 | Total 1.308925
Task flag set to 0: 36/36 wrappers
Task flag set to 1: 36/36 wrappers
Epoch 5/5 | Batch 1591/2000 | Step 9591 | BCE 1.305853 | FTC 2.204653 | Total 3.510506
Task flag set to 0: 36/36 wrappers
Task flag set to 1: 36/36 wrappers
Epoch 5/5 | Batch 1592/2000 | Step 9592 | BCE 0.038061 | FTC 1.495255 | Total 1.533316
Task flag set to 0: 36/36 wrappers
Task flag set to 1: 36/36 wrappers
Epoch 5/5 | Batch 1593/2000 | Step 9593 | BCE 0.364140 | FTC 1.115786 | Total 1.479927
Task flag set to 0: 36/36 wrappers
Task flag set to 1: 36/36 wrappers
Epoch 5/5 | Batch 1594/2000 | Step 9594 | BCE 0.070581 | FTC 1.537840 | Total 1.608421
Task flag set to 0: 36/36 wrappers
Task flag set to 1: 36/36 wrappers
Epoch 5/5 | Batch 1595/2000 | Step 9595 | BCE 0.047156 | FTC 1.521296 | Total 1.568452
Task flag set to 0: 36/36 wrappers
Task flag set to 1: 36/36 wrappers
Epoch 5/5 | Batch 1596/2000 | Step 9596 | BCE 0.054563 | FTC 1.675311 | Total 1.729874
Task flag set to 0: 36/36 wrappers
Task flag set to 1: 36/36 wrappers
Epoch 5/5 | Batch 1597/2000 | Step 9597 | BCE 0.035801 | FTC 1.345444 | Total 1.381245
Task flag set to 0: 36/36 wrappers
Task flag set to 1: 36/36 wrappers
Epoch 5/5 | Batch 1598/2000 | Step 9598 | BCE 0.030429 | FTC 1.468624 | Total 1.499053
Task flag set to 0: 36/36 wrappers
Task flag set to 1: 36/36 wrappers
Epoch 5/5 | Batch 1599/2000 | Step 9599 | BCE 0.016613 | FTC 1.445850 | Total 1.462463
Task flag set to 0: 36/36 wrappers
Task flag set to 1: 36/36 wrappers
Epoch 5/5 | Batch 1600/2000 | Step 9600 | BCE 0.020743 | FTC 1.526867 | Total 1.547610
Task flag set to 0: 36/36 wrappers
Task flag set to 1: 36/36 wrappers
Epoch 5/5 | Batch 1601/2000 | Step 9601 | BCE 0.869036 | FTC 1.886983 | Total 2.756019
Task flag set to 0: 36/36 wrappers
Task flag set to 1: 36/36 wrappers
Epoch 5/5 | Batch 1602/2000 | Step 9602 | BCE 0.015681 | FTC 1.566559 | Total 1.582240
Task flag set to 0: 36/36 wrappers
Task flag set to 1: 36/36 wrappers
Epoch 5/5 | Batch 1603/2000 | Step 9603 | BCE 0.052148 | FTC 1.388924 | Total 1.441072
Task flag set to 0: 36/36 wrappers
Task flag set to 1: 36/36 wrappers
Epoch 5/5 | Batch 1604/2000 | Step 9604 | BCE 0.104571 | FTC 1.323378 | Total 1.427950
Task flag set to 0: 36/36 wrappers
Task flag set to 1: 36/36 wrappers
Epoch 5/5 | Batch 1605/2000 | Step 9605 | BCE 0.143628 | FTC 1.567046 | Total 1.710673
Task flag set to 0: 36/36 wrappers
Task flag set to 1: 36/36 wrappers
Epoch 5/5 | Batch 1606/2000 | Step 9606 | BCE 1.115894 | FTC 1.934078 | Total 3.049973
Task flag set to 0: 36/36 wrappers
Task flag set to 1: 36/36 wrappers
Epoch 5/5 | Batch 1607/2000 | Step 9607 | BCE 0.925175 | FTC 0.979206 | Total 1.904381
Task flag set to 0: 36/36 wrappers
Task flag set to 1: 36/36 wrappers
Epoch 5/5 | Batch 1608/2000 | Step 9608 | BCE 0.186848 | FTC 1.670718 | Total 1.857565
Task flag set to 0: 36/36 wrappers
Task flag set to 1: 36/36 wrappers
Epoch 5/5 | Batch 1609/2000 | Step 9609 | BCE 0.036350 | FTC 1.442072 | Total 1.478422
Task flag set to 0: 36/36 wrappers
Task flag set to 1: 36/36 wrappers
Epoch 5/5 | Batch 1610/2000 | Step 9610 | BCE 0.360733 | FTC 1.315604 | Total 1.676337
Task flag set to 0: 36/36 wrappers
Task flag set to 1: 36/36 wrappers
Epoch 5/5 | Batch 1611/2000 | Step 9611 | BCE 0.259381 | FTC 1.480044 | Total 1.739425
Task flag set to 0: 36/36 wrappers
Task flag set to 1: 36/36 wrappers
Epoch 5/5 | Batch 1612/2000 | Step 9612 | BCE 0.107999 | FTC 1.624817 | Total 1.732816
Task flag set to 0: 36/36 wrappers
Task flag set to 1: 36/36 wrappers
Epoch 5/5 | Batch 1613/2000 | Step 9613 | BCE 1.514451 | FTC 2.112915 | Total 3.627366
Task flag set to 0: 36/36 wrappers
Task flag set to 1: 36/36 wrappers
Epoch 5/5 | Batch 1614/2000 | Step 9614 | BCE 0.044628 | FTC 1.433045 | Total 1.477673
Task flag set to 0: 36/36 wrappers
Task flag set to 1: 36/36 wrappers
Epoch 5/5 | Batch 1615/2000 | Step 9615 | BCE 0.171784 | FTC 1.737342 | Total 1.909126
Task flag set to 0: 36/36 wrappers
Task flag set to 1: 36/36 wrappers
Epoch 5/5 | Batch 1616/2000 | Step 9616 | BCE 0.080573 | FTC 1.590505 | Total 1.671078
Task flag set to 0: 36/36 wrappers
Task flag set to 1: 36/36 wrappers
Epoch 5/5 | Batch 1617/2000 | Step 9617 | BCE 0.052366 | FTC 1.292661 | Total 1.345026
Task flag set to 0: 36/36 wrappers
Task flag set to 1: 36/36 wrappers
Epoch 5/5 | Batch 1618/2000 | Step 9618 | BCE 0.456429 | FTC 1.157868 | Total 1.614296
Task flag set to 0: 36/36 wrappers
Task flag set to 1: 36/36 wrappers
Epoch 5/5 | Batch 1619/2000 | Step 9619 | BCE 0.289167 | FTC 1.181834 | Total 1.471000
Task flag set to 0: 36/36 wrappers
Task flag set to 1: 36/36 wrappers
Epoch 5/5 | Batch 1620/2000 | Step 9620 | BCE 0.181422 | FTC 1.623912 | Total 1.805334
Task flag set to 0: 36/36 wrappers
Task flag set to 1: 36/36 wrappers
Epoch 5/5 | Batch 1621/2000 | Step 9621 | BCE 0.638616 | FTC 1.276397 | Total 1.915013
Task flag set to 0: 36/36 wrappers
Task flag set to 1: 36/36 wrappers
Epoch 5/5 | Batch 1622/2000 | Step 9622 | BCE 0.356788 | FTC 1.621750 | Total 1.978539
Task flag set to 0: 36/36 wrappers
Task flag set to 1: 36/36 wrappers
Epoch 5/5 | Batch 1623/2000 | Step 9623 | BCE 0.364711 | FTC 1.213491 | Total 1.578202
Task flag set to 0: 36/36 wrappers
Task flag set to 1: 36/36 wrappers
Epoch 5/5 | Batch 1624/2000 | Step 9624 | BCE 0.442695 | FTC 1.223520 | Total 1.666216
Task flag set to 0: 36/36 wrappers
Task flag set to 1: 36/36 wrappers
Epoch 5/5 | Batch 1625/2000 | Step 9625 | BCE 0.127449 | FTC 1.748141 | Total 1.875590
Task flag set to 0: 36/36 wrappers
Task flag set to 1: 36/36 wrappers
Epoch 5/5 | Batch 1626/2000 | Step 9626 | BCE 0.056560 | FTC 1.547041 | Total 1.603601
Task flag set to 0: 36/36 wrappers
Task flag set to 1: 36/36 wrappers
Epoch 5/5 | Batch 1627/2000 | Step 9627 | BCE 0.433182 | FTC 0.961265 | Total 1.394447
Task flag set to 0: 36/36 wrappers
Task flag set to 1: 36/36 wrappers
Epoch 5/5 | Batch 1628/2000 | Step 9628 | BCE 0.742449 | FTC 1.716806 | Total 2.459256
Task flag set to 0: 36/36 wrappers
Task flag set to 1: 36/36 wrappers
Epoch 5/5 | Batch 1629/2000 | Step 9629 | BCE 0.361445 | FTC 1.583042 | Total 1.944487
Task flag set to 0: 36/36 wrappers
Task flag set to 1: 36/36 wrappers
Epoch 5/5 | Batch 1630/2000 | Step 9630 | BCE 0.644551 | FTC 0.918432 | Total 1.562983
Task flag set to 0: 36/36 wrappers
Task flag set to 1: 36/36 wrappers
Epoch 5/5 | Batch 1631/2000 | Step 9631 | BCE 1.228918 | FTC 2.055245 | Total 3.284164
Task flag set to 0: 36/36 wrappers
Task flag set to 1: 36/36 wrappers
Epoch 5/5 | Batch 1632/2000 | Step 9632 | BCE 0.347803 | FTC 1.324235 | Total 1.672038
Task flag set to 0: 36/36 wrappers
Task flag set to 1: 36/36 wrappers
Epoch 5/5 | Batch 1633/2000 | Step 9633 | BCE 0.300454 | FTC 1.956418 | Total 2.256872
Task flag set to 0: 36/36 wrappers
Task flag set to 1: 36/36 wrappers
Epoch 5/5 | Batch 1634/2000 | Step 9634 | BCE 1.095298 | FTC 1.790931 | Total 2.886229
Task flag set to 0: 36/36 wrappers
Task flag set to 1: 36/36 wrappers
Epoch 5/5 | Batch 1635/2000 | Step 9635 | BCE 0.030991 | FTC 1.439473 | Total 1.470464
Task flag set to 0: 36/36 wrappers
Task flag set to 1: 36/36 wrappers
Epoch 5/5 | Batch 1636/2000 | Step 9636 | BCE 0.288041 | FTC 1.186040 | Total 1.474081
Task flag set to 0: 36/36 wrappers
Task flag set to 1: 36/36 wrappers
Epoch 5/5 | Batch 1637/2000 | Step 9637 | BCE 0.294304 | FTC 1.080983 | Total 1.375287
Task flag set to 0: 36/36 wrappers
Task flag set to 1: 36/36 wrappers
Epoch 5/5 | Batch 1638/2000 | Step 9638 | BCE 0.190144 | FTC 1.455936 | Total 1.646080
Task flag set to 0: 36/36 wrappers
Task flag set to 1: 36/36 wrappers
Epoch 5/5 | Batch 1639/2000 | Step 9639 | BCE 0.264211 | FTC 1.315766 | Total 1.579977
Task flag set to 0: 36/36 wrappers
Task flag set to 1: 36/36 wrappers
Epoch 5/5 | Batch 1640/2000 | Step 9640 | BCE 0.232771 | FTC 1.740666 | Total 1.973437
Task flag set to 0: 36/36 wrappers
Task flag set to 1: 36/36 wrappers
Epoch 5/5 | Batch 1641/2000 | Step 9641 | BCE 0.305545 | FTC 2.178751 | Total 2.484296
Task flag set to 0: 36/36 wrappers
Task flag set to 1: 36/36 wrappers
Epoch 5/5 | Batch 1642/2000 | Step 9642 | BCE 0.095232 | FTC 1.421054 | Total 1.516286
Task flag set to 0: 36/36 wrappers
Task flag set to 1: 36/36 wrappers
Epoch 5/5 | Batch 1643/2000 | Step 9643 | BCE 0.210826 | FTC 2.067104 | Total 2.277931
Task flag set to 0: 36/36 wrappers
Task flag set to 1: 36/36 wrappers
Epoch 5/5 | Batch 1644/2000 | Step 9644 | BCE 0.268412 | FTC 1.781463 | Total 2.049875
Task flag set to 0: 36/36 wrappers
Task flag set to 1: 36/36 wrappers
Epoch 5/5 | Batch 1645/2000 | Step 9645 | BCE 0.225543 | FTC 1.352275 | Total 1.577817
Task flag set to 0: 36/36 wrappers
Task flag set to 1: 36/36 wrappers
Epoch 5/5 | Batch 1646/2000 | Step 9646 | BCE 0.086578 | FTC 1.766545 | Total 1.853123
Task flag set to 0: 36/36 wrappers
Task flag set to 1: 36/36 wrappers
Epoch 5/5 | Batch 1647/2000 | Step 9647 | BCE 1.191092 | FTC 1.804767 | Total 2.995859
Task flag set to 0: 36/36 wrappers
Task flag set to 1: 36/36 wrappers
Epoch 5/5 | Batch 1648/2000 | Step 9648 | BCE 0.150765 | FTC 1.662825 | Total 1.813590
Task flag set to 0: 36/36 wrappers
Task flag set to 1: 36/36 wrappers
Epoch 5/5 | Batch 1649/2000 | Step 9649 | BCE 0.038762 | FTC 1.111600 | Total 1.150362
Task flag set to 0: 36/36 wrappers
Task flag set to 1: 36/36 wrappers
Epoch 5/5 | Batch 1650/2000 | Step 9650 | BCE 0.132038 | FTC 1.490973 | Total 1.623011
Task flag set to 0: 36/36 wrappers
Task flag set to 1: 36/36 wrappers
Epoch 5/5 | Batch 1651/2000 | Step 9651 | BCE 0.014032 | FTC 1.475205 | Total 1.489236
Task flag set to 0: 36/36 wrappers
Task flag set to 1: 36/36 wrappers
Epoch 5/5 | Batch 1652/2000 | Step 9652 | BCE 0.048489 | FTC 1.199013 | Total 1.247501
Task flag set to 0: 36/36 wrappers
Task flag set to 1: 36/36 wrappers
Epoch 5/5 | Batch 1653/2000 | Step 9653 | BCE 0.130707 | FTC 1.422347 | Total 1.553054
Task flag set to 0: 36/36 wrappers
Task flag set to 1: 36/36 wrappers
Epoch 5/5 | Batch 1654/2000 | Step 9654 | BCE 0.028151 | FTC 1.338121 | Total 1.366272
Task flag set to 0: 36/36 wrappers
Task flag set to 1: 36/36 wrappers
Epoch 5/5 | Batch 1655/2000 | Step 9655 | BCE 0.064383 | FTC 1.268028 | Total 1.332410
Task flag set to 0: 36/36 wrappers
Task flag set to 1: 36/36 wrappers
Epoch 5/5 | Batch 1656/2000 | Step 9656 | BCE 0.136274 | FTC 1.408905 | Total 1.545179
Task flag set to 0: 36/36 wrappers
Task flag set to 1: 36/36 wrappers
Epoch 5/5 | Batch 1657/2000 | Step 9657 | BCE 1.026960 | FTC 1.947519 | Total 2.974479
Task flag set to 0: 36/36 wrappers
Task flag set to 1: 36/36 wrappers
Epoch 5/5 | Batch 1658/2000 | Step 9658 | BCE 0.046725 | FTC 1.515485 | Total 1.562209
Task flag set to 0: 36/36 wrappers
Task flag set to 1: 36/36 wrappers
Epoch 5/5 | Batch 1659/2000 | Step 9659 | BCE 0.269081 | FTC 1.410529 | Total 1.679611
Task flag set to 0: 36/36 wrappers
Task flag set to 1: 36/36 wrappers
Epoch 5/5 | Batch 1660/2000 | Step 9660 | BCE 0.270499 | FTC 1.972801 | Total 2.243300
Task flag set to 0: 36/36 wrappers
Task flag set to 1: 36/36 wrappers
Epoch 5/5 | Batch 1661/2000 | Step 9661 | BCE 0.958129 | FTC 1.931422 | Total 2.889551
Task flag set to 0: 36/36 wrappers
Task flag set to 1: 36/36 wrappers
Epoch 5/5 | Batch 1662/2000 | Step 9662 | BCE 0.669183 | FTC 1.349014 | Total 2.018197
Task flag set to 0: 36/36 wrappers
Task flag set to 1: 36/36 wrappers
Epoch 5/5 | Batch 1663/2000 | Step 9663 | BCE 2.009344 | FTC 2.699868 | Total 4.709212
Task flag set to 0: 36/36 wrappers
Task flag set to 1: 36/36 wrappers
Epoch 5/5 | Batch 1664/2000 | Step 9664 | BCE 0.103147 | FTC 1.392018 | Total 1.495165
Task flag set to 0: 36/36 wrappers
Task flag set to 1: 36/36 wrappers
Epoch 5/5 | Batch 1665/2000 | Step 9665 | BCE 1.114090 | FTC 2.095187 | Total 3.209276
Task flag set to 0: 36/36 wrappers
Task flag set to 1: 36/36 wrappers
Epoch 5/5 | Batch 1666/2000 | Step 9666 | BCE 0.010699 | FTC 1.495049 | Total 1.505747
Task flag set to 0: 36/36 wrappers
Task flag set to 1: 36/36 wrappers
Epoch 5/5 | Batch 1667/2000 | Step 9667 | BCE 0.505521 | FTC 0.920252 | Total 1.425773
Task flag set to 0: 36/36 wrappers
Task flag set to 1: 36/36 wrappers
Epoch 5/5 | Batch 1668/2000 | Step 9668 | BCE 0.016196 | FTC 1.267973 | Total 1.284169
Task flag set to 0: 36/36 wrappers
Task flag set to 1: 36/36 wrappers
Epoch 5/5 | Batch 1669/2000 | Step 9669 | BCE 0.527581 | FTC 0.873184 | Total 1.400765
Task flag set to 0: 36/36 wrappers
Task flag set to 1: 36/36 wrappers
Epoch 5/5 | Batch 1670/2000 | Step 9670 | BCE 0.030085 | FTC 1.197845 | Total 1.227930
Task flag set to 0: 36/36 wrappers
Task flag set to 1: 36/36 wrappers
Epoch 5/5 | Batch 1671/2000 | Step 9671 | BCE 0.269018 | FTC 1.039971 | Total 1.308989
Task flag set to 0: 36/36 wrappers
Task flag set to 1: 36/36 wrappers
Epoch 5/5 | Batch 1672/2000 | Step 9672 | BCE 0.089296 | FTC 1.797589 | Total 1.886885
Task flag set to 0: 36/36 wrappers
Task flag set to 1: 36/36 wrappers
Epoch 5/5 | Batch 1673/2000 | Step 9673 | BCE 0.153405 | FTC 1.650256 | Total 1.803662
Task flag set to 0: 36/36 wrappers
Task flag set to 1: 36/36 wrappers
Epoch 5/5 | Batch 1674/2000 | Step 9674 | BCE 0.169870 | FTC 1.509361 | Total 1.679231
Task flag set to 0: 36/36 wrappers
Task flag set to 1: 36/36 wrappers
Epoch 5/5 | Batch 1675/2000 | Step 9675 | BCE 0.079966 | FTC 1.641399 | Total 1.721365
Task flag set to 0: 36/36 wrappers
Task flag set to 1: 36/36 wrappers
Epoch 5/5 | Batch 1676/2000 | Step 9676 | BCE 0.248983 | FTC 1.767873 | Total 2.016855
Task flag set to 0: 36/36 wrappers
Task flag set to 1: 36/36 wrappers
Epoch 5/5 | Batch 1677/2000 | Step 9677 | BCE 0.278457 | FTC 2.094610 | Total 2.373067
Task flag set to 0: 36/36 wrappers
Task flag set to 1: 36/36 wrappers
Epoch 5/5 | Batch 1678/2000 | Step 9678 | BCE 0.149557 | FTC 1.550502 | Total 1.700058
Task flag set to 0: 36/36 wrappers
Task flag set to 1: 36/36 wrappers
Epoch 5/5 | Batch 1679/2000 | Step 9679 | BCE 0.214275 | FTC 1.455941 | Total 1.670216
Task flag set to 0: 36/36 wrappers
Task flag set to 1: 36/36 wrappers
Epoch 5/5 | Batch 1680/2000 | Step 9680 | BCE 0.159558 | FTC 1.797184 | Total 1.956742
Task flag set to 0: 36/36 wrappers
Task flag set to 1: 36/36 wrappers
Epoch 5/5 | Batch 1681/2000 | Step 9681 | BCE 0.636440 | FTC 1.259892 | Total 1.896331
Task flag set to 0: 36/36 wrappers
Task flag set to 1: 36/36 wrappers
Epoch 5/5 | Batch 1682/2000 | Step 9682 | BCE 0.660016 | FTC 1.477581 | Total 2.137596
Task flag set to 0: 36/36 wrappers
Task flag set to 1: 36/36 wrappers
Epoch 5/5 | Batch 1683/2000 | Step 9683 | BCE 0.226751 | FTC 1.088676 | Total 1.315427
Task flag set to 0: 36/36 wrappers
Task flag set to 1: 36/36 wrappers
Epoch 5/5 | Batch 1684/2000 | Step 9684 | BCE 0.279669 | FTC 0.985977 | Total 1.265646
Task flag set to 0: 36/36 wrappers
Task flag set to 1: 36/36 wrappers
Epoch 5/5 | Batch 1685/2000 | Step 9685 | BCE 0.160144 | FTC 1.426829 | Total 1.586973
Task flag set to 0: 36/36 wrappers
Task flag set to 1: 36/36 wrappers
Epoch 5/5 | Batch 1686/2000 | Step 9686 | BCE 1.434073 | FTC 1.069983 | Total 2.504056
Task flag set to 0: 36/36 wrappers
Task flag set to 1: 36/36 wrappers
Epoch 5/5 | Batch 1687/2000 | Step 9687 | BCE 1.262360 | FTC 1.397390 | Total 2.659750
Task flag set to 0: 36/36 wrappers
Task flag set to 1: 36/36 wrappers
Epoch 5/5 | Batch 1688/2000 | Step 9688 | BCE 0.835128 | FTC 1.731880 | Total 2.567008
Task flag set to 0: 36/36 wrappers
Task flag set to 1: 36/36 wrappers
Epoch 5/5 | Batch 1689/2000 | Step 9689 | BCE 0.741577 | FTC 1.346481 | Total 2.088058
Task flag set to 0: 36/36 wrappers
Task flag set to 1: 36/36 wrappers
Epoch 5/5 | Batch 1690/2000 | Step 9690 | BCE 0.389011 | FTC 1.114479 | Total 1.503490
Task flag set to 0: 36/36 wrappers
Task flag set to 1: 36/36 wrappers
Epoch 5/5 | Batch 1691/2000 | Step 9691 | BCE 0.191966 | FTC 0.922895 | Total 1.114861
Task flag set to 0: 36/36 wrappers
Task flag set to 1: 36/36 wrappers
Epoch 5/5 | Batch 1692/2000 | Step 9692 | BCE 0.048589 | FTC 1.340559 | Total 1.389148
Task flag set to 0: 36/36 wrappers
Task flag set to 1: 36/36 wrappers
Epoch 5/5 | Batch 1693/2000 | Step 9693 | BCE 0.123757 | FTC 1.694142 | Total 1.817899
Task flag set to 0: 36/36 wrappers
Task flag set to 1: 36/36 wrappers
Epoch 5/5 | Batch 1694/2000 | Step 9694 | BCE 0.288240 | FTC 1.831214 | Total 2.119454
Task flag set to 0: 36/36 wrappers
Task flag set to 1: 36/36 wrappers
Epoch 5/5 | Batch 1695/2000 | Step 9695 | BCE 0.065094 | FTC 1.454431 | Total 1.519525
Task flag set to 0: 36/36 wrappers
Task flag set to 1: 36/36 wrappers
Epoch 5/5 | Batch 1696/2000 | Step 9696 | BCE 0.486955 | FTC 1.088340 | Total 1.575295
Task flag set to 0: 36/36 wrappers
Task flag set to 1: 36/36 wrappers
Epoch 5/5 | Batch 1697/2000 | Step 9697 | BCE 0.192400 | FTC 1.729423 | Total 1.921824
Task flag set to 0: 36/36 wrappers
Task flag set to 1: 36/36 wrappers
Epoch 5/5 | Batch 1698/2000 | Step 9698 | BCE 0.316204 | FTC 1.999613 | Total 2.315817
Task flag set to 0: 36/36 wrappers
Task flag set to 1: 36/36 wrappers
Epoch 5/5 | Batch 1699/2000 | Step 9699 | BCE 1.094195 | FTC 1.457772 | Total 2.551968
Task flag set to 0: 36/36 wrappers
Task flag set to 1: 36/36 wrappers
Epoch 5/5 | Batch 1700/2000 | Step 9700 | BCE 0.307653 | FTC 1.790229 | Total 2.097881
Task flag set to 0: 36/36 wrappers
Task flag set to 1: 36/36 wrappers
Epoch 5/5 | Batch 1701/2000 | Step 9701 | BCE 1.023546 | FTC 2.151196 | Total 3.174742
Task flag set to 0: 36/36 wrappers
Task flag set to 1: 36/36 wrappers
Epoch 5/5 | Batch 1702/2000 | Step 9702 | BCE 0.221884 | FTC 1.706270 | Total 1.928154
Task flag set to 0: 36/36 wrappers
Task flag set to 1: 36/36 wrappers
Epoch 5/5 | Batch 1703/2000 | Step 9703 | BCE 0.317107 | FTC 1.493325 | Total 1.810432
Task flag set to 0: 36/36 wrappers
Task flag set to 1: 36/36 wrappers
Epoch 5/5 | Batch 1704/2000 | Step 9704 | BCE 0.006895 | FTC 1.314246 | Total 1.321141
Task flag set to 0: 36/36 wrappers
Task flag set to 1: 36/36 wrappers
Epoch 5/5 | Batch 1705/2000 | Step 9705 | BCE 0.151061 | FTC 0.830878 | Total 0.981939
Task flag set to 0: 36/36 wrappers
Task flag set to 1: 36/36 wrappers
Epoch 5/5 | Batch 1706/2000 | Step 9706 | BCE 0.069273 | FTC 1.417383 | Total 1.486656
Task flag set to 0: 36/36 wrappers
Task flag set to 1: 36/36 wrappers
Epoch 5/5 | Batch 1707/2000 | Step 9707 | BCE 0.322198 | FTC 1.781093 | Total 2.103291
Task flag set to 0: 36/36 wrappers
Task flag set to 1: 36/36 wrappers
Epoch 5/5 | Batch 1708/2000 | Step 9708 | BCE 0.241316 | FTC 1.177522 | Total 1.418838
Task flag set to 0: 36/36 wrappers
Task flag set to 1: 36/36 wrappers
Epoch 5/5 | Batch 1709/2000 | Step 9709 | BCE 0.440073 | FTC 0.967746 | Total 1.407819
Task flag set to 0: 36/36 wrappers
Task flag set to 1: 36/36 wrappers
Epoch 5/5 | Batch 1710/2000 | Step 9710 | BCE 0.288538 | FTC 1.840152 | Total 2.128690
Task flag set to 0: 36/36 wrappers
Task flag set to 1: 36/36 wrappers
Epoch 5/5 | Batch 1711/2000 | Step 9711 | BCE 0.094096 | FTC 1.603985 | Total 1.698081
Task flag set to 0: 36/36 wrappers
Task flag set to 1: 36/36 wrappers
Epoch 5/5 | Batch 1712/2000 | Step 9712 | BCE 0.231842 | FTC 1.869668 | Total 2.101509
Task flag set to 0: 36/36 wrappers
Task flag set to 1: 36/36 wrappers
Epoch 5/5 | Batch 1713/2000 | Step 9713 | BCE 0.021662 | FTC 1.240197 | Total 1.261859
Task flag set to 0: 36/36 wrappers
Task flag set to 1: 36/36 wrappers
Epoch 5/5 | Batch 1714/2000 | Step 9714 | BCE 0.202563 | FTC 0.447132 | Total 0.649695
Task flag set to 0: 36/36 wrappers
Task flag set to 1: 36/36 wrappers
Epoch 5/5 | Batch 1715/2000 | Step 9715 | BCE 0.479594 | FTC 1.815046 | Total 2.294640
Task flag set to 0: 36/36 wrappers
Task flag set to 1: 36/36 wrappers
Epoch 5/5 | Batch 1716/2000 | Step 9716 | BCE 0.294001 | FTC 1.210003 | Total 1.504003
Task flag set to 0: 36/36 wrappers
Task flag set to 1: 36/36 wrappers
Epoch 5/5 | Batch 1717/2000 | Step 9717 | BCE 0.054449 | FTC 1.753783 | Total 1.808232
Task flag set to 0: 36/36 wrappers
Task flag set to 1: 36/36 wrappers
Epoch 5/5 | Batch 1718/2000 | Step 9718 | BCE 1.683538 | FTC 1.676146 | Total 3.359684
Task flag set to 0: 36/36 wrappers
Task flag set to 1: 36/36 wrappers
Epoch 5/5 | Batch 1719/2000 | Step 9719 | BCE 0.049660 | FTC 1.142435 | Total 1.192094
Task flag set to 0: 36/36 wrappers
Task flag set to 1: 36/36 wrappers
Epoch 5/5 | Batch 1720/2000 | Step 9720 | BCE 0.256295 | FTC 1.735632 | Total 1.991927
Task flag set to 0: 36/36 wrappers
Task flag set to 1: 36/36 wrappers
Epoch 5/5 | Batch 1721/2000 | Step 9721 | BCE 0.945514 | FTC 1.447569 | Total 2.393084
Task flag set to 0: 36/36 wrappers
Task flag set to 1: 36/36 wrappers
Epoch 5/5 | Batch 1722/2000 | Step 9722 | BCE 0.146610 | FTC 1.278636 | Total 1.425245
Task flag set to 0: 36/36 wrappers
Task flag set to 1: 36/36 wrappers
Epoch 5/5 | Batch 1723/2000 | Step 9723 | BCE 0.298161 | FTC 1.535170 | Total 1.833331
Task flag set to 0: 36/36 wrappers
Task flag set to 1: 36/36 wrappers
Epoch 5/5 | Batch 1724/2000 | Step 9724 | BCE 0.236788 | FTC 0.978421 | Total 1.215209
Task flag set to 0: 36/36 wrappers
Task flag set to 1: 36/36 wrappers
Epoch 5/5 | Batch 1725/2000 | Step 9725 | BCE 0.932785 | FTC 1.314912 | Total 2.247697
Task flag set to 0: 36/36 wrappers
Task flag set to 1: 36/36 wrappers
Epoch 5/5 | Batch 1726/2000 | Step 9726 | BCE 0.094490 | FTC 1.447091 | Total 1.541581
Task flag set to 0: 36/36 wrappers
Task flag set to 1: 36/36 wrappers
Epoch 5/5 | Batch 1727/2000 | Step 9727 | BCE 0.038013 | FTC 1.932073 | Total 1.970086
Task flag set to 0: 36/36 wrappers
Task flag set to 1: 36/36 wrappers
Epoch 5/5 | Batch 1728/2000 | Step 9728 | BCE 0.204232 | FTC 2.342524 | Total 2.546756
Task flag set to 0: 36/36 wrappers
Task flag set to 1: 36/36 wrappers
Epoch 5/5 | Batch 1729/2000 | Step 9729 | BCE 0.607853 | FTC 1.938939 | Total 2.546792
Task flag set to 0: 36/36 wrappers
Task flag set to 1: 36/36 wrappers
Epoch 5/5 | Batch 1730/2000 | Step 9730 | BCE 0.328590 | FTC 1.288026 | Total 1.616616
Task flag set to 0: 36/36 wrappers
Task flag set to 1: 36/36 wrappers
Epoch 5/5 | Batch 1731/2000 | Step 9731 | BCE 0.094286 | FTC 1.615557 | Total 1.709843
Task flag set to 0: 36/36 wrappers
Task flag set to 1: 36/36 wrappers
Epoch 5/5 | Batch 1732/2000 | Step 9732 | BCE 0.221349 | FTC 1.397530 | Total 1.618878
Task flag set to 0: 36/36 wrappers
Task flag set to 1: 36/36 wrappers
Epoch 5/5 | Batch 1733/2000 | Step 9733 | BCE 0.035191 | FTC 1.264519 | Total 1.299710
Task flag set to 0: 36/36 wrappers
Task flag set to 1: 36/36 wrappers
Epoch 5/5 | Batch 1734/2000 | Step 9734 | BCE 0.435401 | FTC 1.406910 | Total 1.842311
Task flag set to 0: 36/36 wrappers
Task flag set to 1: 36/36 wrappers
Epoch 5/5 | Batch 1735/2000 | Step 9735 | BCE 0.635343 | FTC 0.657824 | Total 1.293167
Task flag set to 0: 36/36 wrappers
Task flag set to 1: 36/36 wrappers
Epoch 5/5 | Batch 1736/2000 | Step 9736 | BCE 0.107460 | FTC 1.189986 | Total 1.297446
Task flag set to 0: 36/36 wrappers
Task flag set to 1: 36/36 wrappers
Epoch 5/5 | Batch 1737/2000 | Step 9737 | BCE 0.212243 | FTC 1.473074 | Total 1.685317
Task flag set to 0: 36/36 wrappers
Task flag set to 1: 36/36 wrappers
Epoch 5/5 | Batch 1738/2000 | Step 9738 | BCE 0.132488 | FTC 1.323667 | Total 1.456154
Task flag set to 0: 36/36 wrappers
Task flag set to 1: 36/36 wrappers
Epoch 5/5 | Batch 1739/2000 | Step 9739 | BCE 0.202272 | FTC 0.979191 | Total 1.181463
Task flag set to 0: 36/36 wrappers
Task flag set to 1: 36/36 wrappers
Epoch 5/5 | Batch 1740/2000 | Step 9740 | BCE 0.151093 | FTC 1.570678 | Total 1.721771
Task flag set to 0: 36/36 wrappers
Task flag set to 1: 36/36 wrappers
Epoch 5/5 | Batch 1741/2000 | Step 9741 | BCE 0.402502 | FTC 1.687312 | Total 2.089815
Task flag set to 0: 36/36 wrappers
Task flag set to 1: 36/36 wrappers
Epoch 5/5 | Batch 1742/2000 | Step 9742 | BCE 0.334826 | FTC 0.979988 | Total 1.314814
Task flag set to 0: 36/36 wrappers
Task flag set to 1: 36/36 wrappers
Epoch 5/5 | Batch 1743/2000 | Step 9743 | BCE 0.284958 | FTC 1.971429 | Total 2.256387
Task flag set to 0: 36/36 wrappers
Task flag set to 1: 36/36 wrappers
Epoch 5/5 | Batch 1744/2000 | Step 9744 | BCE 0.212231 | FTC 0.728107 | Total 0.940339
Task flag set to 0: 36/36 wrappers
Task flag set to 1: 36/36 wrappers
Epoch 5/5 | Batch 1745/2000 | Step 9745 | BCE 0.453548 | FTC 2.092687 | Total 2.546234
Task flag set to 0: 36/36 wrappers
Task flag set to 1: 36/36 wrappers
Epoch 5/5 | Batch 1746/2000 | Step 9746 | BCE 0.471337 | FTC 1.464718 | Total 1.936055
Task flag set to 0: 36/36 wrappers
Task flag set to 1: 36/36 wrappers
Epoch 5/5 | Batch 1747/2000 | Step 9747 | BCE 0.191228 | FTC 1.345096 | Total 1.536325
Task flag set to 0: 36/36 wrappers
Task flag set to 1: 36/36 wrappers
Epoch 5/5 | Batch 1748/2000 | Step 9748 | BCE 0.189468 | FTC 1.849855 | Total 2.039324
Task flag set to 0: 36/36 wrappers
Task flag set to 1: 36/36 wrappers
Epoch 5/5 | Batch 1749/2000 | Step 9749 | BCE 0.332848 | FTC 1.619264 | Total 1.952112
Task flag set to 0: 36/36 wrappers
Task flag set to 1: 36/36 wrappers
Epoch 5/5 | Batch 1750/2000 | Step 9750 | BCE 0.004009 | FTC 1.166847 | Total 1.170856
Task flag set to 0: 36/36 wrappers
Task flag set to 1: 36/36 wrappers
Epoch 5/5 | Batch 1751/2000 | Step 9751 | BCE 0.084800 | FTC 1.048365 | Total 1.133165
Task flag set to 0: 36/36 wrappers
Task flag set to 1: 36/36 wrappers
Epoch 5/5 | Batch 1752/2000 | Step 9752 | BCE 1.082141 | FTC 0.883302 | Total 1.965443
Task flag set to 0: 36/36 wrappers
Task flag set to 1: 36/36 wrappers
Epoch 5/5 | Batch 1753/2000 | Step 9753 | BCE 0.163599 | FTC 1.187982 | Total 1.351581
Task flag set to 0: 36/36 wrappers
Task flag set to 1: 36/36 wrappers
Epoch 5/5 | Batch 1754/2000 | Step 9754 | BCE 0.405691 | FTC 1.024162 | Total 1.429853
Task flag set to 0: 36/36 wrappers
Task flag set to 1: 36/36 wrappers
Epoch 5/5 | Batch 1755/2000 | Step 9755 | BCE 1.208229 | FTC 1.437958 | Total 2.646187
Task flag set to 0: 36/36 wrappers
Task flag set to 1: 36/36 wrappers
Epoch 5/5 | Batch 1756/2000 | Step 9756 | BCE 0.012674 | FTC 1.033768 | Total 1.046442
Task flag set to 0: 36/36 wrappers
Task flag set to 1: 36/36 wrappers
Epoch 5/5 | Batch 1757/2000 | Step 9757 | BCE 0.067427 | FTC 1.589478 | Total 1.656905
Task flag set to 0: 36/36 wrappers
Task flag set to 1: 36/36 wrappers
Epoch 5/5 | Batch 1758/2000 | Step 9758 | BCE 0.359770 | FTC 1.015861 | Total 1.375631
Task flag set to 0: 36/36 wrappers
Task flag set to 1: 36/36 wrappers
Epoch 5/5 | Batch 1759/2000 | Step 9759 | BCE 0.241532 | FTC 1.830152 | Total 2.071684
Task flag set to 0: 36/36 wrappers
Task flag set to 1: 36/36 wrappers
Epoch 5/5 | Batch 1760/2000 | Step 9760 | BCE 0.016261 | FTC 1.644207 | Total 1.660468
Task flag set to 0: 36/36 wrappers
Task flag set to 1: 36/36 wrappers
Epoch 5/5 | Batch 1761/2000 | Step 9761 | BCE 0.225332 | FTC 0.910453 | Total 1.135785
Task flag set to 0: 36/36 wrappers
Task flag set to 1: 36/36 wrappers
Epoch 5/5 | Batch 1762/2000 | Step 9762 | BCE 0.141923 | FTC 1.360498 | Total 1.502422
Task flag set to 0: 36/36 wrappers
Task flag set to 1: 36/36 wrappers
Epoch 5/5 | Batch 1763/2000 | Step 9763 | BCE 0.079928 | FTC 1.713336 | Total 1.793264
Task flag set to 0: 36/36 wrappers
Task flag set to 1: 36/36 wrappers
Epoch 5/5 | Batch 1764/2000 | Step 9764 | BCE 0.031947 | FTC 1.501110 | Total 1.533057
Task flag set to 0: 36/36 wrappers
Task flag set to 1: 36/36 wrappers
Epoch 5/5 | Batch 1765/2000 | Step 9765 | BCE 0.214957 | FTC 1.637232 | Total 1.852189
Task flag set to 0: 36/36 wrappers
Task flag set to 1: 36/36 wrappers
Epoch 5/5 | Batch 1766/2000 | Step 9766 | BCE 0.572869 | FTC 1.801685 | Total 2.374554
Task flag set to 0: 36/36 wrappers
Task flag set to 1: 36/36 wrappers
Epoch 5/5 | Batch 1767/2000 | Step 9767 | BCE 0.151246 | FTC 1.849925 | Total 2.001171
Task flag set to 0: 36/36 wrappers
Task flag set to 1: 36/36 wrappers
Epoch 5/5 | Batch 1768/2000 | Step 9768 | BCE 0.334947 | FTC 1.363812 | Total 1.698759
Task flag set to 0: 36/36 wrappers
Task flag set to 1: 36/36 wrappers
Epoch 5/5 | Batch 1769/2000 | Step 9769 | BCE 0.043804 | FTC 1.516396 | Total 1.560201
Task flag set to 0: 36/36 wrappers
Task flag set to 1: 36/36 wrappers
Epoch 5/5 | Batch 1770/2000 | Step 9770 | BCE 0.041407 | FTC 1.758293 | Total 1.799699
Task flag set to 0: 36/36 wrappers
Task flag set to 1: 36/36 wrappers
Epoch 5/5 | Batch 1771/2000 | Step 9771 | BCE 0.084714 | FTC 1.578938 | Total 1.663652
Task flag set to 0: 36/36 wrappers
Task flag set to 1: 36/36 wrappers
Epoch 5/5 | Batch 1772/2000 | Step 9772 | BCE 0.255845 | FTC 1.941692 | Total 2.197536
Task flag set to 0: 36/36 wrappers
Task flag set to 1: 36/36 wrappers
Epoch 5/5 | Batch 1773/2000 | Step 9773 | BCE 0.043126 | FTC 1.360931 | Total 1.404057
Task flag set to 0: 36/36 wrappers
Task flag set to 1: 36/36 wrappers
Epoch 5/5 | Batch 1774/2000 | Step 9774 | BCE 1.430083 | FTC 2.257638 | Total 3.687721
Task flag set to 0: 36/36 wrappers
Task flag set to 1: 36/36 wrappers
Epoch 5/5 | Batch 1775/2000 | Step 9775 | BCE 0.295966 | FTC 1.573867 | Total 1.869833
Task flag set to 0: 36/36 wrappers
Task flag set to 1: 36/36 wrappers
Epoch 5/5 | Batch 1776/2000 | Step 9776 | BCE 0.762649 | FTC 1.215887 | Total 1.978536
Task flag set to 0: 36/36 wrappers
Task flag set to 1: 36/36 wrappers
Epoch 5/5 | Batch 1777/2000 | Step 9777 | BCE 1.788157 | FTC 1.916649 | Total 3.704805
Task flag set to 0: 36/36 wrappers
Task flag set to 1: 36/36 wrappers
Epoch 5/5 | Batch 1778/2000 | Step 9778 | BCE 0.187692 | FTC 1.422740 | Total 1.610432
Task flag set to 0: 36/36 wrappers
Task flag set to 1: 36/36 wrappers
Epoch 5/5 | Batch 1779/2000 | Step 9779 | BCE 0.925881 | FTC 1.488297 | Total 2.414177
Task flag set to 0: 36/36 wrappers
Task flag set to 1: 36/36 wrappers
Epoch 5/5 | Batch 1780/2000 | Step 9780 | BCE 0.657344 | FTC 1.211593 | Total 1.868937
Task flag set to 0: 36/36 wrappers
Task flag set to 1: 36/36 wrappers
Epoch 5/5 | Batch 1781/2000 | Step 9781 | BCE 0.028916 | FTC 1.531453 | Total 1.560369
Task flag set to 0: 36/36 wrappers
Task flag set to 1: 36/36 wrappers
Epoch 5/5 | Batch 1782/2000 | Step 9782 | BCE 0.836716 | FTC 0.948098 | Total 1.784814
Task flag set to 0: 36/36 wrappers
Task flag set to 1: 36/36 wrappers
Epoch 5/5 | Batch 1783/2000 | Step 9783 | BCE 0.292885 | FTC 1.610923 | Total 1.903808
Task flag set to 0: 36/36 wrappers
Task flag set to 1: 36/36 wrappers
Epoch 5/5 | Batch 1784/2000 | Step 9784 | BCE 0.097159 | FTC 1.653261 | Total 1.750420
Task flag set to 0: 36/36 wrappers
Task flag set to 1: 36/36 wrappers
Epoch 5/5 | Batch 1785/2000 | Step 9785 | BCE 0.313002 | FTC 1.008929 | Total 1.321931
Task flag set to 0: 36/36 wrappers
Task flag set to 1: 36/36 wrappers
Epoch 5/5 | Batch 1786/2000 | Step 9786 | BCE 0.573462 | FTC 1.690034 | Total 2.263496
Task flag set to 0: 36/36 wrappers
Task flag set to 1: 36/36 wrappers
Epoch 5/5 | Batch 1787/2000 | Step 9787 | BCE 0.238430 | FTC 1.632025 | Total 1.870455
Task flag set to 0: 36/36 wrappers
Task flag set to 1: 36/36 wrappers
Epoch 5/5 | Batch 1788/2000 | Step 9788 | BCE 0.907306 | FTC 2.119115 | Total 3.026421
Task flag set to 0: 36/36 wrappers
Task flag set to 1: 36/36 wrappers
Epoch 5/5 | Batch 1789/2000 | Step 9789 | BCE 0.051740 | FTC 1.372452 | Total 1.424192
Task flag set to 0: 36/36 wrappers
Task flag set to 1: 36/36 wrappers
Epoch 5/5 | Batch 1790/2000 | Step 9790 | BCE 0.169368 | FTC 2.011093 | Total 2.180461
Task flag set to 0: 36/36 wrappers
Task flag set to 1: 36/36 wrappers
Epoch 5/5 | Batch 1791/2000 | Step 9791 | BCE 0.196440 | FTC 1.812815 | Total 2.009255
Task flag set to 0: 36/36 wrappers
Task flag set to 1: 36/36 wrappers
Epoch 5/5 | Batch 1792/2000 | Step 9792 | BCE 0.242879 | FTC 1.161400 | Total 1.404279
Task flag set to 0: 36/36 wrappers
Task flag set to 1: 36/36 wrappers
Epoch 5/5 | Batch 1793/2000 | Step 9793 | BCE 0.459951 | FTC 1.625668 | Total 2.085619
Task flag set to 0: 36/36 wrappers
Task flag set to 1: 36/36 wrappers
Epoch 5/5 | Batch 1794/2000 | Step 9794 | BCE 0.213380 | FTC 1.950625 | Total 2.164006
Task flag set to 0: 36/36 wrappers
Task flag set to 1: 36/36 wrappers
Epoch 5/5 | Batch 1795/2000 | Step 9795 | BCE 0.621850 | FTC 1.739630 | Total 2.361480
Task flag set to 0: 36/36 wrappers
Task flag set to 1: 36/36 wrappers
Epoch 5/5 | Batch 1796/2000 | Step 9796 | BCE 0.169789 | FTC 1.622264 | Total 1.792053
Task flag set to 0: 36/36 wrappers
Task flag set to 1: 36/36 wrappers
Epoch 5/5 | Batch 1797/2000 | Step 9797 | BCE 0.363209 | FTC 2.018570 | Total 2.381779
Task flag set to 0: 36/36 wrappers
Task flag set to 1: 36/36 wrappers
Epoch 5/5 | Batch 1798/2000 | Step 9798 | BCE 0.031516 | FTC 1.617355 | Total 1.648871
Task flag set to 0: 36/36 wrappers
Task flag set to 1: 36/36 wrappers
Epoch 5/5 | Batch 1799/2000 | Step 9799 | BCE 0.581207 | FTC 1.681468 | Total 2.262675
Task flag set to 0: 36/36 wrappers
Task flag set to 1: 36/36 wrappers
Epoch 5/5 | Batch 1800/2000 | Step 9800 | BCE 0.279945 | FTC 1.712323 | Total 1.992268
Task flag set to 0: 36/36 wrappers
Task flag set to 1: 36/36 wrappers
Epoch 5/5 | Batch 1801/2000 | Step 9801 | BCE 0.075333 | FTC 1.430029 | Total 1.505362
Task flag set to 0: 36/36 wrappers
Task flag set to 1: 36/36 wrappers
Epoch 5/5 | Batch 1802/2000 | Step 9802 | BCE 0.105039 | FTC 1.797721 | Total 1.902760
Task flag set to 0: 36/36 wrappers
Task flag set to 1: 36/36 wrappers
Epoch 5/5 | Batch 1803/2000 | Step 9803 | BCE 0.130416 | FTC 1.302382 | Total 1.432798
Task flag set to 0: 36/36 wrappers
Task flag set to 1: 36/36 wrappers
Epoch 5/5 | Batch 1804/2000 | Step 9804 | BCE 0.017476 | FTC 1.546666 | Total 1.564142
Task flag set to 0: 36/36 wrappers
Task flag set to 1: 36/36 wrappers
Epoch 5/5 | Batch 1805/2000 | Step 9805 | BCE 0.083173 | FTC 1.435971 | Total 1.519145
Task flag set to 0: 36/36 wrappers
Task flag set to 1: 36/36 wrappers
Epoch 5/5 | Batch 1806/2000 | Step 9806 | BCE 0.150281 | FTC 1.718660 | Total 1.868941
Task flag set to 0: 36/36 wrappers
Task flag set to 1: 36/36 wrappers
Epoch 5/5 | Batch 1807/2000 | Step 9807 | BCE 0.043221 | FTC 1.227759 | Total 1.270980
Task flag set to 0: 36/36 wrappers
Task flag set to 1: 36/36 wrappers
Epoch 5/5 | Batch 1808/2000 | Step 9808 | BCE 0.032592 | FTC 1.990513 | Total 2.023105
Task flag set to 0: 36/36 wrappers
Task flag set to 1: 36/36 wrappers
Epoch 5/5 | Batch 1809/2000 | Step 9809 | BCE 1.665944 | FTC 2.485122 | Total 4.151065
Task flag set to 0: 36/36 wrappers
Task flag set to 1: 36/36 wrappers
Epoch 5/5 | Batch 1810/2000 | Step 9810 | BCE 0.694414 | FTC 1.962678 | Total 2.657092
Task flag set to 0: 36/36 wrappers
Task flag set to 1: 36/36 wrappers
Epoch 5/5 | Batch 1811/2000 | Step 9811 | BCE 0.727295 | FTC 1.689558 | Total 2.416853
Task flag set to 0: 36/36 wrappers
Task flag set to 1: 36/36 wrappers
Epoch 5/5 | Batch 1812/2000 | Step 9812 | BCE 0.032268 | FTC 1.709750 | Total 1.742018
Task flag set to 0: 36/36 wrappers
Task flag set to 1: 36/36 wrappers
Epoch 5/5 | Batch 1813/2000 | Step 9813 | BCE 0.391876 | FTC 1.414146 | Total 1.806023
Task flag set to 0: 36/36 wrappers
Task flag set to 1: 36/36 wrappers
Epoch 5/5 | Batch 1814/2000 | Step 9814 | BCE 0.049360 | FTC 1.487765 | Total 1.537125
Task flag set to 0: 36/36 wrappers
Task flag set to 1: 36/36 wrappers
Epoch 5/5 | Batch 1815/2000 | Step 9815 | BCE 0.375835 | FTC 1.163056 | Total 1.538891
Task flag set to 0: 36/36 wrappers
Task flag set to 1: 36/36 wrappers
Epoch 5/5 | Batch 1816/2000 | Step 9816 | BCE 0.074757 | FTC 1.884899 | Total 1.959656
Task flag set to 0: 36/36 wrappers
Task flag set to 1: 36/36 wrappers
Epoch 5/5 | Batch 1817/2000 | Step 9817 | BCE 0.345411 | FTC 1.705961 | Total 2.051372
Task flag set to 0: 36/36 wrappers
Task flag set to 1: 36/36 wrappers
Epoch 5/5 | Batch 1818/2000 | Step 9818 | BCE 0.030645 | FTC 1.459417 | Total 1.490062
Task flag set to 0: 36/36 wrappers
Task flag set to 1: 36/36 wrappers
Epoch 5/5 | Batch 1819/2000 | Step 9819 | BCE 0.436493 | FTC 1.545717 | Total 1.982211
Task flag set to 0: 36/36 wrappers
Task flag set to 1: 36/36 wrappers
Epoch 5/5 | Batch 1820/2000 | Step 9820 | BCE 0.101918 | FTC 1.592721 | Total 1.694638
Task flag set to 0: 36/36 wrappers
Task flag set to 1: 36/36 wrappers
Epoch 5/5 | Batch 1821/2000 | Step 9821 | BCE 0.627980 | FTC 1.248920 | Total 1.876899
Task flag set to 0: 36/36 wrappers
Task flag set to 1: 36/36 wrappers
Epoch 5/5 | Batch 1822/2000 | Step 9822 | BCE 0.006729 | FTC 1.379162 | Total 1.385891
Task flag set to 0: 36/36 wrappers
Task flag set to 1: 36/36 wrappers
Epoch 5/5 | Batch 1823/2000 | Step 9823 | BCE 0.265400 | FTC 1.784173 | Total 2.049574
Task flag set to 0: 36/36 wrappers
Task flag set to 1: 36/36 wrappers
Epoch 5/5 | Batch 1824/2000 | Step 9824 | BCE 0.070054 | FTC 1.322964 | Total 1.393018
Task flag set to 0: 36/36 wrappers
Task flag set to 1: 36/36 wrappers
Epoch 5/5 | Batch 1825/2000 | Step 9825 | BCE 0.037148 | FTC 1.601966 | Total 1.639114
Task flag set to 0: 36/36 wrappers
Task flag set to 1: 36/36 wrappers
Epoch 5/5 | Batch 1826/2000 | Step 9826 | BCE 0.232493 | FTC 1.509492 | Total 1.741985
Task flag set to 0: 36/36 wrappers
Task flag set to 1: 36/36 wrappers
Epoch 5/5 | Batch 1827/2000 | Step 9827 | BCE 1.271543 | FTC 1.932647 | Total 3.204190
Task flag set to 0: 36/36 wrappers
Task flag set to 1: 36/36 wrappers
Epoch 5/5 | Batch 1828/2000 | Step 9828 | BCE 0.165959 | FTC 1.474103 | Total 1.640062
Task flag set to 0: 36/36 wrappers
Task flag set to 1: 36/36 wrappers
Epoch 5/5 | Batch 1829/2000 | Step 9829 | BCE 0.660169 | FTC 1.096308 | Total 1.756477
Task flag set to 0: 36/36 wrappers
Task flag set to 1: 36/36 wrappers
Epoch 5/5 | Batch 1830/2000 | Step 9830 | BCE 0.070373 | FTC 1.222813 | Total 1.293186
Task flag set to 0: 36/36 wrappers
Task flag set to 1: 36/36 wrappers
Epoch 5/5 | Batch 1831/2000 | Step 9831 | BCE 0.094268 | FTC 1.338618 | Total 1.432885
Task flag set to 0: 36/36 wrappers
Task flag set to 1: 36/36 wrappers
Epoch 5/5 | Batch 1832/2000 | Step 9832 | BCE 0.136435 | FTC 1.544794 | Total 1.681228
Task flag set to 0: 36/36 wrappers
Task flag set to 1: 36/36 wrappers
Epoch 5/5 | Batch 1833/2000 | Step 9833 | BCE 0.039358 | FTC 1.071801 | Total 1.111159
Task flag set to 0: 36/36 wrappers
Task flag set to 1: 36/36 wrappers
Epoch 5/5 | Batch 1834/2000 | Step 9834 | BCE 0.798134 | FTC 1.272268 | Total 2.070402
Task flag set to 0: 36/36 wrappers
Task flag set to 1: 36/36 wrappers
Epoch 5/5 | Batch 1835/2000 | Step 9835 | BCE 1.153316 | FTC 2.280218 | Total 3.433533
Task flag set to 0: 36/36 wrappers
Task flag set to 1: 36/36 wrappers
Epoch 5/5 | Batch 1836/2000 | Step 9836 | BCE 2.358952 | FTC 2.243300 | Total 4.602252
Task flag set to 0: 36/36 wrappers
Task flag set to 1: 36/36 wrappers
Epoch 5/5 | Batch 1837/2000 | Step 9837 | BCE 0.172870 | FTC 0.993680 | Total 1.166550
Task flag set to 0: 36/36 wrappers
Task flag set to 1: 36/36 wrappers
Epoch 5/5 | Batch 1838/2000 | Step 9838 | BCE 0.039771 | FTC 1.426821 | Total 1.466593
Task flag set to 0: 36/36 wrappers
Task flag set to 1: 36/36 wrappers
Epoch 5/5 | Batch 1839/2000 | Step 9839 | BCE 0.201066 | FTC 0.376178 | Total 0.577244
Task flag set to 0: 36/36 wrappers
Task flag set to 1: 36/36 wrappers
Epoch 5/5 | Batch 1840/2000 | Step 9840 | BCE 0.119084 | FTC 2.193287 | Total 2.312371
Task flag set to 0: 36/36 wrappers
Task flag set to 1: 36/36 wrappers
Epoch 5/5 | Batch 1841/2000 | Step 9841 | BCE 0.224060 | FTC 1.313427 | Total 1.537487
Task flag set to 0: 36/36 wrappers
Task flag set to 1: 36/36 wrappers
Epoch 5/5 | Batch 1842/2000 | Step 9842 | BCE 0.947606 | FTC 1.886732 | Total 2.834338
Task flag set to 0: 36/36 wrappers
Task flag set to 1: 36/36 wrappers
Epoch 5/5 | Batch 1843/2000 | Step 9843 | BCE 0.141206 | FTC 1.825025 | Total 1.966231
Task flag set to 0: 36/36 wrappers
Task flag set to 1: 36/36 wrappers
Epoch 5/5 | Batch 1844/2000 | Step 9844 | BCE 0.351337 | FTC 0.559180 | Total 0.910517
Task flag set to 0: 36/36 wrappers
Task flag set to 1: 36/36 wrappers
Epoch 5/5 | Batch 1845/2000 | Step 9845 | BCE 0.563237 | FTC 1.358981 | Total 1.922218
Task flag set to 0: 36/36 wrappers
Task flag set to 1: 36/36 wrappers
Epoch 5/5 | Batch 1846/2000 | Step 9846 | BCE 0.149995 | FTC 1.710834 | Total 1.860829
Task flag set to 0: 36/36 wrappers
Task flag set to 1: 36/36 wrappers
Epoch 5/5 | Batch 1847/2000 | Step 9847 | BCE 0.360263 | FTC 1.909886 | Total 2.270149
Task flag set to 0: 36/36 wrappers
Task flag set to 1: 36/36 wrappers
Epoch 5/5 | Batch 1848/2000 | Step 9848 | BCE 0.621946 | FTC 1.610556 | Total 2.232502
Task flag set to 0: 36/36 wrappers
Task flag set to 1: 36/36 wrappers
Epoch 5/5 | Batch 1849/2000 | Step 9849 | BCE 0.553013 | FTC 1.954003 | Total 2.507016
Task flag set to 0: 36/36 wrappers
Task flag set to 1: 36/36 wrappers
Epoch 5/5 | Batch 1850/2000 | Step 9850 | BCE 0.289374 | FTC 1.950978 | Total 2.240353
Task flag set to 0: 36/36 wrappers
Task flag set to 1: 36/36 wrappers
Epoch 5/5 | Batch 1851/2000 | Step 9851 | BCE 0.221248 | FTC 1.153265 | Total 1.374513
Task flag set to 0: 36/36 wrappers
Task flag set to 1: 36/36 wrappers
Epoch 5/5 | Batch 1852/2000 | Step 9852 | BCE 0.452028 | FTC 0.816180 | Total 1.268209
Task flag set to 0: 36/36 wrappers
Task flag set to 1: 36/36 wrappers
Epoch 5/5 | Batch 1853/2000 | Step 9853 | BCE 0.139563 | FTC 1.694861 | Total 1.834424
Task flag set to 0: 36/36 wrappers
Task flag set to 1: 36/36 wrappers
Epoch 5/5 | Batch 1854/2000 | Step 9854 | BCE 0.608556 | FTC 0.948989 | Total 1.557546
Task flag set to 0: 36/36 wrappers
Task flag set to 1: 36/36 wrappers
Epoch 5/5 | Batch 1855/2000 | Step 9855 | BCE 0.232732 | FTC 0.873322 | Total 1.106054
Task flag set to 0: 36/36 wrappers
Task flag set to 1: 36/36 wrappers
Epoch 5/5 | Batch 1856/2000 | Step 9856 | BCE 0.299332 | FTC 1.688214 | Total 1.987546
Task flag set to 0: 36/36 wrappers
Task flag set to 1: 36/36 wrappers
Epoch 5/5 | Batch 1857/2000 | Step 9857 | BCE 0.047609 | FTC 0.928321 | Total 0.975929
Task flag set to 0: 36/36 wrappers
Task flag set to 1: 36/36 wrappers
Epoch 5/5 | Batch 1858/2000 | Step 9858 | BCE 0.063210 | FTC 1.425764 | Total 1.488975
Task flag set to 0: 36/36 wrappers
Task flag set to 1: 36/36 wrappers
Epoch 5/5 | Batch 1859/2000 | Step 9859 | BCE 0.570515 | FTC 1.253259 | Total 1.823774
Task flag set to 0: 36/36 wrappers
Task flag set to 1: 36/36 wrappers
Epoch 5/5 | Batch 1860/2000 | Step 9860 | BCE 0.717601 | FTC 0.424287 | Total 1.141888
Task flag set to 0: 36/36 wrappers
Task flag set to 1: 36/36 wrappers
Epoch 5/5 | Batch 1861/2000 | Step 9861 | BCE 1.056668 | FTC 0.900924 | Total 1.957592
Task flag set to 0: 36/36 wrappers
Task flag set to 1: 36/36 wrappers
Epoch 5/5 | Batch 1862/2000 | Step 9862 | BCE 0.646061 | FTC 1.072569 | Total 1.718630
Task flag set to 0: 36/36 wrappers
Task flag set to 1: 36/36 wrappers
Epoch 5/5 | Batch 1863/2000 | Step 9863 | BCE 0.134212 | FTC 0.795696 | Total 0.929908
Task flag set to 0: 36/36 wrappers
Task flag set to 1: 36/36 wrappers
Epoch 5/5 | Batch 1864/2000 | Step 9864 | BCE 0.389037 | FTC 1.960595 | Total 2.349632
Task flag set to 0: 36/36 wrappers
Task flag set to 1: 36/36 wrappers
Epoch 5/5 | Batch 1865/2000 | Step 9865 | BCE 0.353013 | FTC 1.108620 | Total 1.461633
Task flag set to 0: 36/36 wrappers
Task flag set to 1: 36/36 wrappers
Epoch 5/5 | Batch 1866/2000 | Step 9866 | BCE 0.583913 | FTC 1.871356 | Total 2.455269
Task flag set to 0: 36/36 wrappers
Task flag set to 1: 36/36 wrappers
Epoch 5/5 | Batch 1867/2000 | Step 9867 | BCE 0.552872 | FTC 1.949254 | Total 2.502126
Task flag set to 0: 36/36 wrappers
Task flag set to 1: 36/36 wrappers
Epoch 5/5 | Batch 1868/2000 | Step 9868 | BCE 0.502877 | FTC 0.613140 | Total 1.116017
Task flag set to 0: 36/36 wrappers
Task flag set to 1: 36/36 wrappers
Epoch 5/5 | Batch 1869/2000 | Step 9869 | BCE 0.062973 | FTC 1.417640 | Total 1.480613
Task flag set to 0: 36/36 wrappers
Task flag set to 1: 36/36 wrappers
Epoch 5/5 | Batch 1870/2000 | Step 9870 | BCE 0.157049 | FTC 1.769590 | Total 1.926639
Task flag set to 0: 36/36 wrappers
Task flag set to 1: 36/36 wrappers
Epoch 5/5 | Batch 1871/2000 | Step 9871 | BCE 0.362266 | FTC 1.107903 | Total 1.470169
Task flag set to 0: 36/36 wrappers
Task flag set to 1: 36/36 wrappers
Epoch 5/5 | Batch 1872/2000 | Step 9872 | BCE 0.187276 | FTC 1.752500 | Total 1.939776
Task flag set to 0: 36/36 wrappers
Task flag set to 1: 36/36 wrappers
Epoch 5/5 | Batch 1873/2000 | Step 9873 | BCE 0.389465 | FTC 1.417177 | Total 1.806643
Task flag set to 0: 36/36 wrappers
Task flag set to 1: 36/36 wrappers
Epoch 5/5 | Batch 1874/2000 | Step 9874 | BCE 0.625773 | FTC 1.894207 | Total 2.519979
Task flag set to 0: 36/36 wrappers
Task flag set to 1: 36/36 wrappers
Epoch 5/5 | Batch 1875/2000 | Step 9875 | BCE 0.180265 | FTC 1.544464 | Total 1.724729
Task flag set to 0: 36/36 wrappers
Task flag set to 1: 36/36 wrappers
Epoch 5/5 | Batch 1876/2000 | Step 9876 | BCE 0.174173 | FTC 1.217058 | Total 1.391232
Task flag set to 0: 36/36 wrappers
Task flag set to 1: 36/36 wrappers
Epoch 5/5 | Batch 1877/2000 | Step 9877 | BCE 0.109273 | FTC 1.304986 | Total 1.414259
Task flag set to 0: 36/36 wrappers
Task flag set to 1: 36/36 wrappers
Epoch 5/5 | Batch 1878/2000 | Step 9878 | BCE 0.292781 | FTC 0.887613 | Total 1.180395
Task flag set to 0: 36/36 wrappers
Task flag set to 1: 36/36 wrappers
Epoch 5/5 | Batch 1879/2000 | Step 9879 | BCE 0.390465 | FTC 0.958911 | Total 1.349377
Task flag set to 0: 36/36 wrappers
Task flag set to 1: 36/36 wrappers
Epoch 5/5 | Batch 1880/2000 | Step 9880 | BCE 0.011064 | FTC 1.552059 | Total 1.563123
Task flag set to 0: 36/36 wrappers
Task flag set to 1: 36/36 wrappers
Epoch 5/5 | Batch 1881/2000 | Step 9881 | BCE 0.037863 | FTC 1.551325 | Total 1.589188
Task flag set to 0: 36/36 wrappers
Task flag set to 1: 36/36 wrappers
Epoch 5/5 | Batch 1882/2000 | Step 9882 | BCE 0.385314 | FTC 1.402599 | Total 1.787912
Task flag set to 0: 36/36 wrappers
Task flag set to 1: 36/36 wrappers
Epoch 5/5 | Batch 1883/2000 | Step 9883 | BCE 0.107816 | FTC 1.673298 | Total 1.781114
Task flag set to 0: 36/36 wrappers
Task flag set to 1: 36/36 wrappers
Epoch 5/5 | Batch 1884/2000 | Step 9884 | BCE 0.026465 | FTC 1.533456 | Total 1.559921
Task flag set to 0: 36/36 wrappers
Task flag set to 1: 36/36 wrappers
Epoch 5/5 | Batch 1885/2000 | Step 9885 | BCE 0.814873 | FTC 1.526804 | Total 2.341676
Task flag set to 0: 36/36 wrappers
Task flag set to 1: 36/36 wrappers
Epoch 5/5 | Batch 1886/2000 | Step 9886 | BCE 0.017008 | FTC 1.396322 | Total 1.413330
Task flag set to 0: 36/36 wrappers
Task flag set to 1: 36/36 wrappers
Epoch 5/5 | Batch 1887/2000 | Step 9887 | BCE 0.444818 | FTC 1.920499 | Total 2.365317
Task flag set to 0: 36/36 wrappers
Task flag set to 1: 36/36 wrappers
Epoch 5/5 | Batch 1888/2000 | Step 9888 | BCE 0.225189 | FTC 1.948014 | Total 2.173202
Task flag set to 0: 36/36 wrappers
Task flag set to 1: 36/36 wrappers
Epoch 5/5 | Batch 1889/2000 | Step 9889 | BCE 0.185162 | FTC 1.472493 | Total 1.657655
Task flag set to 0: 36/36 wrappers
Task flag set to 1: 36/36 wrappers
Epoch 5/5 | Batch 1890/2000 | Step 9890 | BCE 0.166315 | FTC 1.947966 | Total 2.114280
Task flag set to 0: 36/36 wrappers
Task flag set to 1: 36/36 wrappers
Epoch 5/5 | Batch 1891/2000 | Step 9891 | BCE 0.316132 | FTC 1.242380 | Total 1.558513
Task flag set to 0: 36/36 wrappers
Task flag set to 1: 36/36 wrappers
Epoch 5/5 | Batch 1892/2000 | Step 9892 | BCE 0.242841 | FTC 1.666115 | Total 1.908955
Task flag set to 0: 36/36 wrappers
Task flag set to 1: 36/36 wrappers
Epoch 5/5 | Batch 1893/2000 | Step 9893 | BCE 1.138041 | FTC 1.028039 | Total 2.166080
Task flag set to 0: 36/36 wrappers
Task flag set to 1: 36/36 wrappers
Epoch 5/5 | Batch 1894/2000 | Step 9894 | BCE 0.192836 | FTC 1.738012 | Total 1.930848
Task flag set to 0: 36/36 wrappers
Task flag set to 1: 36/36 wrappers
Epoch 5/5 | Batch 1895/2000 | Step 9895 | BCE 0.613715 | FTC 1.439539 | Total 2.053254
Task flag set to 0: 36/36 wrappers
Task flag set to 1: 36/36 wrappers
Epoch 5/5 | Batch 1896/2000 | Step 9896 | BCE 0.099905 | FTC 1.413104 | Total 1.513010
Task flag set to 0: 36/36 wrappers
Task flag set to 1: 36/36 wrappers
Epoch 5/5 | Batch 1897/2000 | Step 9897 | BCE 0.871520 | FTC 1.779772 | Total 2.651292
Task flag set to 0: 36/36 wrappers
Task flag set to 1: 36/36 wrappers
Epoch 5/5 | Batch 1898/2000 | Step 9898 | BCE 1.182549 | FTC 0.935789 | Total 2.118338
Task flag set to 0: 36/36 wrappers
Task flag set to 1: 36/36 wrappers
Epoch 5/5 | Batch 1899/2000 | Step 9899 | BCE 0.043156 | FTC 1.574421 | Total 1.617578
Task flag set to 0: 36/36 wrappers
Task flag set to 1: 36/36 wrappers
Epoch 5/5 | Batch 1900/2000 | Step 9900 | BCE 0.176337 | FTC 0.993786 | Total 1.170123
Task flag set to 0: 36/36 wrappers
Task flag set to 1: 36/36 wrappers
Epoch 5/5 | Batch 1901/2000 | Step 9901 | BCE 0.179518 | FTC 1.689938 | Total 1.869457
Task flag set to 0: 36/36 wrappers
Task flag set to 1: 36/36 wrappers
Epoch 5/5 | Batch 1902/2000 | Step 9902 | BCE 0.128256 | FTC 1.470066 | Total 1.598323
Task flag set to 0: 36/36 wrappers
Task flag set to 1: 36/36 wrappers
Epoch 5/5 | Batch 1903/2000 | Step 9903 | BCE 0.642966 | FTC 1.845083 | Total 2.488050
Task flag set to 0: 36/36 wrappers
Task flag set to 1: 36/36 wrappers
Epoch 5/5 | Batch 1904/2000 | Step 9904 | BCE 0.411988 | FTC 0.914762 | Total 1.326751
Task flag set to 0: 36/36 wrappers
Task flag set to 1: 36/36 wrappers
Epoch 5/5 | Batch 1905/2000 | Step 9905 | BCE 0.120628 | FTC 1.401798 | Total 1.522426
Task flag set to 0: 36/36 wrappers
Task flag set to 1: 36/36 wrappers
Epoch 5/5 | Batch 1906/2000 | Step 9906 | BCE 0.097980 | FTC 2.236765 | Total 2.334745
Task flag set to 0: 36/36 wrappers
Task flag set to 1: 36/36 wrappers
Epoch 5/5 | Batch 1907/2000 | Step 9907 | BCE 0.332705 | FTC 1.791108 | Total 2.123812
Task flag set to 0: 36/36 wrappers
Task flag set to 1: 36/36 wrappers
Epoch 5/5 | Batch 1908/2000 | Step 9908 | BCE 0.244251 | FTC 2.267089 | Total 2.511340
Task flag set to 0: 36/36 wrappers
Task flag set to 1: 36/36 wrappers
Epoch 5/5 | Batch 1909/2000 | Step 9909 | BCE 0.158084 | FTC 2.237438 | Total 2.395522
Task flag set to 0: 36/36 wrappers
Task flag set to 1: 36/36 wrappers
Epoch 5/5 | Batch 1910/2000 | Step 9910 | BCE 0.420896 | FTC 0.833721 | Total 1.254616
Task flag set to 0: 36/36 wrappers
Task flag set to 1: 36/36 wrappers
Epoch 5/5 | Batch 1911/2000 | Step 9911 | BCE 0.549841 | FTC 1.294793 | Total 1.844634
Task flag set to 0: 36/36 wrappers
Task flag set to 1: 36/36 wrappers
Epoch 5/5 | Batch 1912/2000 | Step 9912 | BCE 0.385631 | FTC 1.705189 | Total 2.090820
Task flag set to 0: 36/36 wrappers
Task flag set to 1: 36/36 wrappers
Epoch 5/5 | Batch 1913/2000 | Step 9913 | BCE 0.036379 | FTC 1.735583 | Total 1.771962
Task flag set to 0: 36/36 wrappers
Task flag set to 1: 36/36 wrappers
Epoch 5/5 | Batch 1914/2000 | Step 9914 | BCE 0.177625 | FTC 1.664823 | Total 1.842448
Task flag set to 0: 36/36 wrappers
Task flag set to 1: 36/36 wrappers
Epoch 5/5 | Batch 1915/2000 | Step 9915 | BCE 0.236902 | FTC 1.045728 | Total 1.282630
Task flag set to 0: 36/36 wrappers
Task flag set to 1: 36/36 wrappers
Epoch 5/5 | Batch 1916/2000 | Step 9916 | BCE 1.479613 | FTC 1.643905 | Total 3.123519
Task flag set to 0: 36/36 wrappers
Task flag set to 1: 36/36 wrappers
Epoch 5/5 | Batch 1917/2000 | Step 9917 | BCE 0.013257 | FTC 1.548220 | Total 1.561477
Task flag set to 0: 36/36 wrappers
Task flag set to 1: 36/36 wrappers
Epoch 5/5 | Batch 1918/2000 | Step 9918 | BCE 0.078370 | FTC 1.688107 | Total 1.766477
Task flag set to 0: 36/36 wrappers
Task flag set to 1: 36/36 wrappers
Epoch 5/5 | Batch 1919/2000 | Step 9919 | BCE 0.410971 | FTC 1.743156 | Total 2.154127
Task flag set to 0: 36/36 wrappers
Task flag set to 1: 36/36 wrappers
Epoch 5/5 | Batch 1920/2000 | Step 9920 | BCE 0.004500 | FTC 1.471735 | Total 1.476235
Task flag set to 0: 36/36 wrappers
Task flag set to 1: 36/36 wrappers
Epoch 5/5 | Batch 1921/2000 | Step 9921 | BCE 0.210390 | FTC 0.673967 | Total 0.884357
Task flag set to 0: 36/36 wrappers
Task flag set to 1: 36/36 wrappers
Epoch 5/5 | Batch 1922/2000 | Step 9922 | BCE 0.258592 | FTC 0.475954 | Total 0.734546
Task flag set to 0: 36/36 wrappers
Task flag set to 1: 36/36 wrappers
Epoch 5/5 | Batch 1923/2000 | Step 9923 | BCE 0.050616 | FTC 1.796517 | Total 1.847133
Task flag set to 0: 36/36 wrappers
Task flag set to 1: 36/36 wrappers
Epoch 5/5 | Batch 1924/2000 | Step 9924 | BCE 0.016142 | FTC 1.323520 | Total 1.339662
Task flag set to 0: 36/36 wrappers
Task flag set to 1: 36/36 wrappers
Epoch 5/5 | Batch 1925/2000 | Step 9925 | BCE 0.005364 | FTC 1.436000 | Total 1.441364
Task flag set to 0: 36/36 wrappers
Task flag set to 1: 36/36 wrappers
Epoch 5/5 | Batch 1926/2000 | Step 9926 | BCE 0.030336 | FTC 1.619866 | Total 1.650202
Task flag set to 0: 36/36 wrappers
Task flag set to 1: 36/36 wrappers
Epoch 5/5 | Batch 1927/2000 | Step 9927 | BCE 1.672809 | FTC 2.964776 | Total 4.637585
Task flag set to 0: 36/36 wrappers
Task flag set to 1: 36/36 wrappers
Epoch 5/5 | Batch 1928/2000 | Step 9928 | BCE 0.101549 | FTC 1.266681 | Total 1.368230
Task flag set to 0: 36/36 wrappers
Task flag set to 1: 36/36 wrappers
Epoch 5/5 | Batch 1929/2000 | Step 9929 | BCE 0.097091 | FTC 1.584408 | Total 1.681499
Task flag set to 0: 36/36 wrappers
Task flag set to 1: 36/36 wrappers
Epoch 5/5 | Batch 1930/2000 | Step 9930 | BCE 0.038549 | FTC 1.620218 | Total 1.658766
Task flag set to 0: 36/36 wrappers
Task flag set to 1: 36/36 wrappers
Epoch 5/5 | Batch 1931/2000 | Step 9931 | BCE 0.031423 | FTC 1.149602 | Total 1.181025
Task flag set to 0: 36/36 wrappers
Task flag set to 1: 36/36 wrappers
Epoch 5/5 | Batch 1932/2000 | Step 9932 | BCE 0.172138 | FTC 1.539543 | Total 1.711681
Task flag set to 0: 36/36 wrappers
Task flag set to 1: 36/36 wrappers
Epoch 5/5 | Batch 1933/2000 | Step 9933 | BCE 0.033382 | FTC 1.443553 | Total 1.476935
Task flag set to 0: 36/36 wrappers
Task flag set to 1: 36/36 wrappers
Epoch 5/5 | Batch 1934/2000 | Step 9934 | BCE 0.522928 | FTC 1.195492 | Total 1.718420
Task flag set to 0: 36/36 wrappers
Task flag set to 1: 36/36 wrappers
Epoch 5/5 | Batch 1935/2000 | Step 9935 | BCE 0.022038 | FTC 1.396323 | Total 1.418361
Task flag set to 0: 36/36 wrappers
Task flag set to 1: 36/36 wrappers
Epoch 5/5 | Batch 1936/2000 | Step 9936 | BCE 0.132934 | FTC 1.866510 | Total 1.999445
Task flag set to 0: 36/36 wrappers
Task flag set to 1: 36/36 wrappers
Epoch 5/5 | Batch 1937/2000 | Step 9937 | BCE 1.794053 | FTC 2.545739 | Total 4.339792
Task flag set to 0: 36/36 wrappers
Task flag set to 1: 36/36 wrappers
Epoch 5/5 | Batch 1938/2000 | Step 9938 | BCE 0.048432 | FTC 1.352488 | Total 1.400920
Task flag set to 0: 36/36 wrappers
Task flag set to 1: 36/36 wrappers
Epoch 5/5 | Batch 1939/2000 | Step 9939 | BCE 1.275585 | FTC 1.327245 | Total 2.602829
Task flag set to 0: 36/36 wrappers
Task flag set to 1: 36/36 wrappers
Epoch 5/5 | Batch 1940/2000 | Step 9940 | BCE 0.030666 | FTC 2.088877 | Total 2.119543
Task flag set to 0: 36/36 wrappers
Task flag set to 1: 36/36 wrappers
Epoch 5/5 | Batch 1941/2000 | Step 9941 | BCE 0.129218 | FTC 1.747747 | Total 1.876965
Task flag set to 0: 36/36 wrappers
Task flag set to 1: 36/36 wrappers
Epoch 5/5 | Batch 1942/2000 | Step 9942 | BCE 0.333025 | FTC 1.162394 | Total 1.495419
Task flag set to 0: 36/36 wrappers
Task flag set to 1: 36/36 wrappers
Epoch 5/5 | Batch 1943/2000 | Step 9943 | BCE 0.080306 | FTC 0.999799 | Total 1.080105
Task flag set to 0: 36/36 wrappers
Task flag set to 1: 36/36 wrappers
Epoch 5/5 | Batch 1944/2000 | Step 9944 | BCE 0.034244 | FTC 1.418473 | Total 1.452717
Task flag set to 0: 36/36 wrappers
Task flag set to 1: 36/36 wrappers
Epoch 5/5 | Batch 1945/2000 | Step 9945 | BCE 0.258973 | FTC 1.756062 | Total 2.015035
Task flag set to 0: 36/36 wrappers
Task flag set to 1: 36/36 wrappers
Epoch 5/5 | Batch 1946/2000 | Step 9946 | BCE 0.300749 | FTC 0.776264 | Total 1.077013
Task flag set to 0: 36/36 wrappers
Task flag set to 1: 36/36 wrappers
Epoch 5/5 | Batch 1947/2000 | Step 9947 | BCE 0.022524 | FTC 1.696015 | Total 1.718539
Task flag set to 0: 36/36 wrappers
Task flag set to 1: 36/36 wrappers
Epoch 5/5 | Batch 1948/2000 | Step 9948 | BCE 0.021558 | FTC 1.374441 | Total 1.395999
Task flag set to 0: 36/36 wrappers
Task flag set to 1: 36/36 wrappers
Epoch 5/5 | Batch 1949/2000 | Step 9949 | BCE 0.017549 | FTC 1.022347 | Total 1.039897
Task flag set to 0: 36/36 wrappers
Task flag set to 1: 36/36 wrappers
Epoch 5/5 | Batch 1950/2000 | Step 9950 | BCE 0.411309 | FTC 0.896785 | Total 1.308094
Task flag set to 0: 36/36 wrappers
Task flag set to 1: 36/36 wrappers
Epoch 5/5 | Batch 1951/2000 | Step 9951 | BCE 0.918523 | FTC 1.239141 | Total 2.157664
Task flag set to 0: 36/36 wrappers
Task flag set to 1: 36/36 wrappers
Epoch 5/5 | Batch 1952/2000 | Step 9952 | BCE 0.041591 | FTC 1.236869 | Total 1.278459
Task flag set to 0: 36/36 wrappers
Task flag set to 1: 36/36 wrappers
Epoch 5/5 | Batch 1953/2000 | Step 9953 | BCE 1.000348 | FTC 1.442582 | Total 2.442930
Task flag set to 0: 36/36 wrappers
Task flag set to 1: 36/36 wrappers
Epoch 5/5 | Batch 1954/2000 | Step 9954 | BCE 0.898614 | FTC 2.332020 | Total 3.230635
Task flag set to 0: 36/36 wrappers
Task flag set to 1: 36/36 wrappers
Epoch 5/5 | Batch 1955/2000 | Step 9955 | BCE 0.260544 | FTC 1.071597 | Total 1.332140
Task flag set to 0: 36/36 wrappers
Task flag set to 1: 36/36 wrappers
Epoch 5/5 | Batch 1956/2000 | Step 9956 | BCE 0.033951 | FTC 1.893016 | Total 1.926967
Task flag set to 0: 36/36 wrappers
Task flag set to 1: 36/36 wrappers
Epoch 5/5 | Batch 1957/2000 | Step 9957 | BCE 0.525612 | FTC 1.523585 | Total 2.049197
Task flag set to 0: 36/36 wrappers
Task flag set to 1: 36/36 wrappers
Epoch 5/5 | Batch 1958/2000 | Step 9958 | BCE 0.032724 | FTC 1.605790 | Total 1.638514
Task flag set to 0: 36/36 wrappers
Task flag set to 1: 36/36 wrappers
Epoch 5/5 | Batch 1959/2000 | Step 9959 | BCE 0.072973 | FTC 1.745255 | Total 1.818228
Task flag set to 0: 36/36 wrappers
Task flag set to 1: 36/36 wrappers
Epoch 5/5 | Batch 1960/2000 | Step 9960 | BCE 0.130072 | FTC 1.709610 | Total 1.839683
Task flag set to 0: 36/36 wrappers
Task flag set to 1: 36/36 wrappers
Epoch 5/5 | Batch 1961/2000 | Step 9961 | BCE 0.208355 | FTC 1.242517 | Total 1.450872
Task flag set to 0: 36/36 wrappers
Task flag set to 1: 36/36 wrappers
Epoch 5/5 | Batch 1962/2000 | Step 9962 | BCE 0.862877 | FTC 1.292335 | Total 2.155212
Task flag set to 0: 36/36 wrappers
Task flag set to 1: 36/36 wrappers
Epoch 5/5 | Batch 1963/2000 | Step 9963 | BCE 0.052203 | FTC 1.324495 | Total 1.376697
Task flag set to 0: 36/36 wrappers
Task flag set to 1: 36/36 wrappers
Epoch 5/5 | Batch 1964/2000 | Step 9964 | BCE 0.120234 | FTC 1.617339 | Total 1.737573
Task flag set to 0: 36/36 wrappers
Task flag set to 1: 36/36 wrappers
Epoch 5/5 | Batch 1965/2000 | Step 9965 | BCE 0.318385 | FTC 1.384000 | Total 1.702385
Task flag set to 0: 36/36 wrappers
Task flag set to 1: 36/36 wrappers
Epoch 5/5 | Batch 1966/2000 | Step 9966 | BCE 0.194931 | FTC 2.385167 | Total 2.580097
Task flag set to 0: 36/36 wrappers
Task flag set to 1: 36/36 wrappers
Epoch 5/5 | Batch 1967/2000 | Step 9967 | BCE 0.055418 | FTC 1.957935 | Total 2.013353
Task flag set to 0: 36/36 wrappers
Task flag set to 1: 36/36 wrappers
Epoch 5/5 | Batch 1968/2000 | Step 9968 | BCE 0.070660 | FTC 1.763044 | Total 1.833704
Task flag set to 0: 36/36 wrappers
Task flag set to 1: 36/36 wrappers
Epoch 5/5 | Batch 1969/2000 | Step 9969 | BCE 0.059783 | FTC 1.362468 | Total 1.422251
Task flag set to 0: 36/36 wrappers
Task flag set to 1: 36/36 wrappers
Epoch 5/5 | Batch 1970/2000 | Step 9970 | BCE 0.243675 | FTC 1.791886 | Total 2.035562
Task flag set to 0: 36/36 wrappers
Task flag set to 1: 36/36 wrappers
Epoch 5/5 | Batch 1971/2000 | Step 9971 | BCE 0.693261 | FTC 1.275003 | Total 1.968264
Task flag set to 0: 36/36 wrappers
Task flag set to 1: 36/36 wrappers
Epoch 5/5 | Batch 1972/2000 | Step 9972 | BCE 0.214973 | FTC 1.031938 | Total 1.246911
Task flag set to 0: 36/36 wrappers
Task flag set to 1: 36/36 wrappers
Epoch 5/5 | Batch 1973/2000 | Step 9973 | BCE 1.313501 | FTC 1.672505 | Total 2.986005
Task flag set to 0: 36/36 wrappers
Task flag set to 1: 36/36 wrappers
Epoch 5/5 | Batch 1974/2000 | Step 9974 | BCE 0.546629 | FTC 1.798918 | Total 2.345547
Task flag set to 0: 36/36 wrappers
Task flag set to 1: 36/36 wrappers
Epoch 5/5 | Batch 1975/2000 | Step 9975 | BCE 0.102115 | FTC 1.477548 | Total 1.579664
Task flag set to 0: 36/36 wrappers
Task flag set to 1: 36/36 wrappers
Epoch 5/5 | Batch 1976/2000 | Step 9976 | BCE 1.640679 | FTC 1.127821 | Total 2.768500
Task flag set to 0: 36/36 wrappers
Task flag set to 1: 36/36 wrappers
Epoch 5/5 | Batch 1977/2000 | Step 9977 | BCE 1.386206 | FTC 1.723505 | Total 3.109711
Task flag set to 0: 36/36 wrappers
Task flag set to 1: 36/36 wrappers
Epoch 5/5 | Batch 1978/2000 | Step 9978 | BCE 0.145886 | FTC 1.877647 | Total 2.023533
Task flag set to 0: 36/36 wrappers
Task flag set to 1: 36/36 wrappers
Epoch 5/5 | Batch 1979/2000 | Step 9979 | BCE 0.372747 | FTC 2.191159 | Total 2.563906
Task flag set to 0: 36/36 wrappers
Task flag set to 1: 36/36 wrappers
Epoch 5/5 | Batch 1980/2000 | Step 9980 | BCE 0.060315 | FTC 1.691010 | Total 1.751325
Task flag set to 0: 36/36 wrappers
Task flag set to 1: 36/36 wrappers
Epoch 5/5 | Batch 1981/2000 | Step 9981 | BCE 0.502403 | FTC 1.333827 | Total 1.836230
Task flag set to 0: 36/36 wrappers
Task flag set to 1: 36/36 wrappers
Epoch 5/5 | Batch 1982/2000 | Step 9982 | BCE 1.696045 | FTC 2.582384 | Total 4.278429
Task flag set to 0: 36/36 wrappers
Task flag set to 1: 36/36 wrappers
Epoch 5/5 | Batch 1983/2000 | Step 9983 | BCE 0.192146 | FTC 1.810057 | Total 2.002203
Task flag set to 0: 36/36 wrappers
Task flag set to 1: 36/36 wrappers
Epoch 5/5 | Batch 1984/2000 | Step 9984 | BCE 0.049158 | FTC 1.826332 | Total 1.875491
Task flag set to 0: 36/36 wrappers
Task flag set to 1: 36/36 wrappers
Epoch 5/5 | Batch 1985/2000 | Step 9985 | BCE 0.210711 | FTC 1.776388 | Total 1.987098
Task flag set to 0: 36/36 wrappers
Task flag set to 1: 36/36 wrappers
Epoch 5/5 | Batch 1986/2000 | Step 9986 | BCE 0.049115 | FTC 1.652642 | Total 1.701757
Task flag set to 0: 36/36 wrappers
Task flag set to 1: 36/36 wrappers
Epoch 5/5 | Batch 1987/2000 | Step 9987 | BCE 0.546555 | FTC 1.669760 | Total 2.216315
Task flag set to 0: 36/36 wrappers
Task flag set to 1: 36/36 wrappers
Epoch 5/5 | Batch 1988/2000 | Step 9988 | BCE 0.198742 | FTC 0.956535 | Total 1.155277
Task flag set to 0: 36/36 wrappers
Task flag set to 1: 36/36 wrappers
Epoch 5/5 | Batch 1989/2000 | Step 9989 | BCE 1.399579 | FTC 2.139018 | Total 3.538597
Task flag set to 0: 36/36 wrappers
Task flag set to 1: 36/36 wrappers
Epoch 5/5 | Batch 1990/2000 | Step 9990 | BCE 0.174895 | FTC 0.983657 | Total 1.158552
Task flag set to 0: 36/36 wrappers
Task flag set to 1: 36/36 wrappers
Epoch 5/5 | Batch 1991/2000 | Step 9991 | BCE 0.964621 | FTC 0.756807 | Total 1.721429
Task flag set to 0: 36/36 wrappers
Task flag set to 1: 36/36 wrappers
Epoch 5/5 | Batch 1992/2000 | Step 9992 | BCE 0.781863 | FTC 1.577078 | Total 2.358941
Task flag set to 0: 36/36 wrappers
Task flag set to 1: 36/36 wrappers
Epoch 5/5 | Batch 1993/2000 | Step 9993 | BCE 0.441126 | FTC 1.619438 | Total 2.060564
Task flag set to 0: 36/36 wrappers
Task flag set to 1: 36/36 wrappers
Epoch 5/5 | Batch 1994/2000 | Step 9994 | BCE 0.051894 | FTC 0.877700 | Total 0.929594
Task flag set to 0: 36/36 wrappers
Task flag set to 1: 36/36 wrappers
Epoch 5/5 | Batch 1995/2000 | Step 9995 | BCE 0.838491 | FTC 1.534381 | Total 2.372872
Task flag set to 0: 36/36 wrappers
Task flag set to 1: 36/36 wrappers
Epoch 5/5 | Batch 1996/2000 | Step 9996 | BCE 0.273007 | FTC 1.466832 | Total 1.739839
Task flag set to 0: 36/36 wrappers
Task flag set to 1: 36/36 wrappers
Epoch 5/5 | Batch 1997/2000 | Step 9997 | BCE 0.139982 | FTC 0.178514 | Total 0.318496
Task flag set to 0: 36/36 wrappers
Task flag set to 1: 36/36 wrappers
Epoch 5/5 | Batch 1998/2000 | Step 9998 | BCE 0.112266 | FTC 0.155172 | Total 0.267438
Task flag set to 0: 36/36 wrappers
Task flag set to 1: 36/36 wrappers
Epoch 5/5 | Batch 1999/2000 | Step 9999 | BCE 0.344668 | FTC 1.257642 | Total 1.602310
Task flag set to 0: 36/36 wrappers
Task flag set to 1: 36/36 wrappers
Epoch 5/5 | Batch 2000/2000 | Step 10000 | BCE 0.474832 | FTC 1.828665 | Total 2.303497
Task flag set to 0: 36/36 wrappers
Task flag set to 1: 36/36 wrappers
Task flag set to 0: 36/36 wrappers
Task flag set to 1: 36/36 wrappers
Task flag set to 0: 36/36 wrappers
Task flag set to 1: 36/36 wrappers
Task flag set to 0: 36/36 wrappers
Task flag set to 1: 36/36 wrappers
Task flag set to 0: 36/36 wrappers
Task flag set to 1: 36/36 wrappers
Task flag set to 0: 36/36 wrappers
Task flag set to 1: 36/36 wrappers
Task flag set to 0: 36/36 wrappers
Task flag set to 1: 36/36 wrappers
Task flag set to 0: 36/36 wrappers
Task flag set to 1: 36/36 wrappers
Task flag set to 0: 36/36 wrappers
Task flag set to 1: 36/36 wrappers
Task flag set to 0: 36/36 wrappers
Task flag set to 1: 36/36 wrappers
Task flag set to 0: 36/36 wrappers
Task flag set to 1: 36/36 wrappers
Task flag set to 0: 36/36 wrappers
Task flag set to 1: 36/36 wrappers
Task flag set to 0: 36/36 wrappers
Task flag set to 1: 36/36 wrappers
Task flag set to 0: 36/36 wrappers
Task flag set to 1: 36/36 wrappers
Task flag set to 0: 36/36 wrappers
Task flag set to 1: 36/36 wrappers
Task flag set to 0: 36/36 wrappers
Task flag set to 1: 36/36 wrappers
Task flag set to 0: 36/36 wrappers
Task flag set to 1: 36/36 wrappers
Task flag set to 0: 36/36 wrappers
Task flag set to 1: 36/36 wrappers
Task flag set to 0: 36/36 wrappers
Task flag set to 1: 36/36 wrappers
Task flag set to 0: 36/36 wrappers
Task flag set to 1: 36/36 wrappers
Task flag set to 0: 36/36 wrappers
Task flag set to 1: 36/36 wrappers
Task flag set to 0: 36/36 wrappers
Task flag set to 1: 36/36 wrappers
Task flag set to 0: 36/36 wrappers
Task flag set to 1: 36/36 wrappers
Task flag set to 0: 36/36 wrappers
Task flag set to 1: 36/36 wrappers
Task flag set to 0: 36/36 wrappers
Task flag set to 1: 36/36 wrappers
Task flag set to 0: 36/36 wrappers
Task flag set to 1: 36/36 wrappers
Task flag set to 0: 36/36 wrappers
Task flag set to 1: 36/36 wrappers
Task flag set to 0: 36/36 wrappers
Task flag set to 1: 36/36 wrappers
Task flag set to 0: 36/36 wrappers
Task flag set to 1: 36/36 wrappers
Task flag set to 0: 36/36 wrappers
Task flag set to 1: 36/36 wrappers
Task flag set to 0: 36/36 wrappers
Task flag set to 1: 36/36 wrappers
Task flag set to 0: 36/36 wrappers
Task flag set to 1: 36/36 wrappers
Task flag set to 0: 36/36 wrappers
Task flag set to 1: 36/36 wrappers
Task flag set to 0: 36/36 wrappers
Task flag set to 1: 36/36 wrappers
Task flag set to 0: 36/36 wrappers
Task flag set to 1: 36/36 wrappers
Task flag set to 0: 36/36 wrappers
Task flag set to 1: 36/36 wrappers
Task flag set to 0: 36/36 wrappers
Task flag set to 1: 36/36 wrappers
Task flag set to 0: 36/36 wrappers
Task flag set to 1: 36/36 wrappers
Task flag set to 0: 36/36 wrappers
Task flag set to 1: 36/36 wrappers
Task flag set to 0: 36/36 wrappers
Task flag set to 1: 36/36 wrappers
Task flag set to 0: 36/36 wrappers
Task flag set to 1: 36/36 wrappers
Task flag set to 0: 36/36 wrappers
Task flag set to 1: 36/36 wrappers
Task flag set to 0: 36/36 wrappers
Task flag set to 1: 36/36 wrappers
Task flag set to 0: 36/36 wrappers
Task flag set to 1: 36/36 wrappers
Task flag set to 0: 36/36 wrappers
Task flag set to 1: 36/36 wrappers
Task flag set to 0: 36/36 wrappers
Task flag set to 1: 36/36 wrappers
Task flag set to 0: 36/36 wrappers
Task flag set to 1: 36/36 wrappers
Task flag set to 0: 36/36 wrappers
Task flag set to 1: 36/36 wrappers
Task flag set to 0: 36/36 wrappers
Task flag set to 1: 36/36 wrappers
Task flag set to 0: 36/36 wrappers
Task flag set to 1: 36/36 wrappers
Task flag set to 0: 36/36 wrappers
Task flag set to 1: 36/36 wrappers
Task flag set to 0: 36/36 wrappers
Task flag set to 1: 36/36 wrappers
Task flag set to 0: 36/36 wrappers
Task flag set to 1: 36/36 wrappers
Task flag set to 0: 36/36 wrappers
Task flag set to 1: 36/36 wrappers
Task flag set to 0: 36/36 wrappers
Task flag set to 1: 36/36 wrappers
Task flag set to 0: 36/36 wrappers
Task flag set to 1: 36/36 wrappers
Task flag set to 0: 36/36 wrappers
Task flag set to 1: 36/36 wrappers
Task flag set to 0: 36/36 wrappers
Task flag set to 1: 36/36 wrappers
Task flag set to 0: 36/36 wrappers
Task flag set to 1: 36/36 wrappers
Task flag set to 0: 36/36 wrappers
Task flag set to 1: 36/36 wrappers
Task flag set to 0: 36/36 wrappers
Task flag set to 1: 36/36 wrappers
Task flag set to 0: 36/36 wrappers
Task flag set to 1: 36/36 wrappers
Task flag set to 0: 36/36 wrappers
Task flag set to 1: 36/36 wrappers
Task flag set to 0: 36/36 wrappers
Task flag set to 1: 36/36 wrappers
Task flag set to 0: 36/36 wrappers
Task flag set to 1: 36/36 wrappers
Task flag set to 0: 36/36 wrappers
Task flag set to 1: 36/36 wrappers
Task flag set to 0: 36/36 wrappers
Task flag set to 1: 36/36 wrappers
Task flag set to 0: 36/36 wrappers
Task flag set to 1: 36/36 wrappers
Task flag set to 0: 36/36 wrappers
Task flag set to 1: 36/36 wrappers
Task flag set to 0: 36/36 wrappers
Task flag set to 1: 36/36 wrappers
Task flag set to 0: 36/36 wrappers
Task flag set to 1: 36/36 wrappers
Task flag set to 0: 36/36 wrappers
Task flag set to 1: 36/36 wrappers
Task flag set to 0: 36/36 wrappers
Task flag set to 1: 36/36 wrappers
Task flag set to 0: 36/36 wrappers
Task flag set to 1: 36/36 wrappers
Task flag set to 0: 36/36 wrappers
Task flag set to 1: 36/36 wrappers
Task flag set to 0: 36/36 wrappers
Task flag set to 1: 36/36 wrappers
Task flag set to 0: 36/36 wrappers
Task flag set to 1: 36/36 wrappers
Task flag set to 0: 36/36 wrappers
Task flag set to 1: 36/36 wrappers
Task flag set to 0: 36/36 wrappers
Task flag set to 1: 36/36 wrappers
Task flag set to 0: 36/36 wrappers
Task flag set to 1: 36/36 wrappers
Task flag set to 0: 36/36 wrappers
Task flag set to 1: 36/36 wrappers
Task flag set to 0: 36/36 wrappers
Task flag set to 1: 36/36 wrappers
Task flag set to 0: 36/36 wrappers
Task flag set to 1: 36/36 wrappers
Task flag set to 0: 36/36 wrappers
Task flag set to 1: 36/36 wrappers
Task flag set to 0: 36/36 wrappers
Task flag set to 1: 36/36 wrappers
Task flag set to 0: 36/36 wrappers
Task flag set to 1: 36/36 wrappers
Task flag set to 0: 36/36 wrappers
Task flag set to 1: 36/36 wrappers
Task flag set to 0: 36/36 wrappers
Task flag set to 1: 36/36 wrappers
Task flag set to 0: 36/36 wrappers
Task flag set to 1: 36/36 wrappers
Task flag set to 0: 36/36 wrappers
Task flag set to 1: 36/36 wrappers
Task flag set to 0: 36/36 wrappers
Task flag set to 1: 36/36 wrappers
Task flag set to 0: 36/36 wrappers
Task flag set to 1: 36/36 wrappers
Task flag set to 0: 36/36 wrappers
Task flag set to 1: 36/36 wrappers
Task flag set to 0: 36/36 wrappers
Task flag set to 1: 36/36 wrappers
Task flag set to 0: 36/36 wrappers
Task flag set to 1: 36/36 wrappers
Task flag set to 0: 36/36 wrappers
Task flag set to 1: 36/36 wrappers
Task flag set to 0: 36/36 wrappers
Task flag set to 1: 36/36 wrappers
Task flag set to 0: 36/36 wrappers
Task flag set to 1: 36/36 wrappers
Task flag set to 0: 36/36 wrappers
Task flag set to 1: 36/36 wrappers
Task flag set to 0: 36/36 wrappers
Task flag set to 1: 36/36 wrappers
Task flag set to 0: 36/36 wrappers
Task flag set to 1: 36/36 wrappers
Task flag set to 0: 36/36 wrappers
Task flag set to 1: 36/36 wrappers
Task flag set to 0: 36/36 wrappers
Task flag set to 1: 36/36 wrappers
Task flag set to 0: 36/36 wrappers
Task flag set to 1: 36/36 wrappers
Task flag set to 0: 36/36 wrappers
Task flag set to 1: 36/36 wrappers
Task flag set to 0: 36/36 wrappers
Task flag set to 1: 36/36 wrappers
Task flag set to 0: 36/36 wrappers
Task flag set to 1: 36/36 wrappers
Task flag set to 0: 36/36 wrappers
Task flag set to 1: 36/36 wrappers
Task flag set to 0: 36/36 wrappers
Task flag set to 1: 36/36 wrappers
Task flag set to 0: 36/36 wrappers
Task flag set to 1: 36/36 wrappers
Task flag set to 0: 36/36 wrappers
Task flag set to 1: 36/36 wrappers
Task flag set to 0: 36/36 wrappers
Task flag set to 1: 36/36 wrappers
Task flag set to 0: 36/36 wrappers
Task flag set to 1: 36/36 wrappers
Task flag set to 0: 36/36 wrappers
Task flag set to 1: 36/36 wrappers
Task flag set to 0: 36/36 wrappers
Task flag set to 1: 36/36 wrappers
Task flag set to 0: 36/36 wrappers
Task flag set to 1: 36/36 wrappers
Task flag set to 0: 36/36 wrappers
Task flag set to 1: 36/36 wrappers
Task flag set to 0: 36/36 wrappers
Task flag set to 1: 36/36 wrappers
Task flag set to 0: 36/36 wrappers
Task flag set to 1: 36/36 wrappers
Task flag set to 0: 36/36 wrappers
Task flag set to 1: 36/36 wrappers
Task flag set to 0: 36/36 wrappers
Task flag set to 1: 36/36 wrappers
Task flag set to 0: 36/36 wrappers
Task flag set to 1: 36/36 wrappers
Task flag set to 0: 36/36 wrappers
Task flag set to 1: 36/36 wrappers
Task flag set to 0: 36/36 wrappers
Task flag set to 1: 36/36 wrappers
Task flag set to 0: 36/36 wrappers
Task flag set to 1: 36/36 wrappers
Task flag set to 0: 36/36 wrappers
Task flag set to 1: 36/36 wrappers
Task flag set to 0: 36/36 wrappers
Task flag set to 1: 36/36 wrappers
Task flag set to 0: 36/36 wrappers
Task flag set to 1: 36/36 wrappers
Task flag set to 0: 36/36 wrappers
Task flag set to 1: 36/36 wrappers
Task flag set to 0: 36/36 wrappers
Task flag set to 1: 36/36 wrappers
Task flag set to 0: 36/36 wrappers
Task flag set to 1: 36/36 wrappers
Task flag set to 0: 36/36 wrappers
Task flag set to 1: 36/36 wrappers
Task flag set to 0: 36/36 wrappers
Task flag set to 1: 36/36 wrappers
Task flag set to 0: 36/36 wrappers
Task flag set to 1: 36/36 wrappers
Task flag set to 0: 36/36 wrappers
Task flag set to 1: 36/36 wrappers
Task flag set to 0: 36/36 wrappers
Task flag set to 1: 36/36 wrappers
Task flag set to 0: 36/36 wrappers
Task flag set to 1: 36/36 wrappers
Task flag set to 0: 36/36 wrappers
Task flag set to 1: 36/36 wrappers
Task flag set to 0: 36/36 wrappers
Task flag set to 1: 36/36 wrappers
Task flag set to 0: 36/36 wrappers
Task flag set to 1: 36/36 wrappers
Task flag set to 0: 36/36 wrappers
Task flag set to 1: 36/36 wrappers
Task flag set to 0: 36/36 wrappers
Task flag set to 1: 36/36 wrappers
Task flag set to 0: 36/36 wrappers
Task flag set to 1: 36/36 wrappers
Task flag set to 0: 36/36 wrappers
Task flag set to 1: 36/36 wrappers
Task flag set to 0: 36/36 wrappers
Task flag set to 1: 36/36 wrappers
Task flag set to 0: 36/36 wrappers
Task flag set to 1: 36/36 wrappers
Task flag set to 0: 36/36 wrappers
Task flag set to 1: 36/36 wrappers
Task flag set to 0: 36/36 wrappers
Task flag set to 1: 36/36 wrappers
Task flag set to 0: 36/36 wrappers
Task flag set to 1: 36/36 wrappers
Task flag set to 0: 36/36 wrappers
Task flag set to 1: 36/36 wrappers
Task flag set to 0: 36/36 wrappers
Task flag set to 1: 36/36 wrappers
Task flag set to 0: 36/36 wrappers
Task flag set to 1: 36/36 wrappers
Task flag set to 0: 36/36 wrappers
Task flag set to 1: 36/36 wrappers
Task flag set to 0: 36/36 wrappers
Task flag set to 1: 36/36 wrappers
Task flag set to 0: 36/36 wrappers
Task flag set to 1: 36/36 wrappers
Task flag set to 0: 36/36 wrappers
Task flag set to 1: 36/36 wrappers
Task flag set to 0: 36/36 wrappers
Task flag set to 1: 36/36 wrappers
Task flag set to 0: 36/36 wrappers
Task flag set to 1: 36/36 wrappers
Task flag set to 0: 36/36 wrappers
Task flag set to 1: 36/36 wrappers
Task flag set to 0: 36/36 wrappers
Task flag set to 1: 36/36 wrappers
Task flag set to 0: 36/36 wrappers
Task flag set to 1: 36/36 wrappers
Task flag set to 0: 36/36 wrappers
Task flag set to 1: 36/36 wrappers
Task flag set to 0: 36/36 wrappers
Task flag set to 1: 36/36 wrappers
Task flag set to 0: 36/36 wrappers
Task flag set to 1: 36/36 wrappers
Task flag set to 0: 36/36 wrappers
Task flag set to 1: 36/36 wrappers
Task flag set to 0: 36/36 wrappers
Task flag set to 1: 36/36 wrappers
Task flag set to 0: 36/36 wrappers
Task flag set to 1: 36/36 wrappers
Task flag set to 0: 36/36 wrappers
Task flag set to 1: 36/36 wrappers
Task flag set to 0: 36/36 wrappers
Task flag set to 1: 36/36 wrappers
Task flag set to 0: 36/36 wrappers
Task flag set to 1: 36/36 wrappers
Task flag set to 0: 36/36 wrappers
Task flag set to 1: 36/36 wrappers
Task flag set to 0: 36/36 wrappers
Task flag set to 1: 36/36 wrappers
Task flag set to 0: 36/36 wrappers
Task flag set to 1: 36/36 wrappers
Task flag set to 0: 36/36 wrappers
Task flag set to 1: 36/36 wrappers
Task flag set to 0: 36/36 wrappers
Task flag set to 1: 36/36 wrappers
Task flag set to 0: 36/36 wrappers
Task flag set to 1: 36/36 wrappers
Task flag set to 0: 36/36 wrappers
Task flag set to 1: 36/36 wrappers
Task flag set to 0: 36/36 wrappers
Task flag set to 1: 36/36 wrappers
Task flag set to 0: 36/36 wrappers
Task flag set to 1: 36/36 wrappers
Task flag set to 0: 36/36 wrappers
Task flag set to 1: 36/36 wrappers
Task flag set to 0: 36/36 wrappers
Task flag set to 1: 36/36 wrappers
Task flag set to 0: 36/36 wrappers
Task flag set to 1: 36/36 wrappers
Task flag set to 0: 36/36 wrappers
Task flag set to 1: 36/36 wrappers
Task flag set to 0: 36/36 wrappers
Task flag set to 1: 36/36 wrappers
Task flag set to 0: 36/36 wrappers
Task flag set to 1: 36/36 wrappers
Task flag set to 0: 36/36 wrappers
Task flag set to 1: 36/36 wrappers
Task flag set to 0: 36/36 wrappers
Task flag set to 1: 36/36 wrappers
Task flag set to 0: 36/36 wrappers
Task flag set to 1: 36/36 wrappers
Task flag set to 0: 36/36 wrappers
Task flag set to 1: 36/36 wrappers
Task flag set to 0: 36/36 wrappers
Task flag set to 1: 36/36 wrappers
Task flag set to 0: 36/36 wrappers
Task flag set to 1: 36/36 wrappers
Task flag set to 0: 36/36 wrappers
Task flag set to 1: 36/36 wrappers
Task flag set to 0: 36/36 wrappers
Task flag set to 1: 36/36 wrappers
Task flag set to 0: 36/36 wrappers
Task flag set to 1: 36/36 wrappers
Task flag set to 0: 36/36 wrappers
Task flag set to 1: 36/36 wrappers
Task flag set to 0: 36/36 wrappers
Task flag set to 1: 36/36 wrappers
Task flag set to 0: 36/36 wrappers
Task flag set to 1: 36/36 wrappers
Task flag set to 0: 36/36 wrappers
Task flag set to 1: 36/36 wrappers
Task flag set to 0: 36/36 wrappers
Task flag set to 1: 36/36 wrappers
Task flag set to 0: 36/36 wrappers
Task flag set to 1: 36/36 wrappers
Task flag set to 0: 36/36 wrappers
Task flag set to 1: 36/36 wrappers
Task flag set to 0: 36/36 wrappers
Task flag set to 1: 36/36 wrappers
Task flag set to 0: 36/36 wrappers
Task flag set to 1: 36/36 wrappers
Task flag set to 0: 36/36 wrappers
Task flag set to 1: 36/36 wrappers
Task flag set to 0: 36/36 wrappers
Task flag set to 1: 36/36 wrappers
Task flag set to 0: 36/36 wrappers
Task flag set to 1: 36/36 wrappers
Task flag set to 0: 36/36 wrappers
Task flag set to 1: 36/36 wrappers
Task flag set to 0: 36/36 wrappers
Task flag set to 1: 36/36 wrappers
Task flag set to 0: 36/36 wrappers
Task flag set to 1: 36/36 wrappers
Task flag set to 0: 36/36 wrappers
Task flag set to 1: 36/36 wrappers
Task flag set to 0: 36/36 wrappers
Task flag set to 1: 36/36 wrappers
Task flag set to 0: 36/36 wrappers
Task flag set to 1: 36/36 wrappers
Task flag set to 0: 36/36 wrappers
Task flag set to 1: 36/36 wrappers
Task flag set to 0: 36/36 wrappers
Task flag set to 1: 36/36 wrappers
Task flag set to 0: 36/36 wrappers
Task flag set to 1: 36/36 wrappers
Task flag set to 0: 36/36 wrappers
Task flag set to 1: 36/36 wrappers
Task flag set to 0: 36/36 wrappers
Task flag set to 1: 36/36 wrappers
Task flag set to 0: 36/36 wrappers
Task flag set to 1: 36/36 wrappers
Task flag set to 0: 36/36 wrappers
Task flag set to 1: 36/36 wrappers
Task flag set to 0: 36/36 wrappers
Task flag set to 1: 36/36 wrappers
Task flag set to 0: 36/36 wrappers
Task flag set to 1: 36/36 wrappers
Task flag set to 0: 36/36 wrappers
Task flag set to 1: 36/36 wrappers
Task flag set to 0: 36/36 wrappers
Task flag set to 1: 36/36 wrappers
Task flag set to 0: 36/36 wrappers
Task flag set to 1: 36/36 wrappers
Task flag set to 0: 36/36 wrappers
Task flag set to 1: 36/36 wrappers
Task flag set to 0: 36/36 wrappers
Task flag set to 1: 36/36 wrappers
Task flag set to 0: 36/36 wrappers
Task flag set to 1: 36/36 wrappers
Task flag set to 0: 36/36 wrappers
Task flag set to 1: 36/36 wrappers
Task flag set to 0: 36/36 wrappers
Task flag set to 1: 36/36 wrappers
Task flag set to 0: 36/36 wrappers
Task flag set to 1: 36/36 wrappers
Task flag set to 0: 36/36 wrappers
Task flag set to 1: 36/36 wrappers
Task flag set to 0: 36/36 wrappers
Task flag set to 1: 36/36 wrappers
Task flag set to 0: 36/36 wrappers
Task flag set to 1: 36/36 wrappers
Task flag set to 0: 36/36 wrappers
Task flag set to 1: 36/36 wrappers
Task flag set to 0: 36/36 wrappers
Task flag set to 1: 36/36 wrappers
Task flag set to 0: 36/36 wrappers
Task flag set to 1: 36/36 wrappers
Task flag set to 0: 36/36 wrappers
Task flag set to 1: 36/36 wrappers
Task flag set to 0: 36/36 wrappers
Task flag set to 1: 36/36 wrappers
Task flag set to 0: 36/36 wrappers
Task flag set to 1: 36/36 wrappers
Task flag set to 0: 36/36 wrappers
Task flag set to 1: 36/36 wrappers
Task flag set to 0: 36/36 wrappers
Task flag set to 1: 36/36 wrappers
Task flag set to 0: 36/36 wrappers
Task flag set to 1: 36/36 wrappers
Task flag set to 0: 36/36 wrappers
Task flag set to 1: 36/36 wrappers
Task flag set to 0: 36/36 wrappers
Task flag set to 1: 36/36 wrappers
Task flag set to 0: 36/36 wrappers
Task flag set to 1: 36/36 wrappers
Task flag set to 0: 36/36 wrappers
Task flag set to 1: 36/36 wrappers
Task flag set to 0: 36/36 wrappers
Task flag set to 1: 36/36 wrappers
Task flag set to 0: 36/36 wrappers
Task flag set to 1: 36/36 wrappers
Task flag set to 0: 36/36 wrappers
Task flag set to 1: 36/36 wrappers
Task flag set to 0: 36/36 wrappers
Task flag set to 1: 36/36 wrappers
Epoch 5/5 summary | Train Loss 1.858095 | Val Loss 1.975060 | Val AUC 0.878700
New best validation AUC: 0.878700 | Checkpoint: checkpoints/cp16/cp16_best_auc.pt
Task flag set to 0: 36/36 wrappers
Task flag set to 0: 36/36 wrappers
Task flag set to 0: 36/36 wrappers

CP16 final results:
Epochs completed: 5
Global steps: 10000
Best validation AUC: 0.8787
Final validation AUC: 0.8787
Final training loss: 1.8580948934555053
Final validation loss: 1.9750600521564483

CP16 checkpoints:
Best-AUC checkpoint: checkpoints/cp16/cp16_best_auc.pt
Final checkpoint: checkpoints/cp16/cp16_final.pt
Checkpoint save: PASS
Validation AUC tracking: PASS
CP16 COMPLETE
